review_id,order_id,customer_id,restaurant_id,review_text,rating,review_timestamp
REV-000003,ORD-20251210-671747,CUST-10888,REST-MUM-001,Enjoyed the Chicken Seekh Kebab and Sweet Lassi! Chicken Seekh Kebab was very good. Portion sizes were generous. Recommend!,4,2025-12-11T11:48:03.930309
REV-000004,ORD-20251210-165041,CUST-10902,REST-DEL-001,Not bad  not great. Chicken Tikka Masala  Chicken 65  Gajar Halwa  and Chicken Biryani were edible. Chicken Biryani needed more seasoning.,3,2025-12-11T12:37:33.930309
REV-000007,ORD-20251210-822937,CUST-10314,REST-DEL-001,Outstanding experience! The Dal Makhani  Lamb Rogan Josh  Chicken 65  Garlic Naan  and Mango Lassi exceeded all expectations. Dal Makhani was the star of the meal. Will definitely order again!,5,2025-12-11T16:00:23.930309
REV-000020,ORD-20251211-249022,CUST-10549,REST-MUM-002,Pleasant meal! Fish Curry  Rasmalai (2 pcs)  and Lamb Rogan Josh arrived warm. Rasmalai (2 pcs) was tasty though not exceptional. Would order again.,4,2025-12-12T13:03:24.930309
REV-000011,ORD-20251210-762772,CUST-10340,REST-DEL-001,Great food overall. Tandoori Roti and Lamb Rogan Josh were tasty  especially the Lamb Rogan Josh. Would order again!,4,2025-12-12T20:40:53.930309
REV-000001,ORD-20251210-308273,CUST-10887,REST-DEL-002,Wow! Just wow! Lamb Rogan Josh were all fantastic. Lamb Rogan Josh was particularly memorable. Can't wait to order again!,5,2025-12-13T11:39:03.930309
REV-000017,ORD-20251211-157915,CUST-10620,REST-DEL-002,Perfect in every way! Dal Makhani  Naan  Aloo Tikki Chaat  and Paneer Butter Masala were all excellent. Paneer Butter Masala stood out with its rich  authentic taste.,5,2025-12-13T12:27:03.930309
REV-000027,ORD-20251211-252159,CUST-10462,REST-DEL-002,Mediocre. Jeera Rice  Samosa (2 pcs)  Paneer Butter Masala  Sweet Lassi  and Garlic Naan were fine but forgettable. Sweet Lassi didn't stand out.,3,2025-12-13T16:02:52.930309
REV-000009,ORD-20251210-902225,CUST-10251,REST-MUM-001,Absolutely amazing Aloo Tikki Chaat  Lamb Rogan Josh  Paneer Butter Masala  and Jeera Rice! The Paneer Butter Masala was cooked to perfection. Fresh ingredients and authentic flavors. Highly recommend!,5,2025-12-13T18:04:26.930309
REV-000028,ORD-20251211-932623,CUST-10327,REST-MUM-002,Really good Lamb Rogan Josh! The Lamb Rogan Josh was delicious. Slight delay in delivery but food quality made up for it.,4,2025-12-13T18:33:41.930309
REV-000032,ORD-20251211-179624,CUST-10648,REST-DEL-002,Enjoyed the Chole Bhature  Gulab Jamun (2 pcs)  and Garlic Naan! Chole Bhature was very good. Portion sizes were generous. Recommend!,4,2025-12-13T21:56:00.930309
REV-000034,ORD-20251211-846780,CUST-10054,REST-DEL-002,Really good Aloo Tikki Chaat  Naan  Butter Chicken  Chicken Tikka Masala  and Butter Naan! The Chicken Tikka Masala was delicious. Slight delay in delivery but food quality made up for it.,4,2025-12-13T22:31:05.930309
REV-000015,ORD-20251211-562590,CUST-10683,REST-BLR-001,Wow! Just wow! Jeera Rice  Naan  Chicken Biryani  Dal Makhani  and Fish Curry were all fantastic. Fish Curry was particularly memorable. Can't wait to order again!,5,2025-12-14T10:26:15.930309
REV-000002,ORD-20251210-343212,CUST-10066,REST-DEL-002,It was okay. Paneer Butter Masala  Fish Curry  Chole Bhature  and Aloo Tikki Chaat arrived lukewarm. Fish Curry tasted fine but could be better.,3,2025-12-14T11:40:14.930309
REV-000018,ORD-20251211-239433,CUST-10093,REST-DEL-002,Pleasant meal! Chicken 65 arrived warm. Chicken 65 was tasty though not exceptional. Would order again.,4,2025-12-14T12:48:14.930309
REV-000005,ORD-20251210-126384,CUST-10184,REST-MUM-001,Terrible experience! Butter Naan and Kulfi were all inedible. Kulfi was completely burnt. Waste of money!,1,2025-12-14T13:06:04.930309
REV-000038,ORD-20251212-504589,CUST-10780,REST-MUM-001,Outstanding experience! The Chole Bhature and Chicken 65 exceeded all expectations. Chole Bhature was the star of the meal. Will definitely order again!,5,2025-12-14T16:35:57.930309
REV-000029,ORD-20251211-695681,CUST-10631,REST-MUM-001,Pleasant meal! Gajar Halwa and Masala Chai arrived warm. Gajar Halwa was tasty though not exceptional. Would order again.,4,2025-12-14T19:41:04.930309
REV-000010,ORD-20251210-741778,CUST-10397,REST-MUM-002,Solid experience. Dal Makhani were well-prepared. Dal Makhani had great flavor. Minor issues with packaging.,4,2025-12-14T19:55:19.930309
REV-000030,ORD-20251211-562252,CUST-10801,REST-MUM-002,Outstanding experience! The Aloo Tikki Chaat  Naan  Vegetable Biryani  and Sweet Lassi exceeded all expectations. Naan was the star of the meal. Will definitely order again!,5,2025-12-14T20:22:48.930309
REV-000044,ORD-20251213-169376,CUST-10108,REST-MUM-001,Good quality food. Butter Naan and Palak Paneer were nicely done. Palak Paneer could have been slightly spicier but still good!,4,2025-12-15T10:06:28.930309
REV-000016,ORD-20251211-656039,CUST-10900,REST-BLR-001,Good quality food. Paneer Butter Masala  Chicken 65  Butter Naan  and Chole Bhature were nicely done. Chole Bhature could have been slightly spicier but still good!,4,2025-12-15T11:00:43.930309
REV-000046,ORD-20251213-592531,CUST-10918,REST-MUM-002,Pleasant meal! Paneer Butter Masala and Gulab Jamun (2 pcs) arrived warm. Gulab Jamun (2 pcs) was tasty though not exceptional. Would order again.,4,2025-12-15T12:00:11.930309
REV-000035,ORD-20251212-523141,CUST-10704,REST-DEL-002,Mediocre. Gulab Jamun (2 pcs)  Kulfi  Samosa (2 pcs)  Gajar Halwa  and Butter Chicken were fine but forgettable. Butter Chicken didn't stand out.,3,2025-12-15T12:14:47.930309
REV-000019,ORD-20251211-732843,CUST-10788,REST-DEL-002,Hands down the best Dal Makhani I've ever had! Dal Makhani  Rasmalai (2 pcs)  and Jeera Rice were all prepared beautifully. Fresh and flavorful!,5,2025-12-15T12:53:28.930309
REV-000021,ORD-20251211-958123,CUST-10792,REST-DEL-001,Great food overall. Chicken 65 and Dal Makhani were tasty  especially the Chicken 65. Would order again!,4,2025-12-15T13:34:30.930309
REV-000023,ORD-20251211-186728,CUST-10046,REST-MUM-001,Not bad  not great. Dal Makhani  Butter Naan  and Paneer Tikka were edible. Butter Naan needed more seasoning.,3,2025-12-15T14:02:06.930309
REV-000026,ORD-20251211-485757,CUST-10479,REST-MUM-002,Best Indian food in UAE! Mango Lassi were incredible. Mango Lassi had the perfect balance of spices. Five stars!,5,2025-12-15T15:53:59.930309
REV-000065,ORD-20251214-225169,CUST-10906,REST-BLR-001,Not bad  not great. Gulab Jamun (2 pcs)  Chicken Seekh Kebab  Mango Lassi  Fresh Lime Soda  and Jeera Rice were edible. Jeera Rice needed more seasoning.,3,2025-12-15T17:54:08.930309
REV-000012,ORD-20251210-988783,CUST-10327,REST-MUM-002,Pleasant meal! Lamb Rogan Josh  Chicken Seekh Kebab  Malai Kofta  Butter Naan  and Rasmalai (2 pcs) arrived warm. Malai Kofta was tasty though not exceptional. Would order again.,4,2025-12-15T21:11:00.930309
REV-000043,ORD-20251212-451599,CUST-10759,REST-MUM-001,Really good Naan  Fish Curry  Dal Makhani  Gulab Jamun (2 pcs)  and Sweet Lassi! The Sweet Lassi was delicious. Slight delay in delivery but food quality made up for it.,4,2025-12-15T21:28:49.930309
REV-000031,ORD-20251211-454481,CUST-10593,REST-DEL-001,Good quality food. Garlic Naan  Sweet Lassi  Aloo Tikki Chaat  and Malai Kofta were nicely done. Aloo Tikki Chaat could have been slightly spicier but still good!,4,2025-12-15T21:34:03.930309
REV-000071,ORD-20251214-632354,CUST-10926,REST-DEL-002,Outstanding experience! The Garlic Naan  Lamb Rogan Josh  and Sweet Lassi exceeded all expectations. Lamb Rogan Josh was the star of the meal. Will definitely order again!,5,2025-12-15T21:56:12.930309
REV-000054,ORD-20251214-742391,CUST-10304,REST-BLR-001,Incredible meal! Samosa (2 pcs) arrived hot and fresh. The Samosa (2 pcs) was absolutely divine. Highly satisfied!,5,2025-12-16T10:49:41.930309
REV-000060,ORD-20251214-516983,CUST-10060,REST-BLR-001,Not bad  not great. Sweet Lassi  Chole Bhature  and Kulfi were edible. Kulfi needed more seasoning.,3,2025-12-16T12:16:30.930309
REV-000061,ORD-20251214-480302,CUST-10218,REST-BLR-001,Outstanding experience! The Sweet Lassi  Fish Curry  Mango Lassi  Dal Makhani  and Jeera Rice exceeded all expectations. Jeera Rice was the star of the meal. Will definitely order again!,5,2025-12-16T12:55:34.930309
REV-000040,ORD-20251212-668124,CUST-10336,REST-BLR-001,Best Indian food in UAE! Masala Chai and Chicken 65 were incredible. Chicken 65 had the perfect balance of spices. Five stars!,5,2025-12-16T18:58:39.930309
REV-000052,ORD-20251213-721271,CUST-10259,REST-MUM-002,Outstanding experience! The Garlic Naan  Samosa (2 pcs)  Butter Chicken  Jeera Rice  and Fish Curry exceeded all expectations. Samosa (2 pcs) was the star of the meal. Will definitely order again!,5,2025-12-16T22:23:56.930309
REV-000053,ORD-20251214-751536,CUST-10148,REST-MUM-001,Wow! Just wow! Chicken Seekh Kebab and Jeera Rice were all fantastic. Chicken Seekh Kebab was particularly memorable. Can't wait to order again!,5,2025-12-17T10:37:07.930309
REV-000045,ORD-20251213-208499,CUST-10088,REST-DEL-002,Mixed feelings. Jeera Rice  Tandoori Roti  Palak Paneer  Chole Bhature  and Rasmalai (2 pcs) were acceptable. Rasmalai (2 pcs) was decent but portion was small for the price.,3,2025-12-17T11:26:30.930309
REV-000055,ORD-20251214-484192,CUST-10169,REST-DEL-002,Unsatisfactory. Dal Makhani  Chicken Biryani  and Butter Chicken were not fresh. Dal Makhani tasted reheated. Won't order again.,2,2025-12-17T11:39:24.930309
REV-000056,ORD-20251214-164694,CUST-10110,REST-BLR-001,Not good. Masala Chai  Fresh Lime Soda  and Lamb Rogan Josh arrived late and cold. Masala Chai had barely any flavor. Poor quality.,2,2025-12-17T11:42:51.930309
REV-000059,ORD-20251214-568792,CUST-10809,REST-MUM-001,Perfect in every way! Kulfi  Chicken Seekh Kebab  and Sweet Lassi were all excellent. Sweet Lassi stood out with its rich  authentic taste.,5,2025-12-17T12:01:23.930309
REV-000074,ORD-20251215-767475,CUST-10305,REST-DEL-002,Incredible meal! Gajar Halwa arrived hot and fresh. The Gajar Halwa was absolutely divine. Highly satisfied!,5,2025-12-17T12:35:01.930309
REV-000093,ORD-20251216-443753,CUST-10618,REST-DEL-002,Enjoyed the Samosa (2 pcs)! Samosa (2 pcs) was very good. Portion sizes were generous. Recommend!,4,2025-12-17T12:57:11.930309
REV-000047,ORD-20251213-172982,CUST-10630,REST-DEL-001,Really good Tandoori Roti  Chicken Tikka Masala  and Jeera Rice! The Tandoori Roti was delicious. Slight delay in delivery but food quality made up for it.,4,2025-12-17T13:07:09.930309
REV-000006,ORD-20251210-374099,CUST-10812,REST-DEL-002,Good quality food. Kulfi  Vegetable Biryani  Gajar Halwa  Aloo Tikki Chaat  and Mango Lassi were nicely done. Vegetable Biryani could have been slightly spicier but still good!,4,2025-12-17T13:33:06.930309
REV-000076,ORD-20251215-965582,CUST-10132,REST-MUM-002,Really good Vegetable Biryani  Samosa (2 pcs)  Masala Chai  and Gajar Halwa! The Vegetable Biryani was delicious. Slight delay in delivery but food quality made up for it.,4,2025-12-17T14:07:37.930309
REV-000098,ORD-20251216-580054,CUST-10813,REST-DEL-001,Very satisfied! Samosa (2 pcs) and Paneer Tikka were fresh and flavorful. Samosa (2 pcs) was the standout dish.,4,2025-12-17T14:39:04.930309
REV-000077,ORD-20251215-547640,CUST-10033,REST-MUM-002,Not bad  not great. Fresh Lime Soda  Garlic Naan  Chole Bhature  Kulfi  and Paneer Tikka were edible. Chole Bhature needed more seasoning.,3,2025-12-17T14:42:57.930309
REV-000049,ORD-20251213-463188,CUST-10301,REST-BLR-001,Perfect in every way! Lamb Rogan Josh were all excellent. Lamb Rogan Josh stood out with its rich  authentic taste.,5,2025-12-17T15:44:19.930309
REV-000101,ORD-20251216-853650,CUST-10484,REST-MUM-002,Great food overall. Rasmalai (2 pcs)  Palak Paneer  Masala Chai  and Paneer Tikka were tasty  especially the Masala Chai. Would order again!,4,2025-12-17T16:30:20.930309
REV-000084,ORD-20251215-531774,CUST-10941,REST-DEL-002,Below expectations. Fish Curry  Dal Makhani  and Aloo Tikki Chaat were underwhelming. Aloo Tikki Chaat was overcooked and dry.,2,2025-12-17T16:36:12.930309
REV-000008,ORD-20251210-108474,CUST-10978,REST-DEL-002,Incredible meal! Lamb Rogan Josh  Aloo Tikki Chaat  Chole Bhature  and Fish Curry arrived hot and fresh. The Aloo Tikki Chaat was absolutely divine. Highly satisfied!,5,2025-12-17T17:33:32.930309
REV-000039,ORD-20251212-572817,CUST-10985,REST-DEL-002,Wow! Just wow! Chicken 65 were all fantastic. Chicken 65 was particularly memorable. Can't wait to order again!,5,2025-12-17T17:58:52.930309
REV-000069,ORD-20251214-766404,CUST-10611,REST-MUM-001,Great food overall. Naan  Sweet Lassi  Paneer Butter Masala  and Vegetable Biryani were tasty  especially the Vegetable Biryani. Would order again!,4,2025-12-17T21:13:16.930309
REV-000042,ORD-20251212-116652,CUST-10860,REST-DEL-001,Wow! Just wow! Garlic Naan and Dal Makhani were all fantastic. Dal Makhani was particularly memorable. Can't wait to order again!,5,2025-12-17T21:22:53.930309
REV-000107,ORD-20251216-807846,CUST-10602,REST-DEL-001,Perfect in every way! Garlic Naan  Naan  and Gajar Halwa were all excellent. Gajar Halwa stood out with its rich  authentic taste.,5,2025-12-17T22:04:32.930309
REV-000033,ORD-20251211-506695,CUST-10909,REST-MUM-001,Not good. Jeera Rice  Mango Lassi  Chicken 65  Gajar Halwa  and Chole Bhature arrived late and cold. Jeera Rice had barely any flavor. Poor quality.,2,2025-12-17T22:15:03.930309
REV-000013,ORD-20251210-219130,CUST-10048,REST-MUM-001,Good quality food. Lamb Rogan Josh and Samosa (2 pcs) were nicely done. Samosa (2 pcs) could have been slightly spicier but still good!,4,2025-12-17T22:19:54.930309
REV-000014,ORD-20251210-785306,CUST-10577,REST-BLR-001,Very satisfied! Chicken 65 and Butter Chicken were fresh and flavorful. Chicken 65 was the standout dish.,4,2025-12-17T22:53:09.930309
REV-000073,ORD-20251215-379465,CUST-10800,REST-DEL-002,Solid experience. Gajar Halwa were well-prepared. Gajar Halwa had great flavor. Minor issues with packaging.,4,2025-12-18T11:25:07.930309
REV-000057,ORD-20251214-365712,CUST-10124,REST-DEL-002,Absolutely amazing Gajar Halwa! The Gajar Halwa was cooked to perfection. Fresh ingredients and authentic flavors. Highly recommend!,5,2025-12-18T11:48:22.930309
REV-000113,ORD-20251217-893199,CUST-10259,REST-BLR-001,Unsatisfactory. Tandoori Roti and Chicken 65 were not fresh. Tandoori Roti tasted reheated. Won't order again.,2,2025-12-18T12:23:28.930309
REV-000116,ORD-20251217-209397,CUST-10026,REST-MUM-002,Disappointed with Butter Naan  Lamb Rogan Josh  and Tandoori Roti. Tandoori Roti was cold when it arrived. Not worth the money.,2,2025-12-18T13:09:10.930309
REV-000075,ORD-20251215-228383,CUST-10207,REST-DEL-002,Not bad  not great. Sweet Lassi were edible. Sweet Lassi needed more seasoning.,3,2025-12-18T13:18:09.930309
REV-000022,ORD-20251211-561128,CUST-10800,REST-DEL-001,Good quality food. Lamb Rogan Josh and Naan were nicely done. Lamb Rogan Josh could have been slightly spicier but still good!,4,2025-12-18T13:58:49.930309
REV-000036,ORD-20251212-101574,CUST-10669,REST-MUM-002,Very satisfied! Jeera Rice  Paneer Tikka  Kulfi  and Aloo Tikki Chaat were fresh and flavorful. Aloo Tikki Chaat was the standout dish.,4,2025-12-18T13:58:59.930309
REV-000037,ORD-20251212-700335,CUST-10352,REST-BLR-001,Decent food but nothing special. Masala Chai  Sweet Lassi  and Palak Paneer were okay. Masala Chai lacked the punch I expected.,3,2025-12-18T14:21:35.930309
REV-000024,ORD-20251211-897669,CUST-10984,REST-MUM-002,Expected better. Malai Kofta  Butter Chicken  and Sweet Lassi were subpar. Sweet Lassi was too oily and greasy. Stomach upset followed.,2,2025-12-18T15:32:14.930309
REV-000025,ORD-20251211-631342,CUST-10069,REST-DEL-001,Good quality food. Naan  Dal Makhani  and Aloo Tikki Chaat were nicely done. Aloo Tikki Chaat could have been slightly spicier but still good!,4,2025-12-18T15:48:26.930309
REV-000080,ORD-20251215-888404,CUST-10426,REST-DEL-001,Pleasant meal! Tandoori Roti  Chicken Seekh Kebab  and Butter Chicken arrived warm. Chicken Seekh Kebab was tasty though not exceptional. Would order again.,4,2025-12-18T15:51:32.930309
REV-000100,ORD-20251216-192980,CUST-10007,REST-MUM-002,Best Indian food in UAE! Kulfi  Aloo Tikki Chaat  Paneer Tikka  and Paneer Butter Masala were incredible. Paneer Butter Masala had the perfect balance of spices. Five stars!,5,2025-12-18T16:25:50.930309
REV-000122,ORD-20251217-485831,CUST-10871,REST-MUM-002,Good quality food. Paneer Butter Masala were nicely done. Paneer Butter Masala could have been slightly spicier but still good!,4,2025-12-18T17:29:21.930309
REV-000102,ORD-20251216-811749,CUST-10934,REST-MUM-001,Best Indian food in UAE! Chicken 65 and Sweet Lassi were incredible. Sweet Lassi had the perfect balance of spices. Five stars!,5,2025-12-18T17:37:37.930309
REV-000127,ORD-20251217-451021,CUST-10028,REST-MUM-002,Hands down the best Chicken Tikka Masala I've ever had! Gulab Jamun (2 pcs)  Jeera Rice  Chicken Tikka Masala  Dal Makhani  and Chicken Biryani were all prepared beautifully. Fresh and flavorful!,5,2025-12-18T20:35:28.930309
REV-000070,ORD-20251214-534821,CUST-10540,REST-DEL-002,Absolutely amazing Vegetable Biryani  Fresh Lime Soda  Masala Chai  and Aloo Tikki Chaat! The Masala Chai was cooked to perfection. Fresh ingredients and authentic flavors. Highly recommend!,5,2025-12-18T21:52:47.930309
REV-000051,ORD-20251213-507365,CUST-10449,REST-MUM-002,Average experience. Chicken 65  Garlic Naan  Butter Naan  Chicken Seekh Kebab  and Fish Curry were fine but Chicken Seekh Kebab was a bit bland. Room for improvement.,3,2025-12-18T22:00:27.930309
REV-000090,ORD-20251215-427292,CUST-10897,REST-DEL-001,Good quality food. Paneer Tikka  Chicken Biryani  Dal Makhani  and Chicken Seekh Kebab were nicely done. Chicken Seekh Kebab could have been slightly spicier but still good!,4,2025-12-18T22:14:53.930309
REV-000132,ORD-20251218-706042,CUST-10245,REST-DEL-002,Mixed feelings. Butter Naan were acceptable. Butter Naan was decent but portion was small for the price.,3,2025-12-19T14:15:42.930309
REV-000096,ORD-20251216-782519,CUST-10213,REST-DEL-002,Really good Chicken Seekh Kebab  Palak Paneer  Butter Naan  and Chicken Tikka Masala! The Butter Naan was delicious. Slight delay in delivery but food quality made up for it.,4,2025-12-19T14:23:10.930309
REV-000079,ORD-20251215-957675,CUST-10887,REST-DEL-002,Pleasant meal! Samosa (2 pcs) arrived warm. Samosa (2 pcs) was tasty though not exceptional. Would order again.,4,2025-12-19T15:32:09.930309
REV-000083,ORD-20251215-241108,CUST-10054,REST-DEL-002,Enjoyed the Lamb Rogan Josh  Paneer Butter Masala  Chicken 65  Tandoori Roti  and Garlic Naan! Chicken 65 was very good. Portion sizes were generous. Recommend!,4,2025-12-19T16:35:30.930309
REV-000135,ORD-20251218-968521,CUST-10059,REST-DEL-001,Outstanding experience! The Naan and Vegetable Biryani exceeded all expectations. Vegetable Biryani was the star of the meal. Will definitely order again!,5,2025-12-19T17:11:35.930309
REV-000136,ORD-20251218-629391,CUST-10693,REST-DEL-001,Wow! Just wow! Chicken Tikka Masala were all fantastic. Chicken Tikka Masala was particularly memorable. Can't wait to order again!,5,2025-12-19T17:17:49.930309
REV-000138,ORD-20251218-554331,CUST-10675,REST-MUM-001,Enjoyed the Palak Paneer! Palak Paneer was very good. Portion sizes were generous. Recommend!,4,2025-12-19T18:13:08.930309
REV-000123,ORD-20251217-825218,CUST-10592,REST-MUM-001,Disappointed with Malai Kofta  Butter Naan  Chicken 65  and Kulfi. Kulfi was cold when it arrived. Not worth the money.,2,2025-12-19T18:33:12.930309
REV-000067,ORD-20251214-846404,CUST-10016,REST-BLR-001,Great food overall. Chicken Seekh Kebab  Samosa (2 pcs)  Masala Chai  and Chicken 65 were tasty  especially the Chicken 65. Would order again!,4,2025-12-19T18:48:54.930309
REV-000103,ORD-20251216-746242,CUST-10905,REST-DEL-002,Enjoyed the Chicken Seekh Kebab  Chicken 65  and Fish Curry! Chicken Seekh Kebab was very good. Portion sizes were generous. Recommend!,4,2025-12-19T19:31:58.930309
REV-000041,ORD-20251212-933521,CUST-10749,REST-MUM-002,Not bad  not great. Paneer Tikka were edible. Paneer Tikka needed more seasoning.,3,2025-12-19T20:43:26.930309
REV-000050,ORD-20251213-761955,CUST-10344,REST-MUM-002,Hands down the best Chicken Tikka Masala I've ever had! Chicken Tikka Masala  Chicken 65  Tandoori Roti  and Sweet Lassi were all prepared beautifully. Fresh and flavorful!,5,2025-12-19T21:05:11.930309
REV-000048,ORD-20251213-236705,CUST-10427,REST-MUM-001,Good quality food. Paneer Butter Masala and Chicken Biryani were nicely done. Paneer Butter Masala could have been slightly spicier but still good!,4,2025-12-20T13:10:55.930309
REV-000062,ORD-20251214-810081,CUST-10158,REST-DEL-002,Not bad  not great. Chicken Tikka Masala  Jeera Rice  Gulab Jamun (2 pcs)  and Masala Chai were edible. Jeera Rice needed more seasoning.,3,2025-12-20T13:13:19.930309
REV-000118,ORD-20251217-474334,CUST-10284,REST-MUM-002,Perfect in every way! Lamb Rogan Josh and Masala Chai were all excellent. Masala Chai stood out with its rich  authentic taste.,5,2025-12-20T13:45:47.930309
REV-000120,ORD-20251217-684583,CUST-10794,REST-MUM-001,Absolutely amazing Malai Kofta! The Malai Kofta was cooked to perfection. Fresh ingredients and authentic flavors. Highly recommend!,5,2025-12-20T16:02:27.930309
REV-000082,ORD-20251215-265552,CUST-10088,REST-DEL-002,Enjoyed the Paneer Tikka! Paneer Tikka was very good. Portion sizes were generous. Recommend!,4,2025-12-20T16:22:43.930309
REV-000085,ORD-20251215-542094,CUST-10214,REST-MUM-001,Not good. Chicken Seekh Kebab and Fresh Lime Soda arrived late and cold. Fresh Lime Soda had barely any flavor. Poor quality.,2,2025-12-20T17:10:37.930309
REV-000066,ORD-20251214-112825,CUST-10089,REST-MUM-001,Solid experience. Butter Naan were well-prepared. Butter Naan had great flavor. Minor issues with packaging.,4,2025-12-20T18:19:40.930309
REV-000154,ORD-20251219-406636,CUST-10650,REST-MUM-001,Outstanding experience! The Malai Kofta and Garlic Naan exceeded all expectations. Malai Kofta was the star of the meal. Will definitely order again!,5,2025-12-20T18:39:34.930309
REV-000087,ORD-20251215-541431,CUST-10910,REST-MUM-001,Hands down the best Masala Chai I've ever had! Butter Chicken  Samosa (2 pcs)  Malai Kofta  Masala Chai  and Lamb Rogan Josh were all prepared beautifully. Fresh and flavorful!,5,2025-12-20T19:43:33.930309
REV-000140,ORD-20251218-425434,CUST-10464,REST-MUM-002,Absolutely horrible! Garlic Naan  Naan  and Aloo Tikki Chaat arrived ice cold after 2 hour delay. Naan was spoiled. Disgusting!,1,2025-12-20T19:51:30.930309
REV-000126,ORD-20251217-954404,CUST-10131,REST-BLR-001,Absolutely horrible! Aloo Tikki Chaat  Tandoori Roti  Chicken Biryani  and Dal Makhani arrived ice cold after 2 hour delay. Aloo Tikki Chaat was spoiled. Disgusting!,1,2025-12-20T19:54:52.930309
REV-000088,ORD-20251215-952529,CUST-10935,REST-MUM-001,Poor experience. Chicken 65  Butter Chicken  and Fresh Lime Soda were disappointing. Fresh Lime Soda was burnt on the edges. Very unhappy.,2,2025-12-20T20:25:04.930309
REV-000068,ORD-20251214-542896,CUST-10068,REST-BLR-001,Best Indian food in UAE! Tandoori Roti were incredible. Tandoori Roti had the perfect balance of spices. Five stars!,5,2025-12-20T21:10:25.930309
REV-000089,ORD-20251215-717365,CUST-10161,REST-DEL-002,Solid experience. Butter Chicken were well-prepared. Butter Chicken had great flavor. Minor issues with packaging.,4,2025-12-20T21:49:11.930309
REV-000130,ORD-20251217-282445,CUST-10555,REST-BLR-001,Not good. Gajar Halwa  Butter Naan  Chicken 65  and Aloo Tikki Chaat arrived late and cold. Gajar Halwa had barely any flavor. Poor quality.,2,2025-12-20T22:28:00.930309
REV-000072,ORD-20251214-600036,CUST-10612,REST-MUM-001,Absolutely amazing Paneer Butter Masala  Vegetable Biryani  and Naan! The Vegetable Biryani was cooked to perfection. Fresh ingredients and authentic flavors. Highly recommend!,5,2025-12-20T22:36:07.930309
REV-000108,ORD-20251217-546922,CUST-10274,REST-MUM-002,Solid experience. Chicken Biryani  Chole Bhature  Masala Chai  and Rasmalai (2 pcs) were well-prepared. Chicken Biryani had great flavor. Minor issues with packaging.,4,2025-12-21T10:08:58.930309
REV-000131,ORD-20251218-506214,CUST-10729,REST-DEL-002,Pleasant meal! Lamb Rogan Josh arrived warm. Lamb Rogan Josh was tasty though not exceptional. Would order again.,4,2025-12-21T11:41:17.930309
REV-000058,ORD-20251214-951255,CUST-10006,REST-DEL-002,Hands down the best Palak Paneer I've ever had! Dal Makhani  Chicken Biryani  and Palak Paneer were all prepared beautifully. Fresh and flavorful!,5,2025-12-21T11:53:33.930309
REV-000114,ORD-20251217-706467,CUST-10615,REST-DEL-002,Absolutely amazing Chicken Seekh Kebab  Jeera Rice  Rasmalai (2 pcs)  and Chicken 65! The Chicken Seekh Kebab was cooked to perfection. Fresh ingredients and authentic flavors. Highly recommend!,5,2025-12-21T12:25:32.930309
REV-000149,ORD-20251219-456853,CUST-10480,REST-MUM-001,Outstanding experience! The Lamb Rogan Josh exceeded all expectations. Lamb Rogan Josh was the star of the meal. Will definitely order again!,5,2025-12-21T13:40:54.930309
REV-000150,ORD-20251219-220131,CUST-10160,REST-DEL-002,Not good. Chole Bhature  Butter Chicken  Paneer Butter Masala  Butter Naan  and Fish Curry arrived late and cold. Paneer Butter Masala had barely any flavor. Poor quality.,2,2025-12-21T14:11:22.930309
REV-000134,ORD-20251218-592458,CUST-10300,REST-BLR-001,Hands down the best Naan I've ever had! Gajar Halwa  Naan  Butter Naan  Palak Paneer  and Fish Curry were all prepared beautifully. Fresh and flavorful!,5,2025-12-21T16:03:31.930309
REV-000161,ORD-20251220-942050,CUST-10662,REST-BLR-001,Outstanding experience! The Rasmalai (2 pcs)  Aloo Tikki Chaat  and Lamb Rogan Josh exceeded all expectations. Aloo Tikki Chaat was the star of the meal. Will definitely order again!,5,2025-12-21T16:15:17.930309
REV-000121,ORD-20251217-510331,CUST-10504,REST-DEL-001,Disappointed with Fish Curry  Malai Kofta  Palak Paneer  Chicken Tikka Masala  and Mango Lassi. Chicken Tikka Masala was cold when it arrived. Not worth the money.,2,2025-12-21T16:19:30.930309
REV-000162,ORD-20251220-107086,CUST-10671,REST-DEL-001,Very satisfied! Kulfi  Masala Chai  and Butter Naan were fresh and flavorful. Butter Naan was the standout dish.,4,2025-12-21T16:37:02.930309
REV-000063,ORD-20251214-507890,CUST-10181,REST-MUM-001,Mixed feelings. Gajar Halwa  Garlic Naan  Sweet Lassi  and Chicken Tikka Masala were acceptable. Chicken Tikka Masala was decent but portion was small for the price.,3,2025-12-21T17:44:26.930309
REV-000064,ORD-20251214-342947,CUST-10471,REST-DEL-002,Incredible meal! Naan and Butter Chicken arrived hot and fresh. The Naan was absolutely divine. Highly satisfied!,5,2025-12-21T17:45:51.930309
REV-000086,ORD-20251215-588758,CUST-10711,REST-MUM-002,Not good. Gulab Jamun (2 pcs) and Butter Chicken arrived late and cold. Butter Chicken had barely any flavor. Poor quality.,2,2025-12-21T18:32:52.930309
REV-000139,ORD-20251218-639731,CUST-10216,REST-DEL-002,Exceptional quality! Ordered Fish Curry and everything was delicious. The Fish Curry melted in my mouth. Perfect!,5,2025-12-21T19:23:18.930309
REV-000105,ORD-20251216-949830,CUST-10012,REST-DEL-002,Incredible meal! Butter Naan  Chicken Tikka Masala  Kulfi  and Mango Lassi arrived hot and fresh. The Butter Naan was absolutely divine. Highly satisfied!,5,2025-12-21T20:23:56.930309
REV-000129,ORD-20251217-792786,CUST-10957,REST-MUM-002,Exceptional quality! Ordered Jeera Rice and Naan and everything was delicious. The Naan melted in my mouth. Perfect!,5,2025-12-21T21:15:36.930309
REV-000106,ORD-20251216-811541,CUST-10359,REST-MUM-002,Mediocre. Palak Paneer  Chicken Biryani  and Chicken Seekh Kebab were fine but forgettable. Chicken Biryani didn't stand out.,3,2025-12-21T21:37:09.930309
REV-000091,ORD-20251215-312564,CUST-10050,REST-DEL-001,Expected better. Naan  Fresh Lime Soda  Paneer Tikka  and Mango Lassi were subpar. Fresh Lime Soda was too oily and greasy. Stomach upset followed.,2,2025-12-21T22:57:29.930309
REV-000092,ORD-20251216-321530,CUST-10315,REST-BLR-001,Worst food ever! Butter Naan  Fish Curry  Dal Makhani  Chicken Tikka Masala  and Sweet Lassi were all wrong. Fish Curry made me sick. Never ordering again!,1,2025-12-22T10:35:38.930309
REV-000110,ORD-20251217-787168,CUST-10084,REST-MUM-002,Very satisfied! Dal Makhani and Naan were fresh and flavorful. Dal Makhani was the standout dish.,4,2025-12-22T10:35:39.930309
REV-000115,ORD-20251217-336863,CUST-10669,REST-MUM-001,Worst food ever! Naan  Paneer Tikka  and Chicken 65 were all wrong. Paneer Tikka made me sick. Never ordering again!,1,2025-12-22T12:44:18.930309
REV-000147,ORD-20251219-820068,CUST-10450,REST-MUM-002,Perfect in every way! Chicken Tikka Masala  Kulfi  Masala Chai  and Gulab Jamun (2 pcs) were all excellent. Gulab Jamun (2 pcs) stood out with its rich  authentic taste.,5,2025-12-22T13:15:27.930309
REV-000095,ORD-20251216-697285,CUST-10045,REST-MUM-001,Very satisfied! Fish Curry  Paneer Tikka  Chicken Tikka Masala  Naan  and Chicken Seekh Kebab were fresh and flavorful. Naan was the standout dish.,4,2025-12-22T14:06:42.930309
REV-000078,ORD-20251215-276507,CUST-10738,REST-DEL-001,Wow! Just wow! Sweet Lassi  Chicken 65  Chicken Tikka Masala  and Samosa (2 pcs) were all fantastic. Chicken 65 was particularly memorable. Can't wait to order again!,5,2025-12-22T14:54:20.930309
REV-000099,ORD-20251216-659759,CUST-10447,REST-MUM-001,Not bad  not great. Butter Chicken and Jeera Rice were edible. Jeera Rice needed more seasoning.,3,2025-12-22T15:24:27.930309
REV-000081,ORD-20251215-290807,CUST-10519,REST-DEL-001,Incredible meal! Sweet Lassi  Lamb Rogan Josh  Paneer Butter Masala  Gajar Halwa  and Jeera Rice arrived hot and fresh. The Sweet Lassi was absolutely divine. Highly satisfied!,5,2025-12-22T16:19:28.930309
REV-000137,ORD-20251218-882656,CUST-10023,REST-BLR-001,Best Indian food in UAE! Paneer Tikka  Sweet Lassi  and Chicken Seekh Kebab were incredible. Paneer Tikka had the perfect balance of spices. Five stars!,5,2025-12-22T17:21:57.930309
REV-000124,ORD-20251217-410467,CUST-10313,REST-MUM-002,Appalling quality! Chicken Seekh Kebab  Lamb Rogan Josh  Fish Curry  and Masala Chai were swimming in oil. Chicken Seekh Kebab was raw inside. Health hazard!,1,2025-12-22T18:58:52.930309
REV-000179,ORD-20251221-508461,CUST-10650,REST-MUM-001,Best Indian food in UAE! Samosa (2 pcs) were incredible. Samosa (2 pcs) had the perfect balance of spices. Five stars!,5,2025-12-22T19:16:15.930309
REV-000142,ORD-20251218-663216,CUST-10864,REST-DEL-001,Exceptional quality! Ordered Butter Chicken  Masala Chai  Chicken 65  Sweet Lassi  and Chole Bhature and everything was delicious. The Chicken 65 melted in my mouth. Perfect!,5,2025-12-22T20:16:09.930309
REV-000104,ORD-20251216-185458,CUST-10303,REST-MUM-001,Pleasant meal! Tandoori Roti  Gulab Jamun (2 pcs)  Vegetable Biryani  Lamb Rogan Josh  and Dal Makhani arrived warm. Vegetable Biryani was tasty though not exceptional. Would order again.,4,2025-12-22T20:18:18.930309
REV-000143,ORD-20251218-869320,CUST-10037,REST-MUM-001,Solid experience. Chicken Biryani and Chicken Tikka Masala were well-prepared. Chicken Biryani had great flavor. Minor issues with packaging.,4,2025-12-22T20:34:33.930309
REV-000156,ORD-20251219-472782,CUST-10323,REST-BLR-001,Mixed feelings. Chicken Seekh Kebab  Gajar Halwa  and Malai Kofta were acceptable. Malai Kofta was decent but portion was small for the price.,3,2025-12-22T20:34:56.930309
REV-000157,ORD-20251219-668858,CUST-10615,REST-DEL-002,Outstanding experience! The Paneer Tikka exceeded all expectations. Paneer Tikka was the star of the meal. Will definitely order again!,5,2025-12-22T20:40:27.930309
REV-000180,ORD-20251221-879737,CUST-10490,REST-BLR-001,Poor experience. Masala Chai  Naan  and Malai Kofta were disappointing. Masala Chai was burnt on the edges. Very unhappy.,2,2025-12-22T20:51:56.930309
REV-000167,ORD-20251220-354616,CUST-10353,REST-BLR-001,Not good. Chicken Biryani  Paneer Butter Masala  and Gajar Halwa arrived late and cold. Paneer Butter Masala had barely any flavor. Poor quality.,2,2025-12-22T21:33:24.930309
REV-000169,ORD-20251220-221832,CUST-10327,REST-MUM-001,Decent food but nothing special. Butter Chicken  Palak Paneer  Malai Kofta  and Chicken Biryani were okay. Butter Chicken lacked the punch I expected.,3,2025-12-22T22:02:01.930309
REV-000145,ORD-20251218-192933,CUST-10945,REST-DEL-002,Average experience. Chicken 65  Garlic Naan  and Malai Kofta were fine but Garlic Naan was a bit bland. Room for improvement.,3,2025-12-22T22:47:01.930309
REV-000146,ORD-20251219-294654,CUST-10879,REST-BLR-001,Average experience. Rasmalai (2 pcs) and Masala Chai were fine but Rasmalai (2 pcs) was a bit bland. Room for improvement.,3,2025-12-23T13:06:45.930309
REV-000148,ORD-20251219-690646,CUST-10827,REST-DEL-002,Hands down the best Naan I've ever had! Naan and Dal Makhani were all prepared beautifully. Fresh and flavorful!,5,2025-12-23T13:26:04.930309
REV-000094,ORD-20251216-550812,CUST-10149,REST-DEL-002,Expected better. Malai Kofta were subpar. Malai Kofta was too oily and greasy. Stomach upset followed.,2,2025-12-23T13:30:00.930309
REV-000097,ORD-20251216-839179,CUST-10904,REST-MUM-001,Exceptional quality! Ordered Lamb Rogan Josh and Jeera Rice and everything was delicious. The Jeera Rice melted in my mouth. Perfect!,5,2025-12-23T14:30:42.930309
REV-000133,ORD-20251218-392554,CUST-10950,REST-DEL-001,Outstanding experience! The Rasmalai (2 pcs)  Lamb Rogan Josh  Chole Bhature  and Jeera Rice exceeded all expectations. Rasmalai (2 pcs) was the star of the meal. Will definitely order again!,5,2025-12-23T15:21:48.930309
REV-000188,ORD-20251222-506216,CUST-10661,REST-BLR-001,Good quality food. Dal Makhani  Jeera Rice  Paneer Butter Masala  and Butter Naan were nicely done. Dal Makhani could have been slightly spicier but still good!,4,2025-12-23T15:39:48.930309
REV-000141,ORD-20251218-986582,CUST-10412,REST-MUM-001,Outstanding experience! The Butter Chicken  Kulfi  Malai Kofta  and Sweet Lassi exceeded all expectations. Malai Kofta was the star of the meal. Will definitely order again!,5,2025-12-23T20:11:25.930309
REV-000109,ORD-20251217-758799,CUST-10918,REST-DEL-001,Disappointed with Chicken Seekh Kebab  Gajar Halwa  Tandoori Roti  Jeera Rice  and Fresh Lime Soda. Fresh Lime Soda was cold when it arrived. Not worth the money.,2,2025-12-24T10:17:07.930309
REV-000111,ORD-20251217-612614,CUST-10834,REST-DEL-001,Incredible meal! Jeera Rice  Tandoori Roti  Butter Naan  Naan  and Paneer Butter Masala arrived hot and fresh. The Tandoori Roti was absolutely divine. Highly satisfied!,5,2025-12-24T10:50:42.930309
REV-000112,ORD-20251217-159356,CUST-10499,REST-DEL-001,Very satisfied! Paneer Tikka  Gulab Jamun (2 pcs)  Malai Kofta  Chicken Biryani  and Naan were fresh and flavorful. Naan was the standout dish.,4,2025-12-24T12:03:59.930309
REV-000117,ORD-20251217-785834,CUST-10567,REST-DEL-001,Mediocre. Chicken Seekh Kebab were fine but forgettable. Chicken Seekh Kebab didn't stand out.,3,2025-12-24T13:41:25.930309
REV-000177,ORD-20251221-863574,CUST-10587,REST-DEL-001,Mixed feelings. Gajar Halwa  Tandoori Roti  Paneer Tikka  Sweet Lassi  and Jeera Rice were acceptable. Gajar Halwa was decent but portion was small for the price.,3,2025-12-24T13:54:59.930309
REV-000119,ORD-20251217-492824,CUST-10642,REST-MUM-001,It was okay. Fish Curry and Chole Bhature arrived lukewarm. Fish Curry tasted fine but could be better.,3,2025-12-24T14:04:18.930309
REV-000185,ORD-20251222-338285,CUST-10066,REST-MUM-002,Best Indian food in UAE! Butter Chicken were incredible. Butter Chicken had the perfect balance of spices. Five stars!,5,2025-12-24T14:20:20.930309
REV-000199,ORD-20251223-959301,CUST-10248,REST-DEL-002,Best Indian food in UAE! Mango Lassi were incredible. Mango Lassi had the perfect balance of spices. Five stars!,5,2025-12-24T15:31:56.930309
REV-000190,ORD-20251222-258122,CUST-10380,REST-MUM-002,Worst food ever! Chicken Biryani  Gajar Halwa  and Gulab Jamun (2 pcs) were all wrong. Gajar Halwa made me sick. Never ordering again!,1,2025-12-24T16:34:09.930309
REV-000191,ORD-20251222-286284,CUST-10770,REST-DEL-001,Unsatisfactory. Rasmalai (2 pcs) were not fresh. Rasmalai (2 pcs) tasted reheated. Won't order again.,2,2025-12-24T16:53:38.930309
REV-000163,ORD-20251220-254015,CUST-10180,REST-MUM-001,Mediocre. Butter Naan  Chicken 65  Chicken Seekh Kebab  Aloo Tikki Chaat  and Samosa (2 pcs) were fine but forgettable. Butter Naan didn't stand out.,3,2025-12-24T17:19:44.930309
REV-000178,ORD-20251221-587794,CUST-10586,REST-BLR-001,Average experience. Gajar Halwa  Lamb Rogan Josh  and Butter Chicken were fine but Gajar Halwa was a bit bland. Room for improvement.,3,2025-12-24T17:44:47.930309
REV-000155,ORD-20251219-790461,CUST-10553,REST-DEL-001,Disappointed with Chole Bhature  Butter Naan  Tandoori Roti  and Chicken 65. Chicken 65 was cold when it arrived. Not worth the money.,2,2025-12-24T18:43:44.930309
REV-000125,ORD-20251217-489522,CUST-10118,REST-MUM-001,Outstanding experience! The Chicken 65  Chicken Biryani  Dal Makhani  Paneer Tikka  and Samosa (2 pcs) exceeded all expectations. Chicken Biryani was the star of the meal. Will definitely order again!,5,2025-12-24T19:35:09.930309
REV-000128,ORD-20251217-927989,CUST-10382,REST-MUM-001,Exceptional quality! Ordered Sweet Lassi  Aloo Tikki Chaat  and Naan and everything was delicious. The Aloo Tikki Chaat melted in my mouth. Perfect!,5,2025-12-24T20:47:16.930309
REV-000182,ORD-20251221-906244,CUST-10332,REST-DEL-002,Pleasant meal! Jeera Rice and Rasmalai (2 pcs) arrived warm. Rasmalai (2 pcs) was tasty though not exceptional. Would order again.,4,2025-12-24T21:02:46.930309
REV-000168,ORD-20251220-127909,CUST-10938,REST-DEL-002,Solid experience. Gajar Halwa  Dal Makhani  and Fresh Lime Soda were well-prepared. Gajar Halwa had great flavor. Minor issues with packaging.,4,2025-12-24T21:53:59.930309
REV-000210,ORD-20251223-147536,CUST-10086,REST-DEL-002,Best Indian food in UAE! Chole Bhature  Mango Lassi  Paneer Butter Masala  Fresh Lime Soda  and Butter Chicken were incredible. Chole Bhature had the perfect balance of spices. Five stars!,5,2025-12-24T22:23:06.930309
REV-000170,ORD-20251221-735545,CUST-10347,REST-DEL-002,Exceptional quality! Ordered Jeera Rice  Chole Bhature  Samosa (2 pcs)  and Butter Naan and everything was delicious. The Jeera Rice melted in my mouth. Perfect!,5,2025-12-25T10:35:58.930309
REV-000172,ORD-20251221-705013,CUST-10833,REST-DEL-002,Good quality food. Fresh Lime Soda  Butter Chicken  and Fish Curry were nicely done. Fish Curry could have been slightly spicier but still good!,4,2025-12-25T11:04:37.930309
REV-000197,ORD-20251223-563915,CUST-10801,REST-DEL-002,Mixed feelings. Gajar Halwa  Fresh Lime Soda  Chicken 65  and Paneer Tikka were acceptable. Chicken 65 was decent but portion was small for the price.,3,2025-12-25T11:26:40.930309
REV-000158,ORD-20251220-441644,CUST-10453,REST-BLR-001,Enjoyed the Dal Makhani  Gulab Jamun (2 pcs)  and Masala Chai! Dal Makhani was very good. Portion sizes were generous. Recommend!,4,2025-12-25T11:34:44.930309
REV-000186,ORD-20251222-586665,CUST-10017,REST-MUM-001,Poor experience. Masala Chai and Rasmalai (2 pcs) were disappointing. Masala Chai was burnt on the edges. Very unhappy.,2,2025-12-25T14:57:38.930309
REV-000189,ORD-20251222-374203,CUST-10458,REST-MUM-002,Outstanding experience! The Paneer Butter Masala  Butter Naan  Chicken Tikka Masala  and Butter Chicken exceeded all expectations. Chicken Tikka Masala was the star of the meal. Will definitely order again!,5,2025-12-25T16:05:45.930309
REV-000151,ORD-20251219-211006,CUST-10503,REST-MUM-001,Outstanding experience! The Chicken Seekh Kebab  Masala Chai  Tandoori Roti  Sweet Lassi  and Gulab Jamun (2 pcs) exceeded all expectations. Chicken Seekh Kebab was the star of the meal. Will definitely order again!,5,2025-12-25T16:46:30.930309
REV-000222,ORD-20251224-393778,CUST-10635,REST-BLR-001,Hands down the best Dal Makhani I've ever had! Dal Makhani were all prepared beautifully. Fresh and flavorful!,5,2025-12-25T16:52:56.930309
REV-000203,ORD-20251223-175924,CUST-10806,REST-MUM-001,Perfect in every way! Vegetable Biryani  Chole Bhature  and Chicken Biryani were all excellent. Vegetable Biryani stood out with its rich  authentic taste.,5,2025-12-25T17:02:10.930309
REV-000204,ORD-20251223-746926,CUST-10456,REST-BLR-001,Great food overall. Chicken 65  Vegetable Biryani  Samosa (2 pcs)  and Fish Curry were tasty  especially the Vegetable Biryani. Would order again!,4,2025-12-25T17:36:07.930309
REV-000224,ORD-20251224-625733,CUST-10859,REST-DEL-002,Great food overall. Mango Lassi  Chicken Tikka Masala  Kulfi  Naan  and Jeera Rice were tasty  especially the Kulfi. Would order again!,4,2025-12-25T18:43:35.930309
REV-000165,ORD-20251220-411653,CUST-10891,REST-MUM-002,Wow! Just wow! Fish Curry  Malai Kofta  Rasmalai (2 pcs)  Mango Lassi  and Jeera Rice were all fantastic. Malai Kofta was particularly memorable. Can't wait to order again!,5,2025-12-25T20:17:12.930309
REV-000144,ORD-20251218-138243,CUST-10628,REST-BLR-001,Best Indian food in UAE! Chicken Tikka Masala  Chole Bhature  and Masala Chai were incredible. Chicken Tikka Masala had the perfect balance of spices. Five stars!,5,2025-12-25T21:04:19.930309
REV-000184,ORD-20251221-697246,CUST-10983,REST-DEL-002,Pleasant meal! Butter Naan  Naan  Malai Kofta  and Gulab Jamun (2 pcs) arrived warm. Gulab Jamun (2 pcs) was tasty though not exceptional. Would order again.,4,2025-12-25T22:13:49.930309
REV-000195,ORD-20251222-400024,CUST-10942,REST-DEL-001,Hands down the best Vegetable Biryani I've ever had! Vegetable Biryani and Chicken 65 were all prepared beautifully. Fresh and flavorful!,5,2025-12-25T22:51:23.930309
REV-000213,ORD-20251224-761454,CUST-10681,REST-DEL-001,Incredible meal! Gulab Jamun (2 pcs)  Samosa (2 pcs)  Masala Chai  Rasmalai (2 pcs)  and Chole Bhature arrived hot and fresh. The Samosa (2 pcs) was absolutely divine. Highly satisfied!,5,2025-12-26T11:31:39.930309
REV-000217,ORD-20251224-628443,CUST-10491,REST-MUM-002,Very satisfied! Paneer Butter Masala  Butter Naan  Naan  Vegetable Biryani  and Gajar Halwa were fresh and flavorful. Gajar Halwa was the standout dish.,4,2025-12-26T12:38:59.930309
REV-000232,ORD-20251225-782096,CUST-10296,REST-MUM-002,Mediocre. Sweet Lassi  Vegetable Biryani  Palak Paneer  and Lamb Rogan Josh were fine but forgettable. Lamb Rogan Josh didn't stand out.,3,2025-12-26T13:37:28.930309
REV-000160,ORD-20251220-152885,CUST-10628,REST-MUM-002,Enjoyed the Chicken Seekh Kebab  Fresh Lime Soda  Gajar Halwa  Chicken Biryani  and Chicken Tikka Masala! Chicken Tikka Masala was very good. Portion sizes were generous. Recommend!,4,2025-12-26T13:59:30.930309
REV-000152,ORD-20251219-382556,CUST-10534,REST-DEL-002,Expected better. Chicken 65  Palak Paneer  and Dal Makhani were subpar. Palak Paneer was too oily and greasy. Stomach upset followed.,2,2025-12-26T16:51:25.930309
REV-000153,ORD-20251219-136777,CUST-10512,REST-DEL-001,Unsatisfactory. Dal Makhani  Aloo Tikki Chaat  Mango Lassi  and Chole Bhature were not fresh. Mango Lassi tasted reheated. Won't order again.,2,2025-12-26T17:02:58.930309
REV-000205,ORD-20251223-655114,CUST-10002,REST-DEL-001,Best Indian food in UAE! Rasmalai (2 pcs)  Masala Chai  Tandoori Roti  and Naan were incredible. Tandoori Roti had the perfect balance of spices. Five stars!,5,2025-12-26T17:56:36.930309
REV-000207,ORD-20251223-932306,CUST-10864,REST-BLR-001,Really good Paneer Tikka  Palak Paneer  Malai Kofta  Kulfi  and Samosa (2 pcs)! The Paneer Tikka was delicious. Slight delay in delivery but food quality made up for it.,4,2025-12-26T19:12:52.930309
REV-000166,ORD-20251220-550277,CUST-10677,REST-BLR-001,Mediocre. Kulfi  Chicken Tikka Masala  Chole Bhature  Malai Kofta  and Butter Naan were fine but forgettable. Butter Naan didn't stand out.,3,2025-12-26T21:00:10.930309
REV-000183,ORD-20251221-293417,CUST-10545,REST-MUM-002,Exceptional quality! Ordered Paneer Tikka  Samosa (2 pcs)  and Chicken Biryani and everything was delicious. The Chicken Biryani melted in my mouth. Perfect!,5,2025-12-26T21:27:39.930309
REV-000226,ORD-20251224-152682,CUST-10401,REST-MUM-002,Enjoyed the Vegetable Biryani  Rasmalai (2 pcs)  Butter Chicken  and Masala Chai! Rasmalai (2 pcs) was very good. Portion sizes were generous. Recommend!,4,2025-12-26T22:16:23.930309
REV-000171,ORD-20251221-609691,CUST-10219,REST-DEL-002,Pleasant meal! Kulfi  Paneer Tikka  Gajar Halwa  Chicken 65  and Lamb Rogan Josh arrived warm. Lamb Rogan Josh was tasty though not exceptional. Would order again.,4,2025-12-27T10:36:12.930309
REV-000229,ORD-20251225-158209,CUST-10362,REST-DEL-001,Incredible meal! Chole Bhature and Gajar Halwa arrived hot and fresh. The Gajar Halwa was absolutely divine. Highly satisfied!,5,2025-12-27T11:12:20.930309
REV-000214,ORD-20251224-490356,CUST-10400,REST-DEL-001,Outstanding experience! The Gajar Halwa and Rasmalai (2 pcs) exceeded all expectations. Gajar Halwa was the star of the meal. Will definitely order again!,5,2025-12-27T11:58:47.930309
REV-000174,ORD-20251221-275428,CUST-10522,REST-MUM-002,Solid experience. Chole Bhature  Masala Chai  Tandoori Roti  and Garlic Naan were well-prepared. Chole Bhature had great flavor. Minor issues with packaging.,4,2025-12-27T12:04:54.930309
REV-000176,ORD-20251221-662807,CUST-10952,REST-DEL-001,Absolutely amazing Butter Chicken  Sweet Lassi  and Gajar Halwa! The Gajar Halwa was cooked to perfection. Fresh ingredients and authentic flavors. Highly recommend!,5,2025-12-27T13:16:27.930309
REV-000159,ORD-20251220-714919,CUST-10940,REST-BLR-001,It was okay. Sweet Lassi  Gajar Halwa  Fresh Lime Soda  Gulab Jamun (2 pcs)  and Kulfi arrived lukewarm. Kulfi tasted fine but could be better.,3,2025-12-27T13:36:55.930309
REV-000220,ORD-20251224-974264,CUST-10029,REST-BLR-001,Solid experience. Paneer Butter Masala  Malai Kofta  and Kulfi were well-prepared. Malai Kofta had great flavor. Minor issues with packaging.,4,2025-12-27T14:10:36.930309
REV-000233,ORD-20251225-516509,CUST-10797,REST-DEL-001,Unsatisfactory. Malai Kofta and Gajar Halwa were not fresh. Malai Kofta tasted reheated. Won't order again.,2,2025-12-27T14:13:39.930309
REV-000201,ORD-20251223-747690,CUST-10366,REST-BLR-001,Wow! Just wow! Paneer Butter Masala  Malai Kofta  Gajar Halwa  Sweet Lassi  and Chicken 65 were all fantastic. Chicken 65 was particularly memorable. Can't wait to order again!,5,2025-12-27T16:15:23.930309
REV-000164,ORD-20251220-254044,CUST-10156,REST-MUM-001,Outstanding experience! The Chicken Tikka Masala  Paneer Butter Masala  Jeera Rice  and Rasmalai (2 pcs) exceeded all expectations. Chicken Tikka Masala was the star of the meal. Will definitely order again!,5,2025-12-27T17:26:22.930309
REV-000194,ORD-20251222-515942,CUST-10608,REST-BLR-001,Appalling quality! Butter Chicken and Gulab Jamun (2 pcs) were swimming in oil. Gulab Jamun (2 pcs) was raw inside. Health hazard!,1,2025-12-27T18:27:21.930309
REV-000257,ORD-20251226-911360,CUST-10661,REST-BLR-001,Outstanding experience! The Paneer Tikka  Jeera Rice  Dal Makhani  Masala Chai  and Tandoori Roti exceeded all expectations. Dal Makhani was the star of the meal. Will definitely order again!,5,2025-12-27T18:36:50.930309
REV-000209,ORD-20251223-319798,CUST-10823,REST-DEL-002,Hands down the best Paneer Tikka I've ever had! Paneer Tikka  Vegetable Biryani  and Rasmalai (2 pcs) were all prepared beautifully. Fresh and flavorful!,5,2025-12-27T20:30:44.930309
REV-000181,ORD-20251221-908223,CUST-10662,REST-DEL-001,Pleasant meal! Tandoori Roti and Dal Makhani arrived warm. Tandoori Roti was tasty though not exceptional. Would order again.,4,2025-12-27T20:54:15.930309
REV-000196,ORD-20251223-790295,CUST-10722,REST-DEL-002,Decent food but nothing special. Mango Lassi  Sweet Lassi  Kulfi  and Palak Paneer were okay. Palak Paneer lacked the punch I expected.,3,2025-12-28T10:18:17.930309
REV-000173,ORD-20251221-387314,CUST-10433,REST-MUM-001,Perfect in every way! Vegetable Biryani were all excellent. Vegetable Biryani stood out with its rich  authentic taste.,5,2025-12-28T11:26:30.930309
REV-000230,ORD-20251225-368636,CUST-10375,REST-DEL-001,Appalling quality! Paneer Tikka  Chole Bhature  Sweet Lassi  Gulab Jamun (2 pcs)  and Palak Paneer were swimming in oil. Gulab Jamun (2 pcs) was raw inside. Health hazard!,1,2025-12-28T11:51:01.930309
REV-000216,ORD-20251224-113352,CUST-10488,REST-MUM-002,Incredible meal! Samosa (2 pcs) arrived hot and fresh. The Samosa (2 pcs) was absolutely divine. Highly satisfied!,5,2025-12-28T12:13:33.930309
REV-000175,ORD-20251221-209656,CUST-10596,REST-MUM-002,Perfect in every way! Palak Paneer were all excellent. Palak Paneer stood out with its rich  authentic taste.,5,2025-12-28T12:30:30.930309
REV-000218,ORD-20251224-550153,CUST-10113,REST-MUM-001,Expected better. Aloo Tikki Chaat  Gajar Halwa  Rasmalai (2 pcs)  Butter Naan  and Chole Bhature were subpar. Gajar Halwa was too oily and greasy. Stomach upset followed.,2,2025-12-28T12:54:15.930309
REV-000200,ORD-20251223-527352,CUST-10380,REST-BLR-001,Exceptional quality! Ordered Mango Lassi and everything was delicious. The Mango Lassi melted in my mouth. Perfect!,5,2025-12-28T15:46:41.930309
REV-000255,ORD-20251226-419550,CUST-10655,REST-MUM-001,Good quality food. Gulab Jamun (2 pcs)  Fresh Lime Soda  Masala Chai  Kulfi  and Chicken Tikka Masala were nicely done. Gulab Jamun (2 pcs) could have been slightly spicier but still good!,4,2025-12-28T16:34:55.930309
REV-000192,ORD-20251222-358492,CUST-10227,REST-DEL-002,Not good. Lamb Rogan Josh  Naan  Malai Kofta  and Kulfi arrived late and cold. Kulfi had barely any flavor. Poor quality.,2,2025-12-28T16:56:41.930309
REV-000223,ORD-20251224-611190,CUST-10976,REST-DEL-002,Outstanding experience! The Malai Kofta and Gajar Halwa exceeded all expectations. Malai Kofta was the star of the meal. Will definitely order again!,5,2025-12-28T17:06:11.930309
REV-000206,ORD-20251223-874044,CUST-10083,REST-DEL-002,Best Indian food in UAE! Lamb Rogan Josh and Malai Kofta were incredible. Lamb Rogan Josh had the perfect balance of spices. Five stars!,5,2025-12-28T18:52:24.930309
REV-000269,ORD-20251227-449063,CUST-10200,REST-MUM-001,It was okay. Tandoori Roti arrived lukewarm. Tandoori Roti tasted fine but could be better.,3,2025-12-28T19:02:41.930309
REV-000270,ORD-20251227-989322,CUST-10301,REST-MUM-001,Perfect in every way! Rasmalai (2 pcs)  Kulfi  Tandoori Roti  and Gulab Jamun (2 pcs) were all excellent. Gulab Jamun (2 pcs) stood out with its rich  authentic taste.,5,2025-12-28T19:42:00.930309
REV-000275,ORD-20251227-332586,CUST-10617,REST-DEL-001,Mediocre. Butter Naan were fine but forgettable. Butter Naan didn't stand out.,3,2025-12-28T21:10:16.930309
REV-000228,ORD-20251224-954395,CUST-10585,REST-DEL-001,Disappointed with Chicken Biryani  Malai Kofta  Aloo Tikki Chaat  and Tandoori Roti. Tandoori Roti was cold when it arrived. Not worth the money.,2,2025-12-28T22:28:36.930309
REV-000244,ORD-20251226-840993,CUST-10864,REST-DEL-001,Perfect in every way! Sweet Lassi were all excellent. Sweet Lassi stood out with its rich  authentic taste.,5,2025-12-29T11:04:22.930309
REV-000246,ORD-20251226-996292,CUST-10476,REST-BLR-001,Wow! Just wow! Masala Chai were all fantastic. Masala Chai was particularly memorable. Can't wait to order again!,5,2025-12-29T12:29:35.930309
REV-000234,ORD-20251225-104997,CUST-10923,REST-DEL-001,Exceptional quality! Ordered Kulfi  Garlic Naan  Masala Chai  Tandoori Roti  and Paneer Tikka and everything was delicious. The Kulfi melted in my mouth. Perfect!,5,2025-12-29T14:41:12.930309
REV-000221,ORD-20251224-891958,CUST-10310,REST-BLR-001,Outstanding experience! The Kulfi  Tandoori Roti  and Butter Naan exceeded all expectations. Kulfi was the star of the meal. Will definitely order again!,5,2025-12-29T14:56:04.930309
REV-000187,ORD-20251222-633829,CUST-10739,REST-BLR-001,Really good Paneer Butter Masala  Vegetable Biryani  Aloo Tikki Chaat  Dal Makhani  and Chole Bhature! The Vegetable Biryani was delicious. Slight delay in delivery but food quality made up for it.,4,2025-12-29T15:12:40.930309
REV-000266,ORD-20251227-546468,CUST-10085,REST-DEL-001,Perfect in every way! Lamb Rogan Josh  Chole Bhature  and Rasmalai (2 pcs) were all excellent. Rasmalai (2 pcs) stood out with its rich  authentic taste.,5,2025-12-29T15:21:45.930309
REV-000288,ORD-20251228-278549,CUST-10547,REST-MUM-001,Best Indian food in UAE! Mango Lassi  Chicken 65  Samosa (2 pcs)  Chicken Seekh Kebab  and Masala Chai were incredible. Masala Chai had the perfect balance of spices. Five stars!,5,2025-12-29T15:51:25.930309
REV-000253,ORD-20251226-254137,CUST-10379,REST-MUM-001,Great food overall. Samosa (2 pcs) were tasty  especially the Samosa (2 pcs). Would order again!,4,2025-12-29T15:55:00.930309
REV-000254,ORD-20251226-915351,CUST-10775,REST-DEL-001,Absolutely amazing Fish Curry! The Fish Curry was cooked to perfection. Fresh ingredients and authentic flavors. Highly recommend!,5,2025-12-29T16:31:43.930309
REV-000292,ORD-20251228-290550,CUST-10735,REST-BLR-001,Pleasant meal! Chole Bhature  Tandoori Roti  and Chicken 65 arrived warm. Chole Bhature was tasty though not exceptional. Would order again.,4,2025-12-29T17:11:17.930309
REV-000193,ORD-20251222-903652,CUST-10205,REST-MUM-002,Solid experience. Chole Bhature  Fresh Lime Soda  and Sweet Lassi were well-prepared. Chole Bhature had great flavor. Minor issues with packaging.,4,2025-12-29T17:30:09.930309
REV-000258,ORD-20251226-856043,CUST-10603,REST-MUM-002,Poor experience. Paneer Tikka and Butter Chicken were disappointing. Paneer Tikka was burnt on the edges. Very unhappy.,2,2025-12-29T18:41:30.930309
REV-000239,ORD-20251225-684716,CUST-10610,REST-MUM-001,Best Indian food in UAE! Tandoori Roti were incredible. Tandoori Roti had the perfect balance of spices. Five stars!,5,2025-12-29T19:45:24.930309
REV-000259,ORD-20251226-398396,CUST-10111,REST-MUM-002,Outstanding experience! The Chicken Biryani  Lamb Rogan Josh  Fresh Lime Soda  and Gajar Halwa exceeded all expectations. Fresh Lime Soda was the star of the meal. Will definitely order again!,5,2025-12-29T20:16:22.930309
REV-000240,ORD-20251225-122891,CUST-10345,REST-MUM-002,Hands down the best Masala Chai I've ever had! Butter Naan  Chicken Seekh Kebab  Masala Chai  and Gajar Halwa were all prepared beautifully. Fresh and flavorful!,5,2025-12-29T20:36:11.930309
REV-000273,ORD-20251227-976871,CUST-10358,REST-DEL-002,Exceptional quality! Ordered Fresh Lime Soda  Malai Kofta  Butter Naan  and Rasmalai (2 pcs) and everything was delicious. The Rasmalai (2 pcs) melted in my mouth. Perfect!,5,2025-12-29T20:46:03.930309
REV-000211,ORD-20251223-171817,CUST-10440,REST-MUM-002,Pleasant meal! Paneer Butter Masala and Mango Lassi arrived warm. Mango Lassi was tasty though not exceptional. Would order again.,4,2025-12-29T22:39:27.930309
REV-000242,ORD-20251226-378199,CUST-10665,REST-DEL-002,Great food overall. Dal Makhani and Butter Naan were tasty  especially the Dal Makhani. Would order again!,4,2025-12-30T10:39:47.930309
REV-000243,ORD-20251226-682748,CUST-10689,REST-DEL-002,Appalling quality! Mango Lassi  Paneer Tikka  and Malai Kofta were swimming in oil. Paneer Tikka was raw inside. Health hazard!,1,2025-12-30T11:00:41.930309
REV-000263,ORD-20251227-203848,CUST-10395,REST-DEL-001,Expected better. Aloo Tikki Chaat were subpar. Aloo Tikki Chaat was too oily and greasy. Stomach upset followed.,2,2025-12-30T11:34:00.930309
REV-000231,ORD-20251225-481973,CUST-10957,REST-MUM-002,Outstanding experience! The Fish Curry  Chicken Biryani  Garlic Naan  and Kulfi exceeded all expectations. Garlic Naan was the star of the meal. Will definitely order again!,5,2025-12-30T12:00:29.930309
REV-000215,ORD-20251224-399332,CUST-10057,REST-MUM-001,Great food overall. Naan were tasty  especially the Naan. Would order again!,4,2025-12-30T12:01:37.930309
REV-000198,ORD-20251223-464487,CUST-10686,REST-DEL-001,Good quality food. Chicken Biryani and Fresh Lime Soda were nicely done. Fresh Lime Soda could have been slightly spicier but still good!,4,2025-12-30T12:32:47.930309
REV-000219,ORD-20251224-822953,CUST-10682,REST-BLR-001,Below expectations. Paneer Butter Masala  Tandoori Roti  Chicken Seekh Kebab  and Kulfi were underwhelming. Kulfi was overcooked and dry.,2,2025-12-30T13:18:20.930309
REV-000250,ORD-20251226-426925,CUST-10319,REST-MUM-001,Great food overall. Chole Bhature and Paneer Butter Masala were tasty  especially the Paneer Butter Masala. Would order again!,4,2025-12-30T14:04:27.930309
REV-000235,ORD-20251225-815529,CUST-10400,REST-DEL-001,Outstanding experience! The Lamb Rogan Josh and Palak Paneer exceeded all expectations. Lamb Rogan Josh was the star of the meal. Will definitely order again!,5,2025-12-30T16:13:54.930309
REV-000202,ORD-20251223-220934,CUST-10972,REST-BLR-001,Pleasant meal! Paneer Butter Masala  Rasmalai (2 pcs)  and Fresh Lime Soda arrived warm. Paneer Butter Masala was tasty though not exceptional. Would order again.,4,2025-12-30T16:18:48.930309
REV-000293,ORD-20251228-521791,CUST-10614,REST-BLR-001,Absolutely amazing Rasmalai (2 pcs)! The Rasmalai (2 pcs) was cooked to perfection. Fresh ingredients and authentic flavors. Highly recommend!,5,2025-12-30T17:48:19.930309
REV-000208,ORD-20251223-532151,CUST-10294,REST-BLR-001,Not good. Chicken Biryani and Butter Naan arrived late and cold. Chicken Biryani had barely any flavor. Poor quality.,2,2025-12-30T19:54:52.930309
REV-000316,ORD-20251229-101744,CUST-10164,REST-MUM-002,Best Indian food in UAE! Chicken Tikka Masala and Jeera Rice were incredible. Chicken Tikka Masala had the perfect balance of spices. Five stars!,5,2025-12-30T20:56:49.930309
REV-000276,ORD-20251227-770373,CUST-10248,REST-MUM-001,Very satisfied! Fish Curry  Jeera Rice  Paneer Butter Masala  Dal Makhani  and Butter Naan were fresh and flavorful. Fish Curry was the standout dish.,4,2025-12-30T21:33:24.930309
REV-000278,ORD-20251228-877122,CUST-10717,REST-DEL-001,Best Indian food in UAE! Gulab Jamun (2 pcs) were incredible. Gulab Jamun (2 pcs) had the perfect balance of spices. Five stars!,5,2025-12-31T10:42:41.930309
REV-000212,ORD-20251224-442755,CUST-10697,REST-MUM-001,Best Indian food in UAE! Fish Curry  Chicken Biryani  Samosa (2 pcs)  and Gajar Halwa were incredible. Samosa (2 pcs) had the perfect balance of spices. Five stars!,5,2025-12-31T11:06:55.930309
REV-000283,ORD-20251228-763853,CUST-10047,REST-DEL-001,Really good Malai Kofta  Sweet Lassi  Vegetable Biryani  Gajar Halwa  and Tandoori Roti! The Gajar Halwa was delicious. Slight delay in delivery but food quality made up for it.,4,2025-12-31T12:32:04.930309
REV-000265,ORD-20251227-499455,CUST-10257,REST-DEL-001,Enjoyed the Masala Chai  Lamb Rogan Josh  and Chicken Seekh Kebab! Chicken Seekh Kebab was very good. Portion sizes were generous. Recommend!,4,2025-12-31T13:34:18.930309
REV-000285,ORD-20251228-758216,CUST-10098,REST-DEL-001,Exceptional quality! Ordered Tandoori Roti and everything was delicious. The Tandoori Roti melted in my mouth. Perfect!,5,2025-12-31T14:21:28.930309
REV-000251,ORD-20251226-704300,CUST-10249,REST-MUM-001,Perfect in every way! Sweet Lassi were all excellent. Sweet Lassi stood out with its rich  authentic taste.,5,2025-12-31T14:54:45.930309
REV-000287,ORD-20251228-375998,CUST-10080,REST-DEL-001,Absolutely amazing Sweet Lassi  Mango Lassi  Masala Chai  and Garlic Naan! The Garlic Naan was cooked to perfection. Fresh ingredients and authentic flavors. Highly recommend!,5,2025-12-31T15:41:42.930309
REV-000291,ORD-20251228-596080,CUST-10559,REST-BLR-001,Wow! Just wow! Aloo Tikki Chaat  Sweet Lassi  and Gulab Jamun (2 pcs) were all fantastic. Gulab Jamun (2 pcs) was particularly memorable. Can't wait to order again!,5,2025-12-31T17:11:14.930309
REV-000256,ORD-20251226-904950,CUST-10315,REST-BLR-001,Perfect in every way! Gajar Halwa were all excellent. Gajar Halwa stood out with its rich  authentic taste.,5,2025-12-31T17:58:33.930309
REV-000237,ORD-20251225-746325,CUST-10348,REST-BLR-001,Perfect in every way! Tandoori Roti  Mango Lassi  Gajar Halwa  Chicken Tikka Masala  and Rasmalai (2 pcs) were all excellent. Mango Lassi stood out with its rich  authentic taste.,5,2025-12-31T18:37:35.930309
REV-000314,ORD-20251229-628471,CUST-10180,REST-DEL-001,Really good Gulab Jamun (2 pcs)  Mango Lassi  Malai Kofta  Chole Bhature  and Gajar Halwa! The Mango Lassi was delicious. Slight delay in delivery but food quality made up for it.,4,2025-12-31T18:40:56.930309
REV-000295,ORD-20251228-940605,CUST-10607,REST-MUM-002,Average experience. Garlic Naan  Fish Curry  Rasmalai (2 pcs)  Naan  and Paneer Tikka were fine but Fish Curry was a bit bland. Room for improvement.,3,2025-12-31T18:42:14.930309
REV-000315,ORD-20251229-784297,CUST-10803,REST-BLR-001,Outstanding experience! The Chicken Seekh Kebab  Butter Naan  and Paneer Butter Masala exceeded all expectations. Paneer Butter Masala was the star of the meal. Will definitely order again!,5,2025-12-31T19:42:32.930309
REV-000297,ORD-20251228-512466,CUST-10078,REST-MUM-002,Perfect in every way! Garlic Naan  Chole Bhature  Butter Chicken  and Tandoori Roti were all excellent. Tandoori Roti stood out with its rich  authentic taste.,5,2025-12-31T20:04:18.930309
REV-000298,ORD-20251228-816448,CUST-10609,REST-MUM-002,Perfect in every way! Butter Chicken  Fresh Lime Soda  Sweet Lassi  and Kulfi were all excellent. Fresh Lime Soda stood out with its rich  authentic taste.,5,2025-12-31T20:13:05.930309
REV-000225,ORD-20251224-380091,CUST-10712,REST-DEL-001,It was okay. Aloo Tikki Chaat and Chicken Biryani arrived lukewarm. Chicken Biryani tasted fine but could be better.,3,2025-12-31T20:30:54.930309
REV-000260,ORD-20251226-384079,CUST-10512,REST-MUM-001,Outstanding experience! The Mango Lassi  Sweet Lassi  Rasmalai (2 pcs)  Samosa (2 pcs)  and Paneer Tikka exceeded all expectations. Mango Lassi was the star of the meal. Will definitely order again!,5,2025-12-31T22:03:15.930309
REV-000301,ORD-20251228-280045,CUST-10753,REST-BLR-001,Absolutely amazing Chicken Seekh Kebab! The Chicken Seekh Kebab was cooked to perfection. Fresh ingredients and authentic flavors. Highly recommend!,5,2025-12-31T22:13:23.930309
REV-000227,ORD-20251224-232507,CUST-10922,REST-DEL-001,Terrible experience! Chicken 65  Masala Chai  Naan  and Rasmalai (2 pcs) were all inedible. Naan was completely burnt. Waste of money!,1,2025-12-31T22:24:19.930309
REV-000241,ORD-20251225-464281,CUST-10471,REST-MUM-001,Absolutely amazing Sweet Lassi  Aloo Tikki Chaat  Tandoori Roti  Paneer Butter Masala  and Butter Chicken! The Tandoori Roti was cooked to perfection. Fresh ingredients and authentic flavors. Highly recommend!,5,2025-12-31T22:36:46.930309
REV-000245,ORD-20251226-190476,CUST-10550,REST-BLR-001,Mixed feelings. Fish Curry  Butter Chicken  and Naan were acceptable. Naan was decent but portion was small for the price.,3,2026-01-01T11:49:17.930309
REV-000302,ORD-20251229-455034,CUST-10770,REST-MUM-002,It was okay. Aloo Tikki Chaat  Paneer Butter Masala  Kulfi  and Chole Bhature arrived lukewarm. Kulfi tasted fine but could be better.,3,2026-01-01T12:25:59.930309
REV-000248,ORD-20251226-259735,CUST-10773,REST-MUM-002,Poor experience. Paneer Butter Masala  Butter Naan  Fish Curry  Vegetable Biryani  and Malai Kofta were disappointing. Malai Kofta was burnt on the edges. Very unhappy.,2,2026-01-01T13:17:32.930309
REV-000306,ORD-20251229-604116,CUST-10174,REST-MUM-001,Hands down the best Gajar Halwa I've ever had! Gajar Halwa and Kulfi were all prepared beautifully. Fresh and flavorful!,5,2026-01-01T13:35:33.930309
REV-000236,ORD-20251225-285031,CUST-10671,REST-MUM-001,Perfect in every way! Vegetable Biryani  Butter Chicken  and Masala Chai were all excellent. Masala Chai stood out with its rich  authentic taste.,5,2026-01-01T16:48:47.930309
REV-000268,ORD-20251227-938394,CUST-10253,REST-MUM-002,Disappointed with Butter Chicken  Gajar Halwa  Gulab Jamun (2 pcs)  and Aloo Tikki Chaat. Butter Chicken was cold when it arrived. Not worth the money.,2,2026-01-01T17:59:16.930309
REV-000312,ORD-20251229-263224,CUST-10275,REST-MUM-001,Not bad  not great. Butter Chicken  Masala Chai  and Lamb Rogan Josh were edible. Masala Chai needed more seasoning.,3,2026-01-01T18:02:26.930309
REV-000296,ORD-20251228-342935,CUST-10872,REST-BLR-001,Incredible meal! Aloo Tikki Chaat  Kulfi  Butter Naan  and Malai Kofta arrived hot and fresh. The Kulfi was absolutely divine. Highly satisfied!,5,2026-01-01T18:55:29.930309
REV-000327,ORD-20251230-873413,CUST-10695,REST-MUM-002,Hands down the best Garlic Naan I've ever had! Chicken 65  Paneer Tikka  Rasmalai (2 pcs)  Chicken Biryani  and Garlic Naan were all prepared beautifully. Fresh and flavorful!,5,2026-01-01T18:57:10.930309
REV-000238,ORD-20251225-930280,CUST-10296,REST-BLR-001,Perfect in every way! Sweet Lassi  Aloo Tikki Chaat  Malai Kofta  and Chicken Biryani were all excellent. Malai Kofta stood out with its rich  authentic taste.,5,2026-01-01T19:01:16.930309
REV-000272,ORD-20251227-113689,CUST-10221,REST-BLR-001,Mixed feelings. Chicken 65 and Gajar Halwa were acceptable. Chicken 65 was decent but portion was small for the price.,3,2026-01-01T20:41:59.930309
REV-000274,ORD-20251227-823175,CUST-10486,REST-MUM-002,Disaster! Jeera Rice  Masala Chai  and Tandoori Roti were all stale. Jeera Rice had a weird smell. Completely unacceptable!,1,2026-01-01T21:04:30.930309
REV-000261,ORD-20251226-709232,CUST-10846,REST-MUM-001,Average experience. Gulab Jamun (2 pcs)  Lamb Rogan Josh  Samosa (2 pcs)  Jeera Rice  and Tandoori Roti were fine but Samosa (2 pcs) was a bit bland. Room for improvement.,3,2026-01-01T22:19:29.930309
REV-000329,ORD-20251230-504534,CUST-10710,REST-DEL-002,Best Indian food in UAE! Vegetable Biryani were incredible. Vegetable Biryani had the perfect balance of spices. Five stars!,5,2026-01-01T22:34:21.930309
REV-000332,ORD-20251231-299848,CUST-10108,REST-DEL-001,Good quality food. Gulab Jamun (2 pcs) were nicely done. Gulab Jamun (2 pcs) could have been slightly spicier but still good!,4,2026-01-02T10:43:41.930309
REV-000280,ORD-20251228-754203,CUST-10872,REST-MUM-001,It was okay. Fish Curry  Butter Chicken  and Samosa (2 pcs) arrived lukewarm. Samosa (2 pcs) tasted fine but could be better.,3,2026-01-02T11:57:36.930309
REV-000264,ORD-20251227-967703,CUST-10476,REST-BLR-001,Really good Paneer Butter Masala  Tandoori Roti  and Chicken Tikka Masala! The Chicken Tikka Masala was delicious. Slight delay in delivery but food quality made up for it.,4,2026-01-02T11:58:18.930309
REV-000304,ORD-20251229-581054,CUST-10547,REST-DEL-002,Absolutely horrible! Jeera Rice  Palak Paneer  Dal Makhani  and Butter Naan arrived ice cold after 2 hour delay. Palak Paneer was spoiled. Disgusting!,1,2026-01-02T13:10:12.930309
REV-000305,ORD-20251229-950383,CUST-10823,REST-BLR-001,Mixed feelings. Chicken Seekh Kebab and Aloo Tikki Chaat were acceptable. Chicken Seekh Kebab was decent but portion was small for the price.,3,2026-01-02T13:13:51.930309
REV-000247,ORD-20251226-261389,CUST-10677,REST-MUM-002,Perfect in every way! Aloo Tikki Chaat  Chicken Tikka Masala  Paneer Tikka  and Lamb Rogan Josh were all excellent. Aloo Tikki Chaat stood out with its rich  authentic taste.,5,2026-01-02T13:17:19.930309
REV-000249,ORD-20251226-206205,CUST-10965,REST-MUM-001,Absolutely amazing Gajar Halwa  Chicken Tikka Masala  Naan  Samosa (2 pcs)  and Dal Makhani! The Naan was cooked to perfection. Fresh ingredients and authentic flavors. Highly recommend!,5,2026-01-02T13:47:24.930309
REV-000307,ORD-20251229-919254,CUST-10903,REST-BLR-001,Hands down the best Naan I've ever had! Garlic Naan  Kulfi  Naan  Sweet Lassi  and Masala Chai were all prepared beautifully. Fresh and flavorful!,5,2026-01-02T14:12:42.930309
REV-000323,ORD-20251230-676179,CUST-10506,REST-BLR-001,Best Indian food in UAE! Dal Makhani  Chicken Tikka Masala  and Naan were incredible. Dal Makhani had the perfect balance of spices. Five stars!,5,2026-01-02T14:32:15.930309
REV-000324,ORD-20251230-901135,CUST-10498,REST-DEL-001,Exceptional quality! Ordered Chole Bhature  Lamb Rogan Josh  and Vegetable Biryani and everything was delicious. The Vegetable Biryani melted in my mouth. Perfect!,5,2026-01-02T15:22:35.930309
REV-000252,ORD-20251226-690285,CUST-10273,REST-DEL-001,Decent food but nothing special. Palak Paneer and Gulab Jamun (2 pcs) were okay. Gulab Jamun (2 pcs) lacked the punch I expected.,3,2026-01-02T15:30:28.930309
REV-000290,ORD-20251228-509613,CUST-10374,REST-MUM-001,Wow! Just wow! Paneer Tikka and Fish Curry were all fantastic. Fish Curry was particularly memorable. Can't wait to order again!,5,2026-01-02T17:04:33.930309
REV-000311,ORD-20251229-421973,CUST-10214,REST-BLR-001,Average experience. Vegetable Biryani and Naan were fine but Vegetable Biryani was a bit bland. Room for improvement.,3,2026-01-02T17:38:31.930309
REV-000351,ORD-20260101-308129,CUST-10280,REST-MUM-001,Hands down the best Chicken Biryani I've ever had! Chicken Biryani were all prepared beautifully. Fresh and flavorful!,5,2026-01-02T18:01:13.930309
REV-000313,ORD-20251229-233265,CUST-10076,REST-DEL-002,Incredible meal! Lamb Rogan Josh  Gajar Halwa  Dal Makhani  Paneer Tikka  and Chole Bhature arrived hot and fresh. The Paneer Tikka was absolutely divine. Highly satisfied!,5,2026-01-02T18:22:26.930309
REV-000354,ORD-20260101-473578,CUST-10629,REST-BLR-001,Incredible meal! Butter Naan  Aloo Tikki Chaat  Vegetable Biryani  Paneer Butter Masala  and Samosa (2 pcs) arrived hot and fresh. The Paneer Butter Masala was absolutely divine. Highly satisfied!,5,2026-01-02T18:53:35.930309
REV-000356,ORD-20260101-175173,CUST-10429,REST-BLR-001,Incredible meal! Butter Naan and Dal Makhani arrived hot and fresh. The Dal Makhani was absolutely divine. Highly satisfied!,5,2026-01-02T18:59:48.930309
REV-000357,ORD-20260101-298001,CUST-10939,REST-MUM-002,Incredible meal! Garlic Naan  Aloo Tikki Chaat  Chole Bhature  Chicken Tikka Masala  and Naan arrived hot and fresh. The Chole Bhature was absolutely divine. Highly satisfied!,5,2026-01-02T21:00:06.930309
REV-000299,ORD-20251228-998988,CUST-10065,REST-MUM-001,Solid experience. Chicken Tikka Masala  Gulab Jamun (2 pcs)  and Malai Kofta were well-prepared. Gulab Jamun (2 pcs) had great flavor. Minor issues with packaging.,4,2026-01-02T22:04:13.930309
REV-000360,ORD-20260101-505089,CUST-10768,REST-DEL-002,Perfect in every way! Aloo Tikki Chaat  Tandoori Roti  Sweet Lassi  and Malai Kofta were all excellent. Tandoori Roti stood out with its rich  authentic taste.,5,2026-01-02T22:14:32.930309
REV-000277,ORD-20251227-693833,CUST-10458,REST-DEL-002,Really good Paneer Tikka  Lamb Rogan Josh  Fish Curry  Gulab Jamun (2 pcs)  and Dal Makhani! The Gulab Jamun (2 pcs) was delicious. Slight delay in delivery but food quality made up for it.,4,2026-01-02T22:32:53.930309
REV-000262,ORD-20251226-283192,CUST-10191,REST-BLR-001,Hands down the best Fresh Lime Soda I've ever had! Fresh Lime Soda were all prepared beautifully. Fresh and flavorful!,5,2026-01-02T22:46:21.930309
REV-000362,ORD-20260102-243200,CUST-10862,REST-DEL-001,Best Indian food in UAE! Gajar Halwa  Sweet Lassi  Chole Bhature  and Fresh Lime Soda were incredible. Sweet Lassi had the perfect balance of spices. Five stars!,5,2026-01-03T10:00:41.930309
REV-000279,ORD-20251228-243664,CUST-10708,REST-DEL-001,Wow! Just wow! Vegetable Biryani  Aloo Tikki Chaat  Dal Makhani  Chicken Biryani  and Paneer Tikka were all fantastic. Chicken Biryani was particularly memorable. Can't wait to order again!,5,2026-01-03T11:15:30.930309
REV-000365,ORD-20260102-138155,CUST-10686,REST-BLR-001,Enjoyed the Naan and Dal Makhani! Dal Makhani was very good. Portion sizes were generous. Recommend!,4,2026-01-03T11:18:18.930309
REV-000303,ORD-20251229-181168,CUST-10868,REST-MUM-002,Decent food but nothing special. Paneer Tikka and Palak Paneer were okay. Paneer Tikka lacked the punch I expected.,3,2026-01-03T12:56:54.930309
REV-000322,ORD-20251230-869423,CUST-10973,REST-BLR-001,Wow! Just wow! Lamb Rogan Josh  Butter Naan  and Vegetable Biryani were all fantastic. Lamb Rogan Josh was particularly memorable. Can't wait to order again!,5,2026-01-03T13:28:16.930309
REV-000284,ORD-20251228-338963,CUST-10869,REST-MUM-001,Not bad  not great. Malai Kofta were edible. Malai Kofta needed more seasoning.,3,2026-01-03T13:35:04.930309
REV-000336,ORD-20251231-545597,CUST-10265,REST-DEL-002,Pleasant meal! Gajar Halwa  Garlic Naan  Vegetable Biryani  Samosa (2 pcs)  and Butter Chicken arrived warm. Garlic Naan was tasty though not exceptional. Would order again.,4,2026-01-03T14:52:56.930309
REV-000337,ORD-20251231-104167,CUST-10134,REST-DEL-001,Very satisfied! Vegetable Biryani were fresh and flavorful. Vegetable Biryani was the standout dish.,4,2026-01-03T15:09:16.930309
REV-000286,ORD-20251228-519614,CUST-10284,REST-DEL-002,Average experience. Paneer Tikka were fine but Paneer Tikka was a bit bland. Room for improvement.,3,2026-01-03T15:27:41.930309
REV-000325,ORD-20251230-423444,CUST-10966,REST-MUM-001,Mediocre. Lamb Rogan Josh and Samosa (2 pcs) were fine but forgettable. Samosa (2 pcs) didn't stand out.,3,2026-01-03T16:27:07.930309
REV-000267,ORD-20251227-448424,CUST-10527,REST-MUM-001,Outstanding experience! The Jeera Rice  Butter Chicken  and Chicken 65 exceeded all expectations. Chicken 65 was the star of the meal. Will definitely order again!,5,2026-01-03T17:46:57.930309
REV-000371,ORD-20260102-938206,CUST-10973,REST-MUM-002,Really good Malai Kofta  Chicken Tikka Masala  and Chole Bhature! The Chole Bhature was delicious. Slight delay in delivery but food quality made up for it.,4,2026-01-03T17:58:26.930309
REV-000326,ORD-20251230-907635,CUST-10339,REST-MUM-002,Outstanding experience! The Gajar Halwa exceeded all expectations. Gajar Halwa was the star of the meal. Will definitely order again!,5,2026-01-03T18:00:11.930309
REV-000340,ORD-20251231-113287,CUST-10051,REST-MUM-001,Perfect in every way! Masala Chai and Chicken Biryani were all excellent. Masala Chai stood out with its rich  authentic taste.,5,2026-01-03T19:18:38.930309
REV-000271,ORD-20251227-325328,CUST-10982,REST-BLR-001,Worst food ever! Chole Bhature  Jeera Rice  Naan  and Chicken 65 were all wrong. Chicken 65 made me sick. Never ordering again!,1,2026-01-03T20:22:50.930309
REV-000358,ORD-20260101-824994,CUST-10080,REST-DEL-001,Best Indian food in UAE! Gulab Jamun (2 pcs) and Jeera Rice were incredible. Gulab Jamun (2 pcs) had the perfect balance of spices. Five stars!,5,2026-01-03T21:17:25.930309
REV-000281,ORD-20251228-267170,CUST-10520,REST-DEL-002,Very satisfied! Rasmalai (2 pcs) were fresh and flavorful. Rasmalai (2 pcs) was the standout dish.,4,2026-01-04T12:02:03.930309
REV-000381,ORD-20260103-824920,CUST-10067,REST-MUM-001,Good quality food. Dal Makhani were nicely done. Dal Makhani could have been slightly spicier but still good!,4,2026-01-04T12:09:30.930309
REV-000282,ORD-20251228-613960,CUST-10538,REST-DEL-002,Outstanding experience! The Paneer Tikka exceeded all expectations. Paneer Tikka was the star of the meal. Will definitely order again!,5,2026-01-04T12:19:48.930309
REV-000386,ORD-20260103-480757,CUST-10292,REST-MUM-001,Exceptional quality! Ordered Butter Chicken and Chicken Seekh Kebab and everything was delicious. The Chicken Seekh Kebab melted in my mouth. Perfect!,5,2026-01-04T14:17:22.930309
REV-000348,ORD-20260101-109478,CUST-10920,REST-DEL-001,Enjoyed the Gulab Jamun (2 pcs)  Palak Paneer  and Chicken Seekh Kebab! Gulab Jamun (2 pcs) was very good. Portion sizes were generous. Recommend!,4,2026-01-04T15:07:11.930309
REV-000349,ORD-20260101-821369,CUST-10766,REST-MUM-001,Solid experience. Butter Chicken  Garlic Naan  Aloo Tikki Chaat  Samosa (2 pcs)  and Fresh Lime Soda were well-prepared. Garlic Naan had great flavor. Minor issues with packaging.,4,2026-01-04T15:29:57.930309
REV-000388,ORD-20260103-465381,CUST-10860,REST-DEL-001,Terrible experience! Paneer Butter Masala were all inedible. Paneer Butter Masala was completely burnt. Waste of money!,1,2026-01-04T15:44:15.930309
REV-000289,ORD-20251228-264082,CUST-10123,REST-BLR-001,Enjoyed the Malai Kofta  Sweet Lassi  and Tandoori Roti! Sweet Lassi was very good. Portion sizes were generous. Recommend!,4,2026-01-04T16:41:44.930309
REV-000339,ORD-20251231-120215,CUST-10949,REST-MUM-002,Absolutely amazing Jeera Rice  Paneer Tikka  Fish Curry  Chicken Tikka Masala  and Gulab Jamun (2 pcs)! The Jeera Rice was cooked to perfection. Fresh ingredients and authentic flavors. Highly recommend!,5,2026-01-04T17:07:12.930309
REV-000294,ORD-20251228-412023,CUST-10044,REST-MUM-002,Very satisfied! Aloo Tikki Chaat and Jeera Rice were fresh and flavorful. Jeera Rice was the standout dish.,4,2026-01-04T17:59:47.930309
REV-000392,ORD-20260103-852672,CUST-10484,REST-MUM-002,Mediocre. Aloo Tikki Chaat and Gulab Jamun (2 pcs) were fine but forgettable. Gulab Jamun (2 pcs) didn't stand out.,3,2026-01-04T18:24:02.930309
REV-000373,ORD-20260102-849614,CUST-10229,REST-DEL-002,Not good. Palak Paneer  Dal Makhani  Mango Lassi  Chicken Biryani  and Tandoori Roti arrived late and cold. Dal Makhani had barely any flavor. Poor quality.,2,2026-01-04T18:39:13.930309
REV-000393,ORD-20260103-771678,CUST-10812,REST-MUM-001,Hands down the best Kulfi I've ever had! Kulfi  Chicken 65  and Lamb Rogan Josh were all prepared beautifully. Fresh and flavorful!,5,2026-01-04T19:57:51.930309
REV-000374,ORD-20260102-881443,CUST-10182,REST-MUM-002,Great food overall. Butter Chicken  Vegetable Biryani  and Palak Paneer were tasty  especially the Vegetable Biryani. Would order again!,4,2026-01-04T20:11:40.930309
REV-000343,ORD-20251231-902735,CUST-10241,REST-MUM-001,Really good Chicken Tikka Masala and Mango Lassi! The Mango Lassi was delicious. Slight delay in delivery but food quality made up for it.,4,2026-01-04T20:30:10.930309
REV-000317,ORD-20251229-105669,CUST-10949,REST-BLR-001,Perfect in every way! Sweet Lassi  Chicken Biryani  Aloo Tikki Chaat  and Lamb Rogan Josh were all excellent. Lamb Rogan Josh stood out with its rich  authentic taste.,5,2026-01-04T21:26:23.930309
REV-000300,ORD-20251228-478710,CUST-10555,REST-DEL-001,Incredible meal! Palak Paneer and Kulfi arrived hot and fresh. The Kulfi was absolutely divine. Highly satisfied!,5,2026-01-04T22:11:07.930309
REV-000319,ORD-20251229-628274,CUST-10266,REST-MUM-001,Appalling quality! Gulab Jamun (2 pcs)  Jeera Rice  and Dal Makhani were swimming in oil. Jeera Rice was raw inside. Health hazard!,1,2026-01-04T22:24:21.930309
REV-000376,ORD-20260102-472879,CUST-10927,REST-DEL-001,Incredible meal! Chicken Seekh Kebab  Fish Curry  Kulfi  Naan  and Butter Chicken arrived hot and fresh. The Kulfi was absolutely divine. Highly satisfied!,5,2026-01-04T22:33:48.930309
REV-000361,ORD-20260101-962457,CUST-10041,REST-DEL-002,Pleasant meal! Lamb Rogan Josh  Chicken Seekh Kebab  Samosa (2 pcs)  Mango Lassi  and Paneer Tikka arrived warm. Chicken Seekh Kebab was tasty though not exceptional. Would order again.,4,2026-01-04T22:58:29.930309
REV-000331,ORD-20251231-250215,CUST-10037,REST-DEL-002,Great food overall. Naan  Chole Bhature  Fresh Lime Soda  and Samosa (2 pcs) were tasty  especially the Naan. Would order again!,4,2026-01-05T10:21:18.930309
REV-000395,ORD-20260104-475798,CUST-10503,REST-MUM-001,Solid experience. Chicken Tikka Masala and Gulab Jamun (2 pcs) were well-prepared. Chicken Tikka Masala had great flavor. Minor issues with packaging.,4,2026-01-05T10:31:40.930309
REV-000399,ORD-20260104-438243,CUST-10508,REST-MUM-002,Pleasant meal! Masala Chai  Tandoori Roti  Chicken 65  Fish Curry  and Vegetable Biryani arrived warm. Masala Chai was tasty though not exceptional. Would order again.,4,2026-01-05T12:56:26.930309
REV-000385,ORD-20260103-539189,CUST-10368,REST-MUM-002,Wow! Just wow! Vegetable Biryani were all fantastic. Vegetable Biryani was particularly memorable. Can't wait to order again!,5,2026-01-05T13:57:22.930309
REV-000334,ORD-20251231-150814,CUST-10873,REST-MUM-002,Absolutely amazing Butter Chicken  Vegetable Biryani  Naan  Chicken Tikka Masala  and Mango Lassi! The Mango Lassi was cooked to perfection. Fresh ingredients and authentic flavors. Highly recommend!,5,2026-01-05T14:16:16.930309
REV-000367,ORD-20260102-521285,CUST-10633,REST-BLR-001,Exceptional quality! Ordered Masala Chai  Gajar Halwa  Chicken Seekh Kebab  and Mango Lassi and everything was delicious. The Gajar Halwa melted in my mouth. Perfect!,5,2026-01-05T14:44:14.930309
REV-000369,ORD-20260102-927254,CUST-10775,REST-MUM-001,Decent food but nothing special. Paneer Tikka were okay. Paneer Tikka lacked the punch I expected.,3,2026-01-05T15:51:06.930309
REV-000308,ORD-20251229-426906,CUST-10912,REST-BLR-001,Decent food but nothing special. Fish Curry were okay. Fish Curry lacked the punch I expected.,3,2026-01-05T15:55:10.930309
REV-000309,ORD-20251229-394872,CUST-10644,REST-DEL-002,Outstanding experience! The Butter Chicken  Fresh Lime Soda  Gajar Halwa  Garlic Naan  and Lamb Rogan Josh exceeded all expectations. Butter Chicken was the star of the meal. Will definitely order again!,5,2026-01-05T16:05:22.930309
REV-000310,ORD-20251229-624645,CUST-10267,REST-MUM-002,Very satisfied! Jeera Rice were fresh and flavorful. Jeera Rice was the standout dish.,4,2026-01-05T16:05:47.930309
REV-000352,ORD-20260101-664893,CUST-10962,REST-MUM-001,Incredible meal! Naan  Butter Naan  and Kulfi arrived hot and fresh. The Butter Naan was absolutely divine. Highly satisfied!,5,2026-01-05T18:33:46.930309
REV-000341,ORD-20251231-897255,CUST-10615,REST-MUM-002,Disappointed with Vegetable Biryani  Tandoori Roti  Dal Makhani  and Malai Kofta. Vegetable Biryani was cold when it arrived. Not worth the money.,2,2026-01-05T19:29:09.930309
REV-000375,ORD-20260102-975191,CUST-10677,REST-MUM-001,Pleasant meal! Gajar Halwa  Vegetable Biryani  Gulab Jamun (2 pcs)  Chicken Seekh Kebab  and Fish Curry arrived warm. Chicken Seekh Kebab was tasty though not exceptional. Would order again.,4,2026-01-05T20:11:54.930309
REV-000318,ORD-20251229-101951,CUST-10212,REST-MUM-001,Absolutely amazing Lamb Rogan Josh! The Lamb Rogan Josh was cooked to perfection. Fresh ingredients and authentic flavors. Highly recommend!,5,2026-01-05T21:27:24.930309
REV-000328,ORD-20251230-157564,CUST-10137,REST-MUM-001,Mediocre. Chole Bhature  Masala Chai  and Chicken Tikka Masala were fine but forgettable. Chole Bhature didn't stand out.,3,2026-01-05T22:15:41.930309
REV-000330,ORD-20251230-415220,CUST-10792,REST-DEL-001,Really good Tandoori Roti and Gajar Halwa! The Gajar Halwa was delicious. Slight delay in delivery but food quality made up for it.,4,2026-01-05T22:49:25.930309
REV-000320,ORD-20251230-415592,CUST-10672,REST-MUM-001,Incredible meal! Fish Curry  Fresh Lime Soda  Mango Lassi  Paneer Tikka  and Masala Chai arrived hot and fresh. The Fresh Lime Soda was absolutely divine. Highly satisfied!,5,2026-01-06T10:05:01.930309
REV-000363,ORD-20260102-828734,CUST-10779,REST-DEL-002,Absolutely amazing Paneer Tikka  Fresh Lime Soda  Sweet Lassi  and Chicken Tikka Masala! The Sweet Lassi was cooked to perfection. Fresh ingredients and authentic flavors. Highly recommend!,5,2026-01-06T10:19:00.930309
REV-000378,ORD-20260103-342582,CUST-10790,REST-BLR-001,Wow! Just wow! Butter Chicken and Fresh Lime Soda were all fantastic. Fresh Lime Soda was particularly memorable. Can't wait to order again!,5,2026-01-06T11:24:03.930309
REV-000321,ORD-20251230-591382,CUST-10109,REST-DEL-001,Average experience. Butter Naan  Paneer Butter Masala  Chole Bhature  and Dal Makhani were fine but Butter Naan was a bit bland. Room for improvement.,3,2026-01-06T12:16:02.930309
REV-000401,ORD-20260104-237755,CUST-10006,REST-DEL-002,Hands down the best Palak Paneer I've ever had! Palak Paneer were all prepared beautifully. Fresh and flavorful!,5,2026-01-06T13:45:29.930309
REV-000335,ORD-20251231-372164,CUST-10456,REST-BLR-001,Wow! Just wow! Fish Curry  Paneer Butter Masala  Palak Paneer  Vegetable Biryani  and Mango Lassi were all fantastic. Fish Curry was particularly memorable. Can't wait to order again!,5,2026-01-06T14:51:59.930309
REV-000370,ORD-20260102-410796,CUST-10524,REST-DEL-002,Wow! Just wow! Garlic Naan  Lamb Rogan Josh  and Vegetable Biryani were all fantastic. Lamb Rogan Josh was particularly memorable. Can't wait to order again!,5,2026-01-06T17:05:00.930309
REV-000390,ORD-20260103-545232,CUST-10807,REST-BLR-001,Hands down the best Gajar Halwa I've ever had! Gajar Halwa  Sweet Lassi  Kulfi  and Chicken Seekh Kebab were all prepared beautifully. Fresh and flavorful!,5,2026-01-06T17:17:16.930309
REV-000391,ORD-20260103-859084,CUST-10631,REST-DEL-001,It was okay. Samosa (2 pcs)  Chicken Tikka Masala  Chicken 65  Palak Paneer  and Sweet Lassi arrived lukewarm. Samosa (2 pcs) tasted fine but could be better.,3,2026-01-06T17:28:47.930309
REV-000411,ORD-20260104-546623,CUST-10142,REST-BLR-001,Wow! Just wow! Gajar Halwa were all fantastic. Gajar Halwa was particularly memorable. Can't wait to order again!,5,2026-01-06T21:57:14.930309
REV-000333,ORD-20251231-952799,CUST-10447,REST-DEL-002,Hands down the best Mango Lassi I've ever had! Mango Lassi were all prepared beautifully. Fresh and flavorful!,5,2026-01-07T10:45:19.930309
REV-000364,ORD-20260102-255690,CUST-10614,REST-DEL-001,Perfect in every way! Paneer Butter Masala  Sweet Lassi  Garlic Naan  Gulab Jamun (2 pcs)  and Vegetable Biryani were all excellent. Gulab Jamun (2 pcs) stood out with its rich  authentic taste.,5,2026-01-07T11:13:16.930309
REV-000379,ORD-20260103-633840,CUST-10066,REST-DEL-002,Perfect in every way! Chole Bhature were all excellent. Chole Bhature stood out with its rich  authentic taste.,5,2026-01-07T11:30:36.930309
REV-000382,ORD-20260103-924541,CUST-10875,REST-DEL-002,Perfect in every way! Vegetable Biryani  Fish Curry  Gulab Jamun (2 pcs)  Chicken Tikka Masala  and Samosa (2 pcs) were all excellent. Gulab Jamun (2 pcs) stood out with its rich  authentic taste.,5,2026-01-07T12:25:37.930309
REV-000430,ORD-20260106-979276,CUST-10647,REST-MUM-002,Great food overall. Rasmalai (2 pcs)  Samosa (2 pcs)  Gulab Jamun (2 pcs)  and Tandoori Roti were tasty  especially the Samosa (2 pcs). Would order again!,4,2026-01-07T12:31:33.930309
REV-000384,ORD-20260103-890991,CUST-10693,REST-BLR-001,Not bad  not great. Fresh Lime Soda and Paneer Butter Masala were edible. Fresh Lime Soda needed more seasoning.,3,2026-01-07T13:38:21.930309
REV-000344,ORD-20260101-295112,CUST-10692,REST-DEL-001,Outstanding experience! The Chicken Tikka Masala  Vegetable Biryani  Masala Chai  and Rasmalai (2 pcs) exceeded all expectations. Masala Chai was the star of the meal. Will definitely order again!,5,2026-01-07T14:03:57.930309
REV-000345,ORD-20260101-696658,CUST-10300,REST-DEL-001,Average experience. Malai Kofta  Rasmalai (2 pcs)  Naan  and Chicken Tikka Masala were fine but Rasmalai (2 pcs) was a bit bland. Room for improvement.,3,2026-01-07T14:15:31.930309
REV-000347,ORD-20260101-436603,CUST-10167,REST-BLR-001,Enjoyed the Kulfi  Fresh Lime Soda  Masala Chai  Paneer Tikka  and Palak Paneer! Fresh Lime Soda was very good. Portion sizes were generous. Recommend!,4,2026-01-07T14:25:55.930309
REV-000350,ORD-20260101-633007,CUST-10981,REST-DEL-002,Perfect in every way! Vegetable Biryani  Butter Chicken  Jeera Rice  and Gajar Halwa were all excellent. Jeera Rice stood out with its rich  authentic taste.,5,2026-01-07T16:19:40.930309
REV-000338,ORD-20251231-952117,CUST-10000,REST-BLR-001,Outstanding experience! The Lamb Rogan Josh  Butter Naan  Dal Makhani  Samosa (2 pcs)  and Sweet Lassi exceeded all expectations. Samosa (2 pcs) was the star of the meal. Will definitely order again!,5,2026-01-07T16:29:01.930309
REV-000404,ORD-20260104-437316,CUST-10575,REST-DEL-002,Hands down the best Mango Lassi I've ever had! Gajar Halwa  Naan  Fresh Lime Soda  and Mango Lassi were all prepared beautifully. Fresh and flavorful!,5,2026-01-07T16:47:08.930309
REV-000406,ORD-20260104-872785,CUST-10326,REST-BLR-001,Solid experience. Paneer Butter Masala  Lamb Rogan Josh  Naan  Gajar Halwa  and Masala Chai were well-prepared. Gajar Halwa had great flavor. Minor issues with packaging.,4,2026-01-07T18:13:54.930309
REV-000372,ORD-20260102-349483,CUST-10995,REST-DEL-001,Exceptional quality! Ordered Butter Chicken  Fresh Lime Soda  and Palak Paneer and everything was delicious. The Butter Chicken melted in my mouth. Perfect!,5,2026-01-07T18:19:05.930309
REV-000353,ORD-20260101-821330,CUST-10849,REST-MUM-002,Outstanding experience! The Masala Chai  Kulfi  Butter Naan  Jeera Rice  and Malai Kofta exceeded all expectations. Jeera Rice was the star of the meal. Will definitely order again!,5,2026-01-07T18:50:44.930309
REV-000342,ORD-20251231-666150,CUST-10978,REST-MUM-002,Pleasant meal! Paneer Tikka  Chicken Biryani  Chicken 65  and Paneer Butter Masala arrived warm. Paneer Tikka was tasty though not exceptional. Would order again.,4,2026-01-07T19:51:47.930309
REV-000440,ORD-20260106-957935,CUST-10112,REST-DEL-002,Wow! Just wow! Naan and Lamb Rogan Josh were all fantastic. Naan was particularly memorable. Can't wait to order again!,5,2026-01-07T21:00:30.930309
REV-000412,ORD-20260104-792650,CUST-10678,REST-MUM-001,Good quality food. Masala Chai  Kulfi  and Paneer Butter Masala were nicely done. Paneer Butter Masala could have been slightly spicier but still good!,4,2026-01-07T22:16:29.930309
REV-000414,ORD-20260105-412044,CUST-10200,REST-MUM-001,Outstanding experience! The Masala Chai  Rasmalai (2 pcs)  and Fish Curry exceeded all expectations. Fish Curry was the star of the meal. Will definitely order again!,5,2026-01-08T10:37:22.930309
REV-000380,ORD-20260103-883909,CUST-10274,REST-MUM-001,Wow! Just wow! Gajar Halwa  Kulfi  Paneer Butter Masala  and Garlic Naan were all fantastic. Garlic Naan was particularly memorable. Can't wait to order again!,5,2026-01-08T11:39:35.930309
REV-000398,ORD-20260104-504394,CUST-10277,REST-MUM-002,Hands down the best Rasmalai (2 pcs) I've ever had! Rasmalai (2 pcs) were all prepared beautifully. Fresh and flavorful!,5,2026-01-08T11:51:32.930309
REV-000366,ORD-20260102-180654,CUST-10476,REST-MUM-002,Really good Rasmalai (2 pcs)  Dal Makhani  Aloo Tikki Chaat  and Sweet Lassi! The Aloo Tikki Chaat was delicious. Slight delay in delivery but food quality made up for it.,4,2026-01-08T11:53:29.930309
REV-000450,ORD-20260107-768415,CUST-10378,REST-DEL-001,Outstanding experience! The Lamb Rogan Josh  Chicken 65  Gajar Halwa  Jeera Rice  and Chicken Tikka Masala exceeded all expectations. Chicken Tikka Masala was the star of the meal. Will definitely order again!,5,2026-01-08T13:01:13.930309
REV-000400,ORD-20260104-552170,CUST-10522,REST-DEL-001,Pleasant meal! Gajar Halwa arrived warm. Gajar Halwa was tasty though not exceptional. Would order again.,4,2026-01-08T13:36:37.930309
REV-000346,ORD-20260101-425698,CUST-10686,REST-DEL-001,Solid experience. Chicken Biryani were well-prepared. Chicken Biryani had great flavor. Minor issues with packaging.,4,2026-01-08T14:19:25.930309
REV-000387,ORD-20260103-576303,CUST-10133,REST-MUM-001,Pleasant meal! Paneer Tikka  Chicken Tikka Masala  Butter Naan  Chicken Biryani  and Samosa (2 pcs) arrived warm. Butter Naan was tasty though not exceptional. Would order again.,4,2026-01-08T14:38:35.930309
REV-000437,ORD-20260106-671200,CUST-10457,REST-MUM-001,Perfect in every way! Malai Kofta  Palak Paneer  Lamb Rogan Josh  Vegetable Biryani  and Aloo Tikki Chaat were all excellent. Palak Paneer stood out with its rich  authentic taste.,5,2026-01-08T17:22:29.930309
REV-000452,ORD-20260107-515921,CUST-10340,REST-BLR-001,Absolutely amazing Naan  Dal Makhani  Paneer Tikka  Chicken 65  and Kulfi! The Chicken 65 was cooked to perfection. Fresh ingredients and authentic flavors. Highly recommend!,5,2026-01-08T18:03:06.930309
REV-000419,ORD-20260105-227507,CUST-10681,REST-DEL-001,Really good Gajar Halwa  Vegetable Biryani  Butter Chicken  and Mango Lassi! The Vegetable Biryani was delicious. Slight delay in delivery but food quality made up for it.,4,2026-01-08T18:28:37.930309
REV-000355,ORD-20260101-647489,CUST-10185,REST-MUM-001,Exceptional quality! Ordered Chicken 65  Butter Naan  Jeera Rice  and Butter Chicken and everything was delicious. The Butter Chicken melted in my mouth. Perfect!,5,2026-01-08T18:57:33.930309
REV-000457,ORD-20260107-231173,CUST-10453,REST-BLR-001,Incredible meal! Chicken Seekh Kebab  Masala Chai  Gajar Halwa  Fish Curry  and Butter Chicken arrived hot and fresh. The Butter Chicken was absolutely divine. Highly satisfied!,5,2026-01-08T20:01:57.930309
REV-000359,ORD-20260101-271219,CUST-10854,REST-DEL-002,Solid experience. Masala Chai and Chicken 65 were well-prepared. Chicken 65 had great flavor. Minor issues with packaging.,4,2026-01-08T21:22:14.930309
REV-000461,ORD-20260108-722198,CUST-10346,REST-MUM-001,Wow! Just wow! Chicken Biryani and Gajar Halwa were all fantastic. Gajar Halwa was particularly memorable. Can't wait to order again!,5,2026-01-09T10:32:24.930309
REV-000396,ORD-20260104-784032,CUST-10149,REST-DEL-002,Enjoyed the Garlic Naan  Sweet Lassi  Naan  and Butter Chicken! Naan was very good. Portion sizes were generous. Recommend!,4,2026-01-09T10:37:53.930309
REV-000424,ORD-20260106-942666,CUST-10748,REST-DEL-002,Wow! Just wow! Butter Naan  Gajar Halwa  and Jeera Rice were all fantastic. Butter Naan was particularly memorable. Can't wait to order again!,5,2026-01-09T10:51:28.930309
REV-000377,ORD-20260103-879688,CUST-10345,REST-BLR-001,Best Indian food in UAE! Butter Naan  Vegetable Biryani  Garlic Naan  and Gulab Jamun (2 pcs) were incredible. Gulab Jamun (2 pcs) had the perfect balance of spices. Five stars!,5,2026-01-09T10:51:30.930309
REV-000426,ORD-20260106-947661,CUST-10377,REST-MUM-001,Shocking! Naan bore no resemblance to the menu description. Naan was inedible. Refund demanded!,1,2026-01-09T11:27:57.930309
REV-000446,ORD-20260107-537228,CUST-10909,REST-MUM-002,Solid experience. Dal Makhani were well-prepared. Dal Makhani had great flavor. Minor issues with packaging.,4,2026-01-09T11:32:02.930309
REV-000447,ORD-20260107-688689,CUST-10917,REST-MUM-001,Shocking! Malai Kofta  Garlic Naan  Fish Curry  and Butter Naan bore no resemblance to the menu description. Fish Curry was inedible. Refund demanded!,1,2026-01-09T11:33:11.930309
REV-000397,ORD-20260104-394150,CUST-10781,REST-MUM-002,Enjoyed the Chicken Biryani  Gajar Halwa  Paneer Tikka  and Butter Chicken! Paneer Tikka was very good. Portion sizes were generous. Recommend!,4,2026-01-09T11:51:17.930309
REV-000432,ORD-20260106-238254,CUST-10664,REST-MUM-002,Unsatisfactory. Mango Lassi were not fresh. Mango Lassi tasted reheated. Won't order again.,2,2026-01-09T14:59:05.930309
REV-000368,ORD-20260102-429370,CUST-10653,REST-DEL-002,Hands down the best Sweet Lassi I've ever had! Gulab Jamun (2 pcs) and Sweet Lassi were all prepared beautifully. Fresh and flavorful!,5,2026-01-09T15:10:05.930309
REV-000466,ORD-20260108-933588,CUST-10614,REST-MUM-002,Best Indian food in UAE! Chicken Biryani  Aloo Tikki Chaat  and Kulfi were incredible. Chicken Biryani had the perfect balance of spices. Five stars!,5,2026-01-09T16:00:02.930309
REV-000435,ORD-20260106-616867,CUST-10525,REST-MUM-001,Best Indian food in UAE! Naan  Gulab Jamun (2 pcs)  Chicken 65  Gajar Halwa  and Samosa (2 pcs) were incredible. Gajar Halwa had the perfect balance of spices. Five stars!,5,2026-01-09T16:09:33.930309
REV-000418,ORD-20260105-195840,CUST-10218,REST-BLR-001,Great food overall. Paneer Butter Masala  Naan  Kulfi  Malai Kofta  and Fresh Lime Soda were tasty  especially the Naan. Would order again!,4,2026-01-09T17:41:07.930309
REV-000438,ORD-20260106-132190,CUST-10207,REST-BLR-001,Poor experience. Rasmalai (2 pcs)  Naan  Fresh Lime Soda  Masala Chai  and Aloo Tikki Chaat were disappointing. Naan was burnt on the edges. Very unhappy.,2,2026-01-09T18:10:32.930309
REV-000407,ORD-20260104-981143,CUST-10640,REST-BLR-001,Hands down the best Gulab Jamun (2 pcs) I've ever had! Chicken Biryani  Gulab Jamun (2 pcs)  Kulfi  and Sweet Lassi were all prepared beautifully. Fresh and flavorful!,5,2026-01-09T18:46:41.930309
REV-000408,ORD-20260104-596818,CUST-10525,REST-MUM-001,Not bad  not great. Garlic Naan  Malai Kofta  Gajar Halwa  Palak Paneer  and Paneer Butter Masala were edible. Gajar Halwa needed more seasoning.,3,2026-01-09T18:48:36.930309
REV-000409,ORD-20260104-655729,CUST-10846,REST-MUM-001,Incredible meal! Dal Makhani  Aloo Tikki Chaat  and Gulab Jamun (2 pcs) arrived hot and fresh. The Aloo Tikki Chaat was absolutely divine. Highly satisfied!,5,2026-01-09T19:36:05.930309
REV-000421,ORD-20260105-726525,CUST-10251,REST-MUM-001,Enjoyed the Sweet Lassi and Masala Chai! Masala Chai was very good. Portion sizes were generous. Recommend!,4,2026-01-09T20:50:31.930309
REV-000394,ORD-20260103-883687,CUST-10129,REST-BLR-001,Really good Jeera Rice  Chicken Seekh Kebab  Fish Curry  Paneer Tikka  and Masala Chai! The Masala Chai was delicious. Slight delay in delivery but food quality made up for it.,4,2026-01-09T20:58:07.930309
REV-000441,ORD-20260106-215285,CUST-10232,REST-DEL-001,Absolutely amazing Vegetable Biryani  Gajar Halwa  and Rasmalai (2 pcs)! The Gajar Halwa was cooked to perfection. Fresh ingredients and authentic flavors. Highly recommend!,5,2026-01-09T21:46:38.930309
REV-000482,ORD-20260109-883051,CUST-10201,REST-DEL-001,Absolutely amazing Garlic Naan  Vegetable Biryani  and Gulab Jamun (2 pcs)! The Garlic Naan was cooked to perfection. Fresh ingredients and authentic flavors. Highly recommend!,5,2026-01-10T11:27:11.930309
REV-000383,ORD-20260103-215412,CUST-10699,REST-MUM-001,Expected better. Chicken 65  Samosa (2 pcs)  Kulfi  Chicken Tikka Masala  and Butter Naan were subpar. Chicken Tikka Masala was too oily and greasy. Stomach upset followed.,2,2026-01-10T13:30:30.930309
REV-000431,ORD-20260106-140279,CUST-10659,REST-MUM-001,Outstanding experience! The Dal Makhani exceeded all expectations. Dal Makhani was the star of the meal. Will definitely order again!,5,2026-01-10T13:50:24.930309
REV-000433,ORD-20260106-532478,CUST-10355,REST-MUM-002,Exceptional quality! Ordered Garlic Naan  Chole Bhature  and Palak Paneer and everything was delicious. The Garlic Naan melted in my mouth. Perfect!,5,2026-01-10T15:26:09.930309
REV-000389,ORD-20260103-359498,CUST-10187,REST-BLR-001,Absolutely amazing Kulfi  Naan  Masala Chai  and Chole Bhature! The Kulfi was cooked to perfection. Fresh ingredients and authentic flavors. Highly recommend!,5,2026-01-10T16:54:45.930309
REV-000417,ORD-20260105-322071,CUST-10245,REST-DEL-002,Solid experience. Aloo Tikki Chaat  Masala Chai  and Dal Makhani were well-prepared. Masala Chai had great flavor. Minor issues with packaging.,4,2026-01-10T17:29:06.930309
REV-000405,ORD-20260104-385142,CUST-10995,REST-DEL-002,Hands down the best Chicken Seekh Kebab I've ever had! Lamb Rogan Josh and Chicken Seekh Kebab were all prepared beautifully. Fresh and flavorful!,5,2026-01-10T17:53:43.930309
REV-000486,ORD-20260109-599413,CUST-10552,REST-DEL-001,Wow! Just wow! Vegetable Biryani  Rasmalai (2 pcs)  Fish Curry  and Lamb Rogan Josh were all fantastic. Fish Curry was particularly memorable. Can't wait to order again!,5,2026-01-10T18:04:24.930309
REV-000470,ORD-20260108-461366,CUST-10830,REST-DEL-001,Hands down the best Malai Kofta I've ever had! Malai Kofta  Tandoori Roti  and Palak Paneer were all prepared beautifully. Fresh and flavorful!,5,2026-01-10T18:21:00.930309
REV-000455,ORD-20260107-883334,CUST-10909,REST-DEL-001,Incredible meal! Chicken 65 arrived hot and fresh. The Chicken 65 was absolutely divine. Highly satisfied!,5,2026-01-10T18:30:30.930309
REV-000475,ORD-20260108-168949,CUST-10280,REST-MUM-002,Poor experience. Sweet Lassi were disappointing. Sweet Lassi was burnt on the edges. Very unhappy.,2,2026-01-10T20:13:47.930309
REV-000458,ORD-20260107-803351,CUST-10713,REST-MUM-001,Exceptional quality! Ordered Gulab Jamun (2 pcs)  Chicken Tikka Masala  Aloo Tikki Chaat  and Malai Kofta and everything was delicious. The Gulab Jamun (2 pcs) melted in my mouth. Perfect!,5,2026-01-10T20:34:02.930309
REV-000423,ORD-20260105-406542,CUST-10327,REST-MUM-001,Good quality food. Fish Curry and Tandoori Roti were nicely done. Tandoori Roti could have been slightly spicier but still good!,4,2026-01-10T21:02:17.930309
REV-000489,ORD-20260109-259070,CUST-10106,REST-MUM-001,Incredible meal! Lamb Rogan Josh  Chicken Biryani  and Chole Bhature arrived hot and fresh. The Chicken Biryani was absolutely divine. Highly satisfied!,5,2026-01-10T21:15:16.930309
REV-000491,ORD-20260109-781607,CUST-10503,REST-DEL-001,Below expectations. Malai Kofta and Chicken Seekh Kebab were underwhelming. Malai Kofta was overcooked and dry.,2,2026-01-10T22:03:20.930309
REV-000492,ORD-20260109-372351,CUST-10587,REST-MUM-001,Average experience. Samosa (2 pcs) were fine but Samosa (2 pcs) was a bit bland. Room for improvement.,3,2026-01-10T22:04:14.930309
REV-000479,ORD-20260108-946605,CUST-10137,REST-DEL-002,Absolutely amazing Samosa (2 pcs) and Naan! The Naan was cooked to perfection. Fresh ingredients and authentic flavors. Highly recommend!,5,2026-01-10T22:22:19.930309
REV-000425,ORD-20260106-429756,CUST-10773,REST-MUM-002,Decent food but nothing special. Malai Kofta  Lamb Rogan Josh  Chicken Tikka Masala  Chole Bhature  and Jeera Rice were okay. Chole Bhature lacked the punch I expected.,3,2026-01-11T11:01:11.930309
REV-000428,ORD-20260106-275012,CUST-10448,REST-DEL-002,Wow! Just wow! Vegetable Biryani were all fantastic. Vegetable Biryani was particularly memorable. Can't wait to order again!,5,2026-01-11T12:15:45.930309
REV-000498,ORD-20260110-389907,CUST-10184,REST-MUM-002,Exceptional quality! Ordered Garlic Naan  Chicken Seekh Kebab  and Butter Naan and everything was delicious. The Garlic Naan melted in my mouth. Perfect!,5,2026-01-11T13:26:59.930309
REV-000402,ORD-20260104-211178,CUST-10924,REST-MUM-001,Solid experience. Fresh Lime Soda  Chicken 65  Fish Curry  Naan  and Chicken Tikka Masala were well-prepared. Chicken Tikka Masala had great flavor. Minor issues with packaging.,4,2026-01-11T13:45:59.930309
REV-000499,ORD-20260110-299388,CUST-10128,REST-DEL-001,Great food overall. Vegetable Biryani and Naan were tasty  especially the Naan. Would order again!,4,2026-01-11T13:48:43.930309
REV-000464,ORD-20260108-647681,CUST-10162,REST-MUM-001,Exceptional quality! Ordered Palak Paneer and everything was delicious. The Palak Paneer melted in my mouth. Perfect!,5,2026-01-11T14:19:41.930309
REV-000403,ORD-20260104-408695,CUST-10054,REST-DEL-001,Good quality food. Fish Curry and Dal Makhani were nicely done. Dal Makhani could have been slightly spicier but still good!,4,2026-01-11T16:24:55.930309
REV-000454,ORD-20260107-222870,CUST-10742,REST-MUM-002,Shocking! Malai Kofta  Kulfi  and Butter Naan bore no resemblance to the menu description. Malai Kofta was inedible. Refund demanded!,1,2026-01-11T18:19:23.930309
REV-000420,ORD-20260105-798153,CUST-10075,REST-BLR-001,Poor experience. Chicken Biryani were disappointing. Chicken Biryani was burnt on the edges. Very unhappy.,2,2026-01-11T19:17:12.930309
REV-000410,ORD-20260104-261015,CUST-10977,REST-BLR-001,Perfect in every way! Malai Kofta  Chicken Biryani  Chicken 65  and Rasmalai (2 pcs) were all excellent. Rasmalai (2 pcs) stood out with its rich  authentic taste.,5,2026-01-11T19:45:08.930309
REV-000474,ORD-20260108-497772,CUST-10549,REST-DEL-001,Best Indian food in UAE! Kulfi  Gulab Jamun (2 pcs)  Lamb Rogan Josh  and Rasmalai (2 pcs) were incredible. Rasmalai (2 pcs) had the perfect balance of spices. Five stars!,5,2026-01-11T20:06:37.930309
REV-000488,ORD-20260109-229349,CUST-10894,REST-MUM-002,Absolutely amazing Rasmalai (2 pcs) and Chicken 65! The Rasmalai (2 pcs) was cooked to perfection. Fresh ingredients and authentic flavors. Highly recommend!,5,2026-01-11T20:21:35.930309
REV-000477,ORD-20260108-601036,CUST-10563,REST-BLR-001,Terrible experience! Chicken Seekh Kebab  Lamb Rogan Josh  Fish Curry  Sweet Lassi  and Rasmalai (2 pcs) were all inedible. Fish Curry was completely burnt. Waste of money!,1,2026-01-11T21:01:17.930309
REV-000478,ORD-20260108-217919,CUST-10043,REST-MUM-002,Really good Garlic Naan  Samosa (2 pcs)  Chicken Biryani  and Dal Makhani! The Chicken Biryani was delicious. Slight delay in delivery but food quality made up for it.,4,2026-01-11T22:15:19.930309
REV-000460,ORD-20260107-803462,CUST-10580,REST-DEL-002,Perfect in every way! Samosa (2 pcs) were all excellent. Samosa (2 pcs) stood out with its rich  authentic taste.,5,2026-01-11T22:26:56.930309
REV-000480,ORD-20260108-375215,CUST-10949,REST-MUM-002,Good quality food. Butter Chicken  Rasmalai (2 pcs)  Gajar Halwa  Kulfi  and Aloo Tikki Chaat were nicely done. Butter Chicken could have been slightly spicier but still good!,4,2026-01-11T22:31:15.930309
REV-000508,ORD-20260110-706279,CUST-10475,REST-MUM-001,Shocking! Jeera Rice and Masala Chai bore no resemblance to the menu description. Jeera Rice was inedible. Refund demanded!,1,2026-01-11T22:35:15.930309
REV-000413,ORD-20260105-546355,CUST-10431,REST-DEL-001,Wow! Just wow! Mango Lassi  Fresh Lime Soda  and Tandoori Roti were all fantastic. Tandoori Roti was particularly memorable. Can't wait to order again!,5,2026-01-12T10:13:15.930309
REV-000415,ORD-20260105-126048,CUST-10177,REST-MUM-001,Not bad  not great. Butter Chicken were edible. Butter Chicken needed more seasoning.,3,2026-01-12T11:05:42.930309
REV-000427,ORD-20260106-766336,CUST-10460,REST-BLR-001,Solid experience. Samosa (2 pcs) were well-prepared. Samosa (2 pcs) had great flavor. Minor issues with packaging.,4,2026-01-12T11:48:00.930309
REV-000448,ORD-20260107-898949,CUST-10255,REST-DEL-002,Hands down the best Kulfi I've ever had! Sweet Lassi  Naan  Kulfi  Butter Chicken  and Chole Bhature were all prepared beautifully. Fresh and flavorful!,5,2026-01-12T12:05:02.930309
REV-000462,ORD-20260108-903894,CUST-10638,REST-DEL-002,Solid experience. Fresh Lime Soda  Lamb Rogan Josh  and Vegetable Biryani were well-prepared. Lamb Rogan Josh had great flavor. Minor issues with packaging.,4,2026-01-12T12:10:44.930309
REV-000416,ORD-20260105-363941,CUST-10262,REST-DEL-001,Appalling quality! Dal Makhani were swimming in oil. Dal Makhani was raw inside. Health hazard!,1,2026-01-12T12:17:27.930309
REV-000511,ORD-20260111-934810,CUST-10623,REST-DEL-002,Exceptional quality! Ordered Tandoori Roti  Malai Kofta  and Lamb Rogan Josh and everything was delicious. The Tandoori Roti melted in my mouth. Perfect!,5,2026-01-12T12:20:53.930309
REV-000463,ORD-20260108-107131,CUST-10390,REST-MUM-002,Decent food but nothing special. Chicken Seekh Kebab  Paneer Tikka  Kulfi  and Palak Paneer were okay. Chicken Seekh Kebab lacked the punch I expected.,3,2026-01-12T13:11:52.930309
REV-000513,ORD-20260111-162791,CUST-10005,REST-BLR-001,Exceptional quality! Ordered Mango Lassi  Vegetable Biryani  Lamb Rogan Josh  Garlic Naan  and Gajar Halwa and everything was delicious. The Mango Lassi melted in my mouth. Perfect!,5,2026-01-12T13:53:20.930309
REV-000514,ORD-20260111-863930,CUST-10527,REST-DEL-002,Wow! Just wow! Masala Chai and Rasmalai (2 pcs) were all fantastic. Masala Chai was particularly memorable. Can't wait to order again!,5,2026-01-12T13:56:50.930309
REV-000434,ORD-20260106-994332,CUST-10821,REST-MUM-001,Absolutely amazing Vegetable Biryani  Aloo Tikki Chaat  Palak Paneer  Gulab Jamun (2 pcs)  and Garlic Naan! The Garlic Naan was cooked to perfection. Fresh ingredients and authentic flavors. Highly recommend!,5,2026-01-12T15:59:22.930309
REV-000436,ORD-20260106-900451,CUST-10316,REST-DEL-002,Great food overall. Mango Lassi  Lamb Rogan Josh  and Fish Curry were tasty  especially the Lamb Rogan Josh. Would order again!,4,2026-01-12T16:42:33.930309
REV-000522,ORD-20260111-144933,CUST-10936,REST-DEL-002,Wow! Just wow! Butter Chicken  Kulfi  Chicken 65  Gajar Halwa  and Sweet Lassi were all fantastic. Butter Chicken was particularly memorable. Can't wait to order again!,5,2026-01-12T17:20:04.930309
REV-000453,ORD-20260107-527029,CUST-10945,REST-MUM-001,Exceptional quality! Ordered Garlic Naan and everything was delicious. The Garlic Naan melted in my mouth. Perfect!,5,2026-01-12T18:09:04.930309
REV-000507,ORD-20260110-936164,CUST-10233,REST-BLR-001,Below expectations. Kulfi and Chicken Biryani were underwhelming. Chicken Biryani was overcooked and dry.,2,2026-01-12T19:04:09.930309
REV-000439,ORD-20260106-878647,CUST-10115,REST-DEL-002,Great food overall. Aloo Tikki Chaat were tasty  especially the Aloo Tikki Chaat. Would order again!,4,2026-01-12T19:17:27.930309
REV-000472,ORD-20260108-486354,CUST-10752,REST-DEL-002,Outstanding experience! The Gulab Jamun (2 pcs)  Vegetable Biryani  and Paneer Tikka exceeded all expectations. Gulab Jamun (2 pcs) was the star of the meal. Will definitely order again!,5,2026-01-12T19:40:42.930309
REV-000459,ORD-20260107-538068,CUST-10551,REST-BLR-001,Unsatisfactory. Chicken Biryani  Dal Makhani  and Rasmalai (2 pcs) were not fresh. Rasmalai (2 pcs) tasted reheated. Won't order again.,2,2026-01-12T20:43:56.930309
REV-000422,ORD-20260105-696320,CUST-10112,REST-DEL-002,Outstanding experience! The Malai Kofta  Gulab Jamun (2 pcs)  and Chicken 65 exceeded all expectations. Gulab Jamun (2 pcs) was the star of the meal. Will definitely order again!,5,2026-01-12T20:51:21.930309
REV-000526,ORD-20260111-521290,CUST-10405,REST-MUM-001,Absolutely amazing Dal Makhani  Gulab Jamun (2 pcs)  Butter Chicken  Jeera Rice  and Palak Paneer! The Butter Chicken was cooked to perfection. Fresh ingredients and authentic flavors. Highly recommend!,5,2026-01-12T21:59:43.930309
REV-000442,ORD-20260106-277859,CUST-10587,REST-MUM-001,Wow! Just wow! Samosa (2 pcs)  Chicken Biryani  Fresh Lime Soda  Paneer Butter Masala  and Palak Paneer were all fantastic. Fresh Lime Soda was particularly memorable. Can't wait to order again!,5,2026-01-12T22:49:48.930309
REV-000529,ORD-20260111-207032,CUST-10723,REST-BLR-001,Pleasant meal! Fresh Lime Soda and Fish Curry arrived warm. Fresh Lime Soda was tasty though not exceptional. Would order again.,4,2026-01-12T22:51:28.930309
REV-000444,ORD-20260107-907016,CUST-10137,REST-MUM-001,Incredible meal! Fish Curry  Aloo Tikki Chaat  Dal Makhani  and Palak Paneer arrived hot and fresh. The Palak Paneer was absolutely divine. Highly satisfied!,5,2026-01-13T10:04:08.930309
REV-000493,ORD-20260110-916149,CUST-10027,REST-BLR-001,Good quality food. Gajar Halwa were nicely done. Gajar Halwa could have been slightly spicier but still good!,4,2026-01-13T11:14:00.930309
REV-000483,ORD-20260109-930809,CUST-10551,REST-DEL-002,Appalling quality! Mango Lassi  Rasmalai (2 pcs)  Gajar Halwa  and Chicken 65 were swimming in oil. Rasmalai (2 pcs) was raw inside. Health hazard!,1,2026-01-13T11:31:20.930309
REV-000429,ORD-20260106-228300,CUST-10759,REST-MUM-002,Outstanding experience! The Butter Chicken  Tandoori Roti  Paneer Butter Masala  and Sweet Lassi exceeded all expectations. Paneer Butter Masala was the star of the meal. Will definitely order again!,5,2026-01-13T12:23:07.930309
REV-000531,ORD-20260112-793840,CUST-10524,REST-DEL-002,Worst food ever! Rasmalai (2 pcs)  Chole Bhature  Paneer Butter Masala  Samosa (2 pcs)  and Chicken 65 were all wrong. Chicken 65 made me sick. Never ordering again!,1,2026-01-13T12:45:14.930309
REV-000496,ORD-20260110-545741,CUST-10494,REST-BLR-001,Wow! Just wow! Chicken Biryani  Mango Lassi  Sweet Lassi  and Palak Paneer were all fantastic. Sweet Lassi was particularly memorable. Can't wait to order again!,5,2026-01-13T12:55:56.930309
REV-000484,ORD-20260109-411287,CUST-10578,REST-MUM-001,Below expectations. Garlic Naan  Masala Chai  Paneer Butter Masala  Malai Kofta  and Fresh Lime Soda were underwhelming. Fresh Lime Soda was overcooked and dry.,2,2026-01-13T16:11:54.930309
REV-000535,ORD-20260112-894975,CUST-10582,REST-MUM-001,Best Indian food in UAE! Masala Chai  Samosa (2 pcs)  Palak Paneer  Rasmalai (2 pcs)  and Chicken 65 were incredible. Chicken 65 had the perfect balance of spices. Five stars!,5,2026-01-13T16:20:22.930309
REV-000456,ORD-20260107-853546,CUST-10189,REST-DEL-002,Not bad  not great. Paneer Butter Masala and Tandoori Roti were edible. Paneer Butter Masala needed more seasoning.,3,2026-01-13T19:08:13.930309
REV-000476,ORD-20260108-258257,CUST-10476,REST-MUM-001,Absolutely horrible! Fish Curry  Naan  Palak Paneer  and Vegetable Biryani arrived ice cold after 2 hour delay. Palak Paneer was spoiled. Disgusting!,1,2026-01-13T20:59:36.930309
REV-000443,ORD-20260107-634296,CUST-10280,REST-MUM-002,Hands down the best Fish Curry I've ever had! Fish Curry  Garlic Naan  Vegetable Biryani  and Jeera Rice were all prepared beautifully. Fresh and flavorful!,5,2026-01-14T10:02:19.930309
REV-000445,ORD-20260107-918998,CUST-10391,REST-DEL-002,Hands down the best Jeera Rice I've ever had! Fish Curry and Jeera Rice were all prepared beautifully. Fresh and flavorful!,5,2026-01-14T10:55:12.930309
REV-000495,ORD-20260110-649098,CUST-10651,REST-BLR-001,Not bad  not great. Garlic Naan  Paneer Tikka  Tandoori Roti  Naan  and Rasmalai (2 pcs) were edible. Tandoori Roti needed more seasoning.,3,2026-01-14T12:06:02.930309
REV-000449,ORD-20260107-471160,CUST-10890,REST-DEL-002,Best Indian food in UAE! Fish Curry  Kulfi  Gulab Jamun (2 pcs)  and Chicken Tikka Masala were incredible. Fish Curry had the perfect balance of spices. Five stars!,5,2026-01-14T12:17:25.930309
REV-000532,ORD-20260112-551924,CUST-10210,REST-MUM-002,Absolutely amazing Fish Curry! The Fish Curry was cooked to perfection. Fresh ingredients and authentic flavors. Highly recommend!,5,2026-01-14T13:25:34.930309
REV-000512,ORD-20260111-184478,CUST-10709,REST-DEL-001,Incredible meal! Fresh Lime Soda  Chole Bhature  and Masala Chai arrived hot and fresh. The Masala Chai was absolutely divine. Highly satisfied!,5,2026-01-14T13:39:27.930309
REV-000500,ORD-20260110-848154,CUST-10000,REST-DEL-001,Wow! Just wow! Aloo Tikki Chaat were all fantastic. Aloo Tikki Chaat was particularly memorable. Can't wait to order again!,5,2026-01-14T14:01:26.930309
REV-000501,ORD-20260110-575535,CUST-10298,REST-DEL-002,Absolutely amazing Sweet Lassi! The Sweet Lassi was cooked to perfection. Fresh ingredients and authentic flavors. Highly recommend!,5,2026-01-14T14:37:41.930309
REV-000502,ORD-20260110-473173,CUST-10730,REST-MUM-001,Not good. Chicken 65  Dal Makhani  and Butter Naan arrived late and cold. Dal Makhani had barely any flavor. Poor quality.,2,2026-01-14T14:45:31.930309
REV-000515,ORD-20260111-178306,CUST-10211,REST-MUM-002,Hands down the best Fish Curry I've ever had! Fish Curry  Lamb Rogan Josh  and Chicken Biryani were all prepared beautifully. Fresh and flavorful!,5,2026-01-14T14:50:11.930309
REV-000465,ORD-20260108-718260,CUST-10350,REST-DEL-001,Terrible experience! Jeera Rice and Mango Lassi were all inedible. Mango Lassi was completely burnt. Waste of money!,1,2026-01-14T15:12:48.930309
REV-000451,ORD-20260107-526192,CUST-10071,REST-BLR-001,Solid experience. Aloo Tikki Chaat  Mango Lassi  Kulfi  Masala Chai  and Paneer Butter Masala were well-prepared. Kulfi had great flavor. Minor issues with packaging.,4,2026-01-14T15:33:51.930309
REV-000467,ORD-20260108-644300,CUST-10623,REST-MUM-002,Below expectations. Fish Curry were underwhelming. Fish Curry was overcooked and dry.,2,2026-01-14T16:35:33.930309
REV-000554,ORD-20260113-683699,CUST-10903,REST-BLR-001,Absolutely amazing Malai Kofta  Naan  and Samosa (2 pcs)! The Samosa (2 pcs) was cooked to perfection. Fresh ingredients and authentic flavors. Highly recommend!,5,2026-01-14T17:02:22.930309
REV-000505,ORD-20260110-696024,CUST-10766,REST-MUM-002,Decent food but nothing special. Samosa (2 pcs) were okay. Samosa (2 pcs) lacked the punch I expected.,3,2026-01-14T17:38:38.930309
REV-000471,ORD-20260108-970709,CUST-10344,REST-DEL-002,Hands down the best Fish Curry I've ever had! Lamb Rogan Josh  Fish Curry  and Chicken Biryani were all prepared beautifully. Fresh and flavorful!,5,2026-01-14T18:27:07.930309
REV-000539,ORD-20260112-118136,CUST-10822,REST-DEL-001,Outstanding experience! The Samosa (2 pcs)  Aloo Tikki Chaat  Paneer Butter Masala  and Gajar Halwa exceeded all expectations. Samosa (2 pcs) was the star of the meal. Will definitely order again!,5,2026-01-14T20:31:47.930309
REV-000563,ORD-20260113-995883,CUST-10764,REST-MUM-001,Great food overall. Gajar Halwa  Lamb Rogan Josh  Chicken 65  Paneer Butter Masala  and Sweet Lassi were tasty  especially the Lamb Rogan Josh. Would order again!,4,2026-01-14T21:15:55.930309
REV-000565,ORD-20260113-223959,CUST-10120,REST-MUM-001,Mixed feelings. Chicken Tikka Masala  Butter Naan  Vegetable Biryani  Masala Chai  and Paneer Butter Masala were acceptable. Masala Chai was decent but portion was small for the price.,3,2026-01-14T22:17:10.930309
REV-000543,ORD-20260112-525206,CUST-10967,REST-DEL-001,Mediocre. Mango Lassi  Masala Chai  Paneer Butter Masala  Naan  and Gulab Jamun (2 pcs) were fine but forgettable. Mango Lassi didn't stand out.,3,2026-01-14T22:26:18.930309
REV-000567,ORD-20260113-976723,CUST-10863,REST-MUM-002,Perfect in every way! Butter Naan  Gulab Jamun (2 pcs)  and Samosa (2 pcs) were all excellent. Butter Naan stood out with its rich  authentic taste.,5,2026-01-14T22:56:03.930309
REV-000481,ORD-20260109-374358,CUST-10122,REST-BLR-001,Pleasant meal! Butter Naan  Malai Kofta  Mango Lassi  Naan  and Jeera Rice arrived warm. Malai Kofta was tasty though not exceptional. Would order again.,4,2026-01-15T10:06:01.930309
REV-000509,ORD-20260111-761053,CUST-10841,REST-DEL-002,Incredible meal! Tandoori Roti and Jeera Rice arrived hot and fresh. The Jeera Rice was absolutely divine. Highly satisfied!,5,2026-01-15T11:02:02.930309
REV-000549,ORD-20260113-879608,CUST-10680,REST-MUM-002,Outstanding experience! The Chicken Biryani exceeded all expectations. Chicken Biryani was the star of the meal. Will definitely order again!,5,2026-01-15T11:50:30.930309
REV-000497,ORD-20260110-115211,CUST-10835,REST-MUM-002,Mediocre. Chicken Tikka Masala  Butter Naan  Malai Kofta  and Rasmalai (2 pcs) were fine but forgettable. Rasmalai (2 pcs) didn't stand out.,3,2026-01-15T13:22:56.930309
REV-000518,ORD-20260111-823547,CUST-10785,REST-DEL-002,Great food overall. Chole Bhature  Gulab Jamun (2 pcs)  Tandoori Roti  Jeera Rice  and Mango Lassi were tasty  especially the Chole Bhature. Would order again!,4,2026-01-15T16:26:33.930309
REV-000519,ORD-20260111-947306,CUST-10455,REST-DEL-002,Mediocre. Butter Chicken were fine but forgettable. Butter Chicken didn't stand out.,3,2026-01-15T16:42:18.930309
REV-000503,ORD-20260110-443772,CUST-10716,REST-BLR-001,Incredible meal! Palak Paneer  Gulab Jamun (2 pcs)  Butter Naan  Masala Chai  and Paneer Butter Masala arrived hot and fresh. The Paneer Butter Masala was absolutely divine. Highly satisfied!,5,2026-01-15T17:31:09.930309
REV-000468,ORD-20260108-105577,CUST-10916,REST-MUM-001,Wow! Just wow! Aloo Tikki Chaat and Malai Kofta were all fantastic. Aloo Tikki Chaat was particularly memorable. Can't wait to order again!,5,2026-01-15T17:31:54.930309
REV-000504,ORD-20260110-629402,CUST-10695,REST-DEL-001,Pleasant meal! Malai Kofta and Mango Lassi arrived warm. Malai Kofta was tasty though not exceptional. Would order again.,4,2026-01-15T17:34:40.930309
REV-000469,ORD-20260108-342200,CUST-10048,REST-MUM-001,Average experience. Gajar Halwa were fine but Gajar Halwa was a bit bland. Room for improvement.,3,2026-01-15T18:06:28.930309
REV-000473,ORD-20260108-897372,CUST-10967,REST-MUM-001,Hands down the best Gulab Jamun (2 pcs) I've ever had! Fresh Lime Soda  Naan  Jeera Rice  Gulab Jamun (2 pcs)  and Palak Paneer were all prepared beautifully. Fresh and flavorful!,5,2026-01-15T19:46:41.930309
REV-000525,ORD-20260111-112622,CUST-10835,REST-MUM-002,Best Indian food in UAE! Tandoori Roti  Fresh Lime Soda  and Gajar Halwa were incredible. Fresh Lime Soda had the perfect balance of spices. Five stars!,5,2026-01-15T21:41:35.930309
REV-000564,ORD-20260113-807326,CUST-10455,REST-MUM-001,Expected better. Garlic Naan and Chicken Tikka Masala were subpar. Garlic Naan was too oily and greasy. Stomach upset followed.,2,2026-01-15T21:52:13.930309
REV-000494,ORD-20260110-338006,CUST-10279,REST-DEL-002,Best Indian food in UAE! Samosa (2 pcs) were incredible. Samosa (2 pcs) had the perfect balance of spices. Five stars!,5,2026-01-16T11:31:48.930309
REV-000510,ORD-20260111-110296,CUST-10832,REST-DEL-002,Hands down the best Sweet Lassi I've ever had! Tandoori Roti  Chicken Biryani  Butter Naan  Dal Makhani  and Sweet Lassi were all prepared beautifully. Fresh and flavorful!,5,2026-01-16T12:01:10.930309
REV-000589,ORD-20260115-159291,CUST-10619,REST-MUM-001,Perfect in every way! Butter Chicken  Dal Makhani  and Vegetable Biryani were all excellent. Vegetable Biryani stood out with its rich  authentic taste.,5,2026-01-16T13:58:56.930309
REV-000533,ORD-20260112-955130,CUST-10489,REST-DEL-002,Average experience. Paneer Butter Masala  Gulab Jamun (2 pcs)  Fresh Lime Soda  Sweet Lassi  and Malai Kofta were fine but Malai Kofta was a bit bland. Room for improvement.,3,2026-01-16T14:12:15.930309
REV-000534,ORD-20260112-256990,CUST-10916,REST-DEL-001,Solid experience. Aloo Tikki Chaat  Paneer Butter Masala  Jeera Rice  and Dal Makhani were well-prepared. Jeera Rice had great flavor. Minor issues with packaging.,4,2026-01-16T14:46:52.930309
REV-000516,ORD-20260111-244102,CUST-10795,REST-MUM-001,Average experience. Chicken Seekh Kebab  Kulfi  and Naan were fine but Chicken Seekh Kebab was a bit bland. Room for improvement.,3,2026-01-16T15:23:19.930309
REV-000517,ORD-20260111-147652,CUST-10232,REST-DEL-001,Hands down the best Masala Chai I've ever had! Masala Chai were all prepared beautifully. Fresh and flavorful!,5,2026-01-16T15:43:14.930309
REV-000485,ORD-20260109-439231,CUST-10284,REST-DEL-001,Expected better. Malai Kofta  Tandoori Roti  Naan  Butter Chicken  and Dal Makhani were subpar. Tandoori Roti was too oily and greasy. Stomach upset followed.,2,2026-01-16T17:07:40.930309
REV-000520,ORD-20260111-536924,CUST-10695,REST-DEL-001,Very satisfied! Paneer Butter Masala  Gajar Halwa  Garlic Naan  and Butter Naan were fresh and flavorful. Gajar Halwa was the standout dish.,4,2026-01-16T17:13:15.930309
REV-000594,ORD-20260115-762015,CUST-10796,REST-DEL-002,Great food overall. Gulab Jamun (2 pcs)  Kulfi  and Gajar Halwa were tasty  especially the Kulfi. Would order again!,4,2026-01-16T17:48:54.930309
REV-000524,ORD-20260111-399148,CUST-10990,REST-MUM-002,Exceptional quality! Ordered Jeera Rice  Samosa (2 pcs)  Dal Makhani  and Aloo Tikki Chaat and everything was delicious. The Dal Makhani melted in my mouth. Perfect!,5,2026-01-16T18:10:49.930309
REV-000506,ORD-20260110-423582,CUST-10356,REST-MUM-001,Solid experience. Chicken Biryani  Kulfi  Garlic Naan  Paneer Tikka  and Paneer Butter Masala were well-prepared. Garlic Naan had great flavor. Minor issues with packaging.,4,2026-01-16T18:41:44.930309
REV-000538,ORD-20260112-854062,CUST-10934,REST-MUM-002,Hands down the best Aloo Tikki Chaat I've ever had! Fish Curry  Malai Kofta  Butter Chicken  Aloo Tikki Chaat  and Dal Makhani were all prepared beautifully. Fresh and flavorful!,5,2026-01-16T18:47:48.930309
REV-000487,ORD-20260109-358846,CUST-10703,REST-MUM-002,Absolutely amazing Lamb Rogan Josh  Dal Makhani  Chole Bhature  and Jeera Rice! The Lamb Rogan Josh was cooked to perfection. Fresh ingredients and authentic flavors. Highly recommend!,5,2026-01-16T19:10:39.930309
REV-000580,ORD-20260114-281940,CUST-10610,REST-DEL-001,Incredible meal! Fish Curry and Sweet Lassi arrived hot and fresh. The Fish Curry was absolutely divine. Highly satisfied!,5,2026-01-16T19:52:26.930309
REV-000582,ORD-20260114-295248,CUST-10436,REST-MUM-001,Wow! Just wow! Chole Bhature  Fresh Lime Soda  Paneer Tikka  Paneer Butter Masala  and Tandoori Roti were all fantastic. Paneer Tikka was particularly memorable. Can't wait to order again!,5,2026-01-16T21:09:57.930309
REV-000490,ORD-20260109-867681,CUST-10037,REST-DEL-001,Perfect in every way! Palak Paneer  Samosa (2 pcs)  Lamb Rogan Josh  and Malai Kofta were all excellent. Palak Paneer stood out with its rich  authentic taste.,5,2026-01-16T21:53:05.930309
REV-000583,ORD-20260114-978842,CUST-10025,REST-MUM-002,Best Indian food in UAE! Chicken 65 and Mango Lassi were incredible. Chicken 65 had the perfect balance of spices. Five stars!,5,2026-01-16T22:54:41.930309
REV-000572,ORD-20260114-129005,CUST-10705,REST-MUM-002,Good quality food. Mango Lassi  Garlic Naan  Kulfi  Sweet Lassi  and Vegetable Biryani were nicely done. Garlic Naan could have been slightly spicier but still good!,4,2026-01-17T12:10:24.930309
REV-000609,ORD-20260116-978793,CUST-10217,REST-MUM-001,Best Indian food in UAE! Chicken Biryani  Fish Curry  Vegetable Biryani  and Jeera Rice were incredible. Jeera Rice had the perfect balance of spices. Five stars!,5,2026-01-17T17:18:22.930309
REV-000521,ORD-20260111-464483,CUST-10390,REST-BLR-001,Perfect in every way! Masala Chai  Naan  and Garlic Naan were all excellent. Naan stood out with its rich  authentic taste.,5,2026-01-17T17:19:43.930309
REV-000523,ORD-20260111-180853,CUST-10816,REST-MUM-001,Hands down the best Dal Makhani I've ever had! Chole Bhature  Tandoori Roti  Dal Makhani  Vegetable Biryani  and Palak Paneer were all prepared beautifully. Fresh and flavorful!,5,2026-01-17T17:32:09.930309
REV-000596,ORD-20260115-368870,CUST-10230,REST-BLR-001,Pleasant meal! Vegetable Biryani arrived warm. Vegetable Biryani was tasty though not exceptional. Would order again.,4,2026-01-17T18:29:23.930309
REV-000614,ORD-20260116-346615,CUST-10749,REST-DEL-001,Wow! Just wow! Malai Kofta  Gulab Jamun (2 pcs)  and Naan were all fantastic. Malai Kofta was particularly memorable. Can't wait to order again!,5,2026-01-17T19:08:14.930309
REV-000615,ORD-20260116-745096,CUST-10649,REST-MUM-002,It was okay. Chicken Tikka Masala arrived lukewarm. Chicken Tikka Masala tasted fine but could be better.,3,2026-01-17T19:24:57.930309
REV-000556,ORD-20260113-107417,CUST-10387,REST-MUM-001,Hands down the best Masala Chai I've ever had! Masala Chai  Malai Kofta  Paneer Butter Masala  Rasmalai (2 pcs)  and Sweet Lassi were all prepared beautifully. Fresh and flavorful!,5,2026-01-17T19:27:16.930309
REV-000560,ORD-20260113-247076,CUST-10411,REST-MUM-001,Outstanding experience! The Gulab Jamun (2 pcs)  Chole Bhature  and Aloo Tikki Chaat exceeded all expectations. Aloo Tikki Chaat was the star of the meal. Will definitely order again!,5,2026-01-17T20:04:49.930309
REV-000600,ORD-20260115-566316,CUST-10878,REST-MUM-002,Best Indian food in UAE! Fresh Lime Soda  Aloo Tikki Chaat  Malai Kofta  and Paneer Butter Masala were incredible. Malai Kofta had the perfect balance of spices. Five stars!,5,2026-01-17T20:22:16.930309
REV-000561,ORD-20260113-825521,CUST-10966,REST-DEL-001,Very satisfied! Dal Makhani  Naan  Palak Paneer  and Kulfi were fresh and flavorful. Kulfi was the standout dish.,4,2026-01-17T20:42:15.930309
REV-000542,ORD-20260112-845044,CUST-10977,REST-MUM-001,Outstanding experience! The Dal Makhani  Butter Naan  Gajar Halwa  and Kulfi exceeded all expectations. Kulfi was the star of the meal. Will definitely order again!,5,2026-01-17T21:42:52.930309
REV-000527,ORD-20260111-636856,CUST-10012,REST-MUM-001,Decent food but nothing special. Gajar Halwa were okay. Gajar Halwa lacked the punch I expected.,3,2026-01-17T22:06:59.930309
REV-000566,ORD-20260113-802147,CUST-10285,REST-MUM-001,Not good. Chicken Seekh Kebab and Paneer Butter Masala arrived late and cold. Chicken Seekh Kebab had barely any flavor. Poor quality.,2,2026-01-17T22:43:52.930309
REV-000568,ORD-20260114-644609,CUST-10890,REST-DEL-001,Really good Masala Chai  Malai Kofta  and Tandoori Roti! The Masala Chai was delicious. Slight delay in delivery but food quality made up for it.,4,2026-01-18T10:18:34.930309
REV-000544,ORD-20260113-306925,CUST-10821,REST-MUM-001,Incredible meal! Chicken Biryani  Fresh Lime Soda  and Lamb Rogan Josh arrived hot and fresh. The Chicken Biryani was absolutely divine. Highly satisfied!,5,2026-01-18T10:44:31.930309
REV-000546,ORD-20260113-704460,CUST-10605,REST-BLR-001,Incredible meal! Gajar Halwa  Butter Naan  and Naan arrived hot and fresh. The Naan was absolutely divine. Highly satisfied!,5,2026-01-18T11:00:14.930309
REV-000603,ORD-20260116-100527,CUST-10716,REST-MUM-002,Exceptional quality! Ordered Paneer Butter Masala and everything was delicious. The Paneer Butter Masala melted in my mouth. Perfect!,5,2026-01-18T11:17:09.930309
REV-000604,ORD-20260116-238386,CUST-10480,REST-MUM-001,Enjoyed the Jeera Rice  Chicken Tikka Masala  Sweet Lassi  and Palak Paneer! Chicken Tikka Masala was very good. Portion sizes were generous. Recommend!,4,2026-01-18T11:24:38.930309
REV-000547,ORD-20260113-191723,CUST-10710,REST-BLR-001,Absolutely amazing Chole Bhature and Garlic Naan! The Chole Bhature was cooked to perfection. Fresh ingredients and authentic flavors. Highly recommend!,5,2026-01-18T11:26:59.930309
REV-000585,ORD-20260115-932231,CUST-10858,REST-BLR-001,Average experience. Chicken 65  Palak Paneer  and Lamb Rogan Josh were fine but Lamb Rogan Josh was a bit bland. Room for improvement.,3,2026-01-18T11:56:02.930309
REV-000550,ORD-20260113-440147,CUST-10754,REST-MUM-001,Pleasant meal! Chole Bhature  Dal Makhani  Fresh Lime Soda  and Samosa (2 pcs) arrived warm. Fresh Lime Soda was tasty though not exceptional. Would order again.,4,2026-01-18T13:21:45.930309
REV-000605,ORD-20260116-955040,CUST-10809,REST-MUM-002,Mediocre. Jeera Rice  Naan  Paneer Tikka  Butter Chicken  and Dal Makhani were fine but forgettable. Naan didn't stand out.,3,2026-01-18T13:58:25.930309
REV-000592,ORD-20260115-588321,CUST-10461,REST-MUM-002,Average experience. Palak Paneer  Samosa (2 pcs)  Dal Makhani  and Tandoori Roti were fine but Tandoori Roti was a bit bland. Room for improvement.,3,2026-01-18T15:19:10.930309
REV-000553,ORD-20260113-337299,CUST-10516,REST-BLR-001,Outstanding experience! The Chole Bhature exceeded all expectations. Chole Bhature was the star of the meal. Will definitely order again!,5,2026-01-18T16:15:04.930309
REV-000608,ORD-20260116-164593,CUST-10260,REST-DEL-002,Mixed feelings. Chicken Tikka Masala  Chicken Seekh Kebab  and Kulfi were acceptable. Chicken Tikka Masala was decent but portion was small for the price.,3,2026-01-18T16:27:25.930309
REV-000558,ORD-20260113-821460,CUST-10088,REST-MUM-001,Wow! Just wow! Malai Kofta and Samosa (2 pcs) were all fantastic. Malai Kofta was particularly memorable. Can't wait to order again!,5,2026-01-18T19:47:34.930309
REV-000629,ORD-20260117-126990,CUST-10205,REST-DEL-002,Mixed feelings. Aloo Tikki Chaat  Gajar Halwa  Jeera Rice  and Gulab Jamun (2 pcs) were acceptable. Gulab Jamun (2 pcs) was decent but portion was small for the price.,3,2026-01-18T20:23:54.930309
REV-000581,ORD-20260114-248364,CUST-10585,REST-MUM-001,Exceptional quality! Ordered Lamb Rogan Josh  Sweet Lassi  and Fresh Lime Soda and everything was delicious. The Fresh Lime Soda melted in my mouth. Perfect!,5,2026-01-18T20:36:23.930309
REV-000562,ORD-20260113-885089,CUST-10457,REST-MUM-002,Best Indian food in UAE! Chicken Biryani were incredible. Chicken Biryani had the perfect balance of spices. Five stars!,5,2026-01-18T20:52:18.930309
REV-000541,ORD-20260112-272452,CUST-10627,REST-DEL-002,Wow! Just wow! Mango Lassi  Rasmalai (2 pcs)  Paneer Butter Masala  and Malai Kofta were all fantastic. Rasmalai (2 pcs) was particularly memorable. Can't wait to order again!,5,2026-01-18T21:05:32.930309
REV-000602,ORD-20260115-466638,CUST-10538,REST-DEL-001,Not good. Fresh Lime Soda and Dal Makhani arrived late and cold. Dal Makhani had barely any flavor. Poor quality.,2,2026-01-18T21:06:39.930309
REV-000528,ORD-20260111-519502,CUST-10621,REST-BLR-001,Great food overall. Chole Bhature  Rasmalai (2 pcs)  and Tandoori Roti were tasty  especially the Chole Bhature. Would order again!,4,2026-01-18T22:40:31.930309
REV-000530,ORD-20260112-366567,CUST-10349,REST-MUM-002,Pleasant meal! Gajar Halwa arrived warm. Gajar Halwa was tasty though not exceptional. Would order again.,4,2026-01-19T10:15:31.930309
REV-000584,ORD-20260115-318661,CUST-10142,REST-MUM-001,Shocking! Vegetable Biryani  Paneer Butter Masala  Chicken Seekh Kebab  and Chicken Biryani bore no resemblance to the menu description. Paneer Butter Masala was inedible. Refund demanded!,1,2026-01-19T10:47:59.930309
REV-000569,ORD-20260114-901948,CUST-10835,REST-DEL-002,Really good Vegetable Biryani  Naan  Chicken Tikka Masala  and Chicken Biryani! The Vegetable Biryani was delicious. Slight delay in delivery but food quality made up for it.,4,2026-01-19T10:48:14.930309
REV-000545,ORD-20260113-628836,CUST-10208,REST-DEL-001,Enjoyed the Gajar Halwa! Gajar Halwa was very good. Portion sizes were generous. Recommend!,4,2026-01-19T10:48:48.930309
REV-000637,ORD-20260118-834914,CUST-10997,REST-DEL-001,Worst food ever! Lamb Rogan Josh and Jeera Rice were all wrong. Jeera Rice made me sick. Never ordering again!,1,2026-01-19T11:16:47.930309
REV-000548,ORD-20260113-207388,CUST-10060,REST-DEL-001,Outstanding experience! The Chole Bhature exceeded all expectations. Chole Bhature was the star of the meal. Will definitely order again!,5,2026-01-19T11:45:18.930309
REV-000620,ORD-20260117-110388,CUST-10628,REST-BLR-001,Very satisfied! Gajar Halwa and Chicken Seekh Kebab were fresh and flavorful. Gajar Halwa was the standout dish.,4,2026-01-19T11:54:36.930309
REV-000587,ORD-20260115-549864,CUST-10889,REST-DEL-001,Best Indian food in UAE! Chicken Biryani and Paneer Butter Masala were incredible. Paneer Butter Masala had the perfect balance of spices. Five stars!,5,2026-01-19T13:03:23.930309
REV-000588,ORD-20260115-338376,CUST-10734,REST-MUM-002,Not bad  not great. Aloo Tikki Chaat and Samosa (2 pcs) were edible. Samosa (2 pcs) needed more seasoning.,3,2026-01-19T13:08:51.930309
REV-000536,ORD-20260112-833926,CUST-10638,REST-BLR-001,Hands down the best Jeera Rice I've ever had! Gulab Jamun (2 pcs)  Mango Lassi  Gajar Halwa  and Jeera Rice were all prepared beautifully. Fresh and flavorful!,5,2026-01-19T16:59:29.930309
REV-000578,ORD-20260114-767309,CUST-10432,REST-BLR-001,Enjoyed the Gajar Halwa  Aloo Tikki Chaat  Fish Curry  Chicken Biryani  and Butter Chicken! Chicken Biryani was very good. Portion sizes were generous. Recommend!,4,2026-01-19T17:18:35.930309
REV-000555,ORD-20260113-720482,CUST-10604,REST-MUM-001,Enjoyed the Palak Paneer! Palak Paneer was very good. Portion sizes were generous. Recommend!,4,2026-01-19T17:42:22.930309
REV-000611,ORD-20260116-956982,CUST-10796,REST-MUM-001,Average experience. Butter Chicken  Garlic Naan  Paneer Butter Masala  Tandoori Roti  and Fish Curry were fine but Fish Curry was a bit bland. Room for improvement.,3,2026-01-19T18:08:40.930309
REV-000623,ORD-20260117-513006,CUST-10022,REST-BLR-001,Perfect in every way! Rasmalai (2 pcs)  Butter Chicken  Masala Chai  and Mango Lassi were all excellent. Mango Lassi stood out with its rich  authentic taste.,5,2026-01-19T18:15:36.930309
REV-000598,ORD-20260115-361185,CUST-10598,REST-DEL-002,Best Indian food in UAE! Masala Chai and Malai Kofta were incredible. Malai Kofta had the perfect balance of spices. Five stars!,5,2026-01-19T18:45:45.930309
REV-000537,ORD-20260112-862730,CUST-10756,REST-DEL-002,Not bad  not great. Palak Paneer were edible. Palak Paneer needed more seasoning.,3,2026-01-19T18:47:41.930309
REV-000557,ORD-20260113-609434,CUST-10587,REST-DEL-002,Pleasant meal! Chole Bhature and Butter Chicken arrived warm. Chole Bhature was tasty though not exceptional. Would order again.,4,2026-01-19T19:39:43.930309
REV-000559,ORD-20260113-126160,CUST-10404,REST-MUM-001,Absolutely amazing Tandoori Roti  Dal Makhani  Masala Chai  Gajar Halwa  and Malai Kofta! The Tandoori Roti was cooked to perfection. Fresh ingredients and authentic flavors. Highly recommend!,5,2026-01-19T19:57:51.930309
REV-000540,ORD-20260112-928585,CUST-10095,REST-MUM-001,Great food overall. Butter Chicken and Mango Lassi were tasty  especially the Butter Chicken. Would order again!,4,2026-01-19T20:48:12.930309
REV-000617,ORD-20260116-776182,CUST-10751,REST-MUM-002,Not bad  not great. Paneer Tikka and Rasmalai (2 pcs) were edible. Paneer Tikka needed more seasoning.,3,2026-01-19T22:16:16.930309
REV-000635,ORD-20260118-983054,CUST-10163,REST-DEL-002,Best Indian food in UAE! Butter Chicken  Malai Kofta  Dal Makhani  and Paneer Tikka were incredible. Butter Chicken had the perfect balance of spices. Five stars!,5,2026-01-20T10:19:58.930309
REV-000621,ORD-20260117-480234,CUST-10157,REST-MUM-001,Perfect in every way! Tandoori Roti  Chicken Biryani  Aloo Tikki Chaat  Kulfi  and Fresh Lime Soda were all excellent. Fresh Lime Soda stood out with its rich  authentic taste.,5,2026-01-20T12:53:05.930309
REV-000575,ORD-20260114-922474,CUST-10598,REST-BLR-001,Average experience. Vegetable Biryani were fine but Vegetable Biryani was a bit bland. Room for improvement.,3,2026-01-20T13:31:36.930309
REV-000551,ORD-20260113-424689,CUST-10802,REST-DEL-002,Best Indian food in UAE! Palak Paneer  Fresh Lime Soda  Vegetable Biryani  Gajar Halwa  and Butter Chicken were incredible. Vegetable Biryani had the perfect balance of spices. Five stars!,5,2026-01-20T13:37:05.930309
REV-000641,ORD-20260118-275435,CUST-10168,REST-MUM-001,Outstanding experience! The Chicken Seekh Kebab exceeded all expectations. Chicken Seekh Kebab was the star of the meal. Will definitely order again!,5,2026-01-20T13:45:51.930309
REV-000642,ORD-20260118-791799,CUST-10910,REST-DEL-001,Absolutely amazing Naan! The Naan was cooked to perfection. Fresh ingredients and authentic flavors. Highly recommend!,5,2026-01-20T14:00:10.930309
REV-000552,ORD-20260113-465074,CUST-10534,REST-DEL-002,Best Indian food in UAE! Paneer Tikka  Butter Chicken  Lamb Rogan Josh  Sweet Lassi  and Chicken Tikka Masala were incredible. Paneer Tikka had the perfect balance of spices. Five stars!,5,2026-01-20T14:18:17.930309
REV-000591,ORD-20260115-615981,CUST-10850,REST-MUM-002,Wow! Just wow! Chicken Tikka Masala  Fish Curry  Kulfi  and Vegetable Biryani were all fantastic. Kulfi was particularly memorable. Can't wait to order again!,5,2026-01-20T15:02:53.930309
REV-000577,ORD-20260114-206344,CUST-10860,REST-DEL-001,Hands down the best Palak Paneer I've ever had! Rasmalai (2 pcs)  Sweet Lassi  Gulab Jamun (2 pcs)  Lamb Rogan Josh  and Palak Paneer were all prepared beautifully. Fresh and flavorful!,5,2026-01-20T15:09:12.930309
REV-000666,ORD-20260120-948908,CUST-10637,REST-BLR-001,Disaster! Chicken Tikka Masala were all stale. Chicken Tikka Masala had a weird smell. Completely unacceptable!,1,2026-01-21T10:09:58.930309
REV-000570,ORD-20260114-653639,CUST-10849,REST-MUM-001,Incredible meal! Paneer Tikka  Malai Kofta  Rasmalai (2 pcs)  and Butter Chicken arrived hot and fresh. The Butter Chicken was absolutely divine. Highly satisfied!,5,2026-01-21T11:45:56.930309
REV-000571,ORD-20260114-212945,CUST-10855,REST-DEL-001,Exceptional quality! Ordered Chicken 65  Samosa (2 pcs)  Garlic Naan  Chicken Biryani  and Chicken Seekh Kebab and everything was delicious. The Chicken 65 melted in my mouth. Perfect!,5,2026-01-21T11:56:20.930309
REV-000586,ORD-20260115-449082,CUST-10939,REST-MUM-002,Very satisfied! Mango Lassi were fresh and flavorful. Mango Lassi was the standout dish.,4,2026-01-21T12:12:48.930309
REV-000573,ORD-20260114-699789,CUST-10566,REST-DEL-001,Enjoyed the Chicken Tikka Masala and Palak Paneer! Palak Paneer was very good. Portion sizes were generous. Recommend!,4,2026-01-21T12:29:03.930309
REV-000574,ORD-20260114-368790,CUST-10418,REST-MUM-001,Wow! Just wow! Chole Bhature  Rasmalai (2 pcs)  Garlic Naan  and Butter Chicken were all fantastic. Butter Chicken was particularly memorable. Can't wait to order again!,5,2026-01-21T13:03:47.930309
REV-000576,ORD-20260114-312014,CUST-10240,REST-DEL-002,Hands down the best Sweet Lassi I've ever had! Sweet Lassi  Chicken Tikka Masala  and Garlic Naan were all prepared beautifully. Fresh and flavorful!,5,2026-01-21T14:34:34.930309
REV-000590,ORD-20260115-496257,CUST-10963,REST-DEL-002,Very satisfied! Gulab Jamun (2 pcs)  Butter Naan  Fresh Lime Soda  Rasmalai (2 pcs)  and Masala Chai were fresh and flavorful. Fresh Lime Soda was the standout dish.,4,2026-01-21T14:41:55.930309
REV-000606,ORD-20260116-212959,CUST-10777,REST-MUM-002,Best Indian food in UAE! Mango Lassi  Masala Chai  Fish Curry  and Naan were incredible. Mango Lassi had the perfect balance of spices. Five stars!,5,2026-01-21T15:05:05.930309
REV-000610,ORD-20260116-114356,CUST-10304,REST-MUM-002,Good quality food. Fresh Lime Soda  Chicken Seekh Kebab  Butter Naan  and Gajar Halwa were nicely done. Gajar Halwa could have been slightly spicier but still good!,4,2026-01-21T17:26:21.930309
REV-000593,ORD-20260115-431395,CUST-10074,REST-MUM-001,Incredible meal! Chicken Biryani  Samosa (2 pcs)  and Paneer Tikka arrived hot and fresh. The Samosa (2 pcs) was absolutely divine. Highly satisfied!,5,2026-01-21T17:46:36.930309
REV-000616,ORD-20260116-654659,CUST-10495,REST-BLR-001,Absolutely amazing Garlic Naan  Gajar Halwa  Butter Naan  Vegetable Biryani  and Palak Paneer! The Palak Paneer was cooked to perfection. Fresh ingredients and authentic flavors. Highly recommend!,5,2026-01-21T19:29:59.930309
REV-000579,ORD-20260114-194087,CUST-10031,REST-BLR-001,Mediocre. Chicken 65  Dal Makhani  Paneer Tikka  Garlic Naan  and Gulab Jamun (2 pcs) were fine but forgettable. Dal Makhani didn't stand out.,3,2026-01-21T19:34:35.930309
REV-000628,ORD-20260117-480747,CUST-10097,REST-DEL-002,Exceptional quality! Ordered Garlic Naan  Chicken 65  and Tandoori Roti and everything was delicious. The Chicken 65 melted in my mouth. Perfect!,5,2026-01-21T20:16:55.930309
REV-000601,ORD-20260115-651302,CUST-10168,REST-BLR-001,Not good. Chicken Seekh Kebab and Fresh Lime Soda arrived late and cold. Fresh Lime Soda had barely any flavor. Poor quality.,2,2026-01-21T20:38:10.930309
REV-000662,ORD-20260119-876504,CUST-10383,REST-MUM-002,Pleasant meal! Chicken Tikka Masala  Rasmalai (2 pcs)  Jeera Rice  Butter Naan  and Malai Kofta arrived warm. Butter Naan was tasty though not exceptional. Would order again.,4,2026-01-21T21:20:04.930309
REV-000645,ORD-20260118-183784,CUST-10627,REST-BLR-001,Really good Lamb Rogan Josh  Mango Lassi  and Dal Makhani! The Lamb Rogan Josh was delicious. Slight delay in delivery but food quality made up for it.,4,2026-01-21T21:21:29.930309
REV-000634,ORD-20260117-401929,CUST-10716,REST-MUM-002,Worst food ever! Palak Paneer and Malai Kofta were all wrong. Palak Paneer made me sick. Never ordering again!,1,2026-01-21T22:45:44.930309
REV-000683,ORD-20260121-579191,CUST-10699,REST-MUM-002,Wow! Just wow! Samosa (2 pcs)  Kulfi  Aloo Tikki Chaat  Tandoori Roti  and Chicken Seekh Kebab were all fantastic. Kulfi was particularly memorable. Can't wait to order again!,5,2026-01-22T10:09:18.930309
REV-000684,ORD-20260121-470680,CUST-10474,REST-MUM-001,Wow! Just wow! Naan  Kulfi  Paneer Tikka  and Dal Makhani were all fantastic. Dal Makhani was particularly memorable. Can't wait to order again!,5,2026-01-22T10:13:33.930309
REV-000647,ORD-20260119-130489,CUST-10957,REST-MUM-001,Very satisfied! Samosa (2 pcs)  Chole Bhature  Chicken Seekh Kebab  and Sweet Lassi were fresh and flavorful. Chicken Seekh Kebab was the standout dish.,4,2026-01-22T11:44:51.930309
REV-000651,ORD-20260119-804221,CUST-10288,REST-MUM-002,Outstanding experience! The Chole Bhature exceeded all expectations. Chole Bhature was the star of the meal. Will definitely order again!,5,2026-01-22T12:34:59.930309
REV-000669,ORD-20260120-169433,CUST-10625,REST-MUM-002,Great food overall. Chicken Seekh Kebab  Dal Makhani  and Vegetable Biryani were tasty  especially the Vegetable Biryani. Would order again!,4,2026-01-22T13:20:44.930309
REV-000652,ORD-20260119-143185,CUST-10727,REST-MUM-002,Below expectations. Chole Bhature  Butter Naan  and Paneer Tikka were underwhelming. Chole Bhature was overcooked and dry.,2,2026-01-22T13:52:54.930309
REV-000671,ORD-20260120-567931,CUST-10667,REST-BLR-001,Enjoyed the Butter Naan  Chicken Seekh Kebab  and Dal Makhani! Chicken Seekh Kebab was very good. Portion sizes were generous. Recommend!,4,2026-01-22T15:05:31.930309
REV-000691,ORD-20260121-421344,CUST-10118,REST-DEL-001,Wow! Just wow! Mango Lassi  Rasmalai (2 pcs)  Chicken Tikka Masala  and Kulfi were all fantastic. Rasmalai (2 pcs) was particularly memorable. Can't wait to order again!,5,2026-01-22T15:05:42.930309
REV-000607,ORD-20260116-979821,CUST-10493,REST-DEL-002,Terrible experience! Butter Naan  Naan  Mango Lassi  and Aloo Tikki Chaat were all inedible. Naan was completely burnt. Waste of money!,1,2026-01-22T15:38:24.930309
REV-000654,ORD-20260119-880210,CUST-10086,REST-MUM-001,Poor experience. Mango Lassi  Tandoori Roti  Sweet Lassi  Aloo Tikki Chaat  and Dal Makhani were disappointing. Sweet Lassi was burnt on the edges. Very unhappy.,2,2026-01-22T15:52:09.930309
REV-000643,ORD-20260118-655794,CUST-10715,REST-MUM-001,Good quality food. Kulfi  Butter Chicken  Chole Bhature  and Naan were nicely done. Butter Chicken could have been slightly spicier but still good!,4,2026-01-22T16:46:23.930309
REV-000655,ORD-20260119-371400,CUST-10109,REST-MUM-001,Hands down the best Vegetable Biryani I've ever had! Vegetable Biryani and Paneer Butter Masala were all prepared beautifully. Fresh and flavorful!,5,2026-01-22T16:57:45.930309
REV-000595,ORD-20260115-377963,CUST-10905,REST-BLR-001,Best Indian food in UAE! Fish Curry and Rasmalai (2 pcs) were incredible. Rasmalai (2 pcs) had the perfect balance of spices. Five stars!,5,2026-01-22T18:01:12.930309
REV-000597,ORD-20260115-500064,CUST-10833,REST-BLR-001,Very satisfied! Chicken Tikka Masala were fresh and flavorful. Chicken Tikka Masala was the standout dish.,4,2026-01-22T18:44:26.930309
REV-000625,ORD-20260117-458481,CUST-10939,REST-BLR-001,Average experience. Lamb Rogan Josh  Aloo Tikki Chaat  and Chicken Seekh Kebab were fine but Chicken Seekh Kebab was a bit bland. Room for improvement.,3,2026-01-22T18:51:42.930309
REV-000613,ORD-20260116-717460,CUST-10848,REST-DEL-001,Absolutely amazing Gajar Halwa  Chole Bhature  Lamb Rogan Josh  and Garlic Naan! The Lamb Rogan Josh was cooked to perfection. Fresh ingredients and authentic flavors. Highly recommend!,5,2026-01-22T18:57:43.930309
REV-000599,ORD-20260115-669118,CUST-10695,REST-DEL-001,Incredible meal! Naan arrived hot and fresh. The Naan was absolutely divine. Highly satisfied!,5,2026-01-22T19:58:17.930309
REV-000630,ORD-20260117-910259,CUST-10480,REST-DEL-001,Appalling quality! Chicken Biryani  Sweet Lassi  and Gajar Halwa were swimming in oil. Gajar Halwa was raw inside. Health hazard!,1,2026-01-22T21:18:26.930309
REV-000682,ORD-20260120-377487,CUST-10726,REST-MUM-001,Expected better. Vegetable Biryani and Paneer Butter Masala were subpar. Vegetable Biryani was too oily and greasy. Stomach upset followed.,2,2026-01-22T22:01:56.930309
REV-000633,ORD-20260117-451436,CUST-10044,REST-MUM-001,Wow! Just wow! Chicken Seekh Kebab  Jeera Rice  Paneer Butter Masala  Chicken 65  and Vegetable Biryani were all fantastic. Jeera Rice was particularly memorable. Can't wait to order again!,5,2026-01-22T22:44:25.930309
REV-000636,ORD-20260118-139483,CUST-10058,REST-DEL-001,Best Indian food in UAE! Gajar Halwa  Butter Naan  Kulfi  and Butter Chicken were incredible. Butter Naan had the perfect balance of spices. Five stars!,5,2026-01-23T10:28:23.930309
REV-000646,ORD-20260119-235369,CUST-10465,REST-DEL-002,Perfect in every way! Gajar Halwa and Malai Kofta were all excellent. Malai Kofta stood out with its rich  authentic taste.,5,2026-01-23T11:10:44.930309
REV-000708,ORD-20260122-675729,CUST-10707,REST-BLR-001,Perfect in every way! Chicken Seekh Kebab  Fresh Lime Soda  and Garlic Naan were all excellent. Garlic Naan stood out with its rich  authentic taste.,5,2026-01-23T11:49:30.930309
REV-000667,ORD-20260120-132175,CUST-10828,REST-MUM-002,It was okay. Jeera Rice  Masala Chai  Garlic Naan  Dal Makhani  and Vegetable Biryani arrived lukewarm. Vegetable Biryani tasted fine but could be better.,3,2026-01-23T11:57:00.930309
REV-000639,ORD-20260118-366069,CUST-10748,REST-MUM-001,Mediocre. Dal Makhani  Mango Lassi  Masala Chai  Butter Naan  and Chicken Tikka Masala were fine but forgettable. Mango Lassi didn't stand out.,3,2026-01-23T13:14:53.930309
REV-000689,ORD-20260121-298614,CUST-10956,REST-DEL-001,Wow! Just wow! Garlic Naan  Mango Lassi  Paneer Butter Masala  and Chicken 65 were all fantastic. Paneer Butter Masala was particularly memorable. Can't wait to order again!,5,2026-01-23T13:18:58.930309
REV-000640,ORD-20260118-983526,CUST-10435,REST-MUM-002,Shocking! Samosa (2 pcs)  Gajar Halwa  Gulab Jamun (2 pcs)  and Tandoori Roti bore no resemblance to the menu description. Gulab Jamun (2 pcs) was inedible. Refund demanded!,1,2026-01-23T13:26:34.930309
REV-000714,ORD-20260122-418131,CUST-10989,REST-DEL-002,Below expectations. Sweet Lassi  Chole Bhature  and Mango Lassi were underwhelming. Chole Bhature was overcooked and dry.,2,2026-01-23T15:44:59.930309
REV-000696,ORD-20260121-858963,CUST-10912,REST-DEL-002,Perfect in every way! Gajar Halwa  Butter Chicken  Aloo Tikki Chaat  Mango Lassi  and Naan were all excellent. Aloo Tikki Chaat stood out with its rich  authentic taste.,5,2026-01-23T17:57:07.930309
REV-000612,ORD-20260116-505857,CUST-10320,REST-DEL-002,Below expectations. Fresh Lime Soda  Aloo Tikki Chaat  and Malai Kofta were underwhelming. Malai Kofta was overcooked and dry.,2,2026-01-23T18:27:17.930309
REV-000658,ORD-20260119-294182,CUST-10320,REST-MUM-001,Enjoyed the Masala Chai! Masala Chai was very good. Portion sizes were generous. Recommend!,4,2026-01-23T18:37:24.930309
REV-000675,ORD-20260120-890715,CUST-10825,REST-DEL-001,Really good Fresh Lime Soda! The Fresh Lime Soda was delicious. Slight delay in delivery but food quality made up for it.,4,2026-01-23T19:46:19.930309
REV-000698,ORD-20260121-543430,CUST-10622,REST-BLR-001,Hands down the best Chicken Tikka Masala I've ever had! Chicken Tikka Masala  Rasmalai (2 pcs)  and Samosa (2 pcs) were all prepared beautifully. Fresh and flavorful!,5,2026-01-23T19:54:41.930309
REV-000661,ORD-20260119-933045,CUST-10182,REST-MUM-001,Hands down the best Butter Chicken I've ever had! Masala Chai  Paneer Tikka  and Butter Chicken were all prepared beautifully. Fresh and flavorful!,5,2026-01-23T21:17:11.930309
REV-000721,ORD-20260122-623859,CUST-10626,REST-MUM-001,Hands down the best Jeera Rice I've ever had! Jeera Rice  Fresh Lime Soda  Malai Kofta  and Fish Curry were all prepared beautifully. Fresh and flavorful!,5,2026-01-23T21:30:24.930309
REV-000704,ORD-20260121-757648,CUST-10742,REST-MUM-001,Disappointed with Butter Naan  Dal Makhani  Lamb Rogan Josh  Samosa (2 pcs)  and Chicken Biryani. Chicken Biryani was cold when it arrived. Not worth the money.,2,2026-01-23T22:49:08.930309
REV-000618,ORD-20260117-472684,CUST-10187,REST-BLR-001,Very satisfied! Lamb Rogan Josh  Mango Lassi  Palak Paneer  Vegetable Biryani  and Dal Makhani were fresh and flavorful. Dal Makhani was the standout dish.,4,2026-01-24T10:01:08.930309
REV-000686,ORD-20260121-182906,CUST-10953,REST-MUM-001,Good quality food. Gulab Jamun (2 pcs)  Naan  and Kulfi were nicely done. Gulab Jamun (2 pcs) could have been slightly spicier but still good!,4,2026-01-24T10:49:18.930309
REV-000619,ORD-20260117-213690,CUST-10125,REST-DEL-002,Pleasant meal! Sweet Lassi arrived warm. Sweet Lassi was tasty though not exceptional. Would order again.,4,2026-01-24T11:50:37.930309
REV-000638,ORD-20260118-660846,CUST-10799,REST-DEL-001,Exceptional quality! Ordered Butter Chicken  Vegetable Biryani  and Paneer Butter Masala and everything was delicious. The Paneer Butter Masala melted in my mouth. Perfect!,5,2026-01-24T12:11:32.930309
REV-000649,ORD-20260119-899700,CUST-10670,REST-MUM-002,Best Indian food in UAE! Butter Naan and Fresh Lime Soda were incredible. Butter Naan had the perfect balance of spices. Five stars!,5,2026-01-24T12:13:35.930309
REV-000650,ORD-20260119-969863,CUST-10160,REST-BLR-001,Perfect in every way! Naan  Garlic Naan  Malai Kofta  and Dal Makhani were all excellent. Naan stood out with its rich  authentic taste.,5,2026-01-24T12:14:04.930309
REV-000690,ORD-20260121-993723,CUST-10654,REST-MUM-002,Solid experience. Gulab Jamun (2 pcs)  Paneer Tikka  and Malai Kofta were well-prepared. Malai Kofta had great flavor. Minor issues with packaging.,4,2026-01-24T14:39:35.930309
REV-000672,ORD-20260120-413707,CUST-10902,REST-BLR-001,Average experience. Paneer Butter Masala  Masala Chai  and Jeera Rice were fine but Jeera Rice was a bit bland. Room for improvement.,3,2026-01-24T16:00:19.930309
REV-000622,ORD-20260117-457946,CUST-10478,REST-DEL-002,Absolutely amazing Butter Chicken  Butter Naan  Dal Makhani  and Chicken Tikka Masala! The Butter Naan was cooked to perfection. Fresh ingredients and authentic flavors. Highly recommend!,5,2026-01-24T16:30:58.930309
REV-000715,ORD-20260122-286689,CUST-10548,REST-MUM-002,Mixed feelings. Chicken Tikka Masala were acceptable. Chicken Tikka Masala was decent but portion was small for the price.,3,2026-01-24T16:31:24.930309
REV-000673,ORD-20260120-392592,CUST-10872,REST-MUM-002,Hands down the best Rasmalai (2 pcs) I've ever had! Rasmalai (2 pcs) and Samosa (2 pcs) were all prepared beautifully. Fresh and flavorful!,5,2026-01-24T16:33:01.930309
REV-000725,ORD-20260123-336096,CUST-10314,REST-MUM-001,Good quality food. Malai Kofta and Paneer Tikka were nicely done. Paneer Tikka could have been slightly spicier but still good!,4,2026-01-24T17:15:44.930309
REV-000674,ORD-20260120-506156,CUST-10509,REST-BLR-001,Poor experience. Chicken 65  Sweet Lassi  Mango Lassi  and Gajar Halwa were disappointing. Chicken 65 was burnt on the edges. Very unhappy.,2,2026-01-24T17:43:12.930309
REV-000624,ORD-20260117-525373,CUST-10372,REST-DEL-002,Exceptional quality! Ordered Sweet Lassi and everything was delicious. The Sweet Lassi melted in my mouth. Perfect!,5,2026-01-24T18:33:41.930309
REV-000626,ORD-20260117-206935,CUST-10033,REST-MUM-001,Mediocre. Masala Chai  Fish Curry  Vegetable Biryani  Chicken Biryani  and Butter Chicken were fine but forgettable. Masala Chai didn't stand out.,3,2026-01-24T19:42:52.930309
REV-000627,ORD-20260117-361982,CUST-10054,REST-DEL-002,Good quality food. Gajar Halwa were nicely done. Gajar Halwa could have been slightly spicier but still good!,4,2026-01-24T19:58:47.930309
REV-000644,ORD-20260118-811185,CUST-10616,REST-DEL-002,Mediocre. Kulfi and Chole Bhature were fine but forgettable. Kulfi didn't stand out.,3,2026-01-24T19:59:17.930309
REV-000731,ORD-20260123-772848,CUST-10794,REST-MUM-001,Hands down the best Chicken Seekh Kebab I've ever had! Aloo Tikki Chaat  Chicken Seekh Kebab  Dal Makhani  Chicken Tikka Masala  and Masala Chai were all prepared beautifully. Fresh and flavorful!,5,2026-01-24T21:16:47.930309
REV-000663,ORD-20260119-354200,CUST-10857,REST-DEL-002,Absolutely amazing Vegetable Biryani  Chicken 65  Palak Paneer  Chicken Tikka Masala  and Chole Bhature! The Chicken 65 was cooked to perfection. Fresh ingredients and authentic flavors. Highly recommend!,5,2026-01-24T21:38:51.930309
REV-000631,ORD-20260117-752919,CUST-10355,REST-DEL-001,Incredible meal! Lamb Rogan Josh  Aloo Tikki Chaat  Garlic Naan  Dal Makhani  and Vegetable Biryani arrived hot and fresh. The Garlic Naan was absolutely divine. Highly satisfied!,5,2026-01-24T22:06:42.930309
REV-000632,ORD-20260117-484185,CUST-10775,REST-MUM-002,Poor experience. Chicken Tikka Masala  Fresh Lime Soda  and Paneer Butter Masala were disappointing. Chicken Tikka Masala was burnt on the edges. Very unhappy.,2,2026-01-24T22:11:46.930309
REV-000664,ORD-20260119-884300,CUST-10793,REST-MUM-001,Mediocre. Kulfi and Fresh Lime Soda were fine but forgettable. Kulfi didn't stand out.,3,2026-01-24T22:18:09.930309
REV-000706,ORD-20260122-482832,CUST-10230,REST-BLR-001,Absolutely amazing Samosa (2 pcs)  Aloo Tikki Chaat  and Paneer Tikka! The Paneer Tikka was cooked to perfection. Fresh ingredients and authentic flavors. Highly recommend!,5,2026-01-25T10:33:47.930309
REV-000687,ORD-20260121-340687,CUST-10370,REST-DEL-001,It was okay. Lamb Rogan Josh  Sweet Lassi  Chicken Tikka Masala  Garlic Naan  and Paneer Tikka arrived lukewarm. Garlic Naan tasted fine but could be better.,3,2026-01-25T10:57:32.930309
REV-000707,ORD-20260122-507004,CUST-10232,REST-MUM-001,Outstanding experience! The Masala Chai exceeded all expectations. Masala Chai was the star of the meal. Will definitely order again!,5,2026-01-25T11:12:14.930309
REV-000735,ORD-20260124-592862,CUST-10509,REST-MUM-002,Exceptional quality! Ordered Gajar Halwa  Malai Kofta  and Lamb Rogan Josh and everything was delicious. The Gajar Halwa melted in my mouth. Perfect!,5,2026-01-25T13:48:01.930309
REV-000694,ORD-20260121-411273,CUST-10500,REST-MUM-002,Outstanding experience! The Paneer Tikka  Lamb Rogan Josh  Gulab Jamun (2 pcs)  Jeera Rice  and Kulfi exceeded all expectations. Jeera Rice was the star of the meal. Will definitely order again!,5,2026-01-25T17:00:20.930309
REV-000716,ORD-20260122-120591,CUST-10782,REST-BLR-001,Decent food but nothing special. Chicken 65  Dal Makhani  Aloo Tikki Chaat  Naan  and Fish Curry were okay. Fish Curry lacked the punch I expected.,3,2026-01-25T17:12:19.930309
REV-000656,ORD-20260119-882484,CUST-10985,REST-BLR-001,Expected better. Fresh Lime Soda  Aloo Tikki Chaat  Sweet Lassi  Palak Paneer  and Tandoori Roti were subpar. Fresh Lime Soda was too oily and greasy. Stomach upset followed.,2,2026-01-25T17:42:03.930309
REV-000657,ORD-20260119-136997,CUST-10483,REST-BLR-001,Hands down the best Butter Chicken I've ever had! Fish Curry  Fresh Lime Soda  and Butter Chicken were all prepared beautifully. Fresh and flavorful!,5,2026-01-25T17:49:11.930309
REV-000717,ORD-20260122-786576,CUST-10096,REST-DEL-002,Wow! Just wow! Aloo Tikki Chaat were all fantastic. Aloo Tikki Chaat was particularly memorable. Can't wait to order again!,5,2026-01-25T19:08:23.930309
REV-000697,ORD-20260121-407631,CUST-10849,REST-MUM-001,Great food overall. Fish Curry  Mango Lassi  and Sweet Lassi were tasty  especially the Sweet Lassi. Would order again!,4,2026-01-25T19:48:35.930309
REV-000676,ORD-20260120-885039,CUST-10723,REST-MUM-001,Good quality food. Rasmalai (2 pcs)  Mango Lassi  Gulab Jamun (2 pcs)  Palak Paneer  and Malai Kofta were nicely done. Gulab Jamun (2 pcs) could have been slightly spicier but still good!,4,2026-01-25T20:07:05.930309
REV-000729,ORD-20260123-732342,CUST-10927,REST-DEL-001,Hands down the best Chicken Tikka Masala I've ever had! Chicken Tikka Masala were all prepared beautifully. Fresh and flavorful!,5,2026-01-25T20:27:31.930309
REV-000679,ORD-20260120-959430,CUST-10754,REST-DEL-002,It was okay. Gajar Halwa  Fish Curry  Jeera Rice  Butter Chicken  and Chicken Biryani arrived lukewarm. Jeera Rice tasted fine but could be better.,3,2026-01-25T21:05:17.930309
REV-000700,ORD-20260121-784163,CUST-10669,REST-DEL-002,Perfect in every way! Kulfi  Naan  and Paneer Tikka were all excellent. Kulfi stood out with its rich  authentic taste.,5,2026-01-25T21:41:08.930309
REV-000703,ORD-20260121-312183,CUST-10641,REST-MUM-002,Great food overall. Sweet Lassi were tasty  especially the Sweet Lassi. Would order again!,4,2026-01-25T22:40:49.930309
REV-000665,ORD-20260119-234924,CUST-10963,REST-MUM-002,Hands down the best Paneer Tikka I've ever had! Paneer Tikka were all prepared beautifully. Fresh and flavorful!,5,2026-01-25T22:55:16.930309
REV-000722,ORD-20260123-135588,CUST-10961,REST-DEL-001,Pleasant meal! Gajar Halwa  Masala Chai  Jeera Rice  and Samosa (2 pcs) arrived warm. Gajar Halwa was tasty though not exceptional. Would order again.,4,2026-01-26T10:02:08.930309
REV-000685,ORD-20260121-241718,CUST-10913,REST-DEL-002,Perfect in every way! Garlic Naan and Fish Curry were all excellent. Fish Curry stood out with its rich  authentic taste.,5,2026-01-26T10:34:42.930309
REV-000749,ORD-20260125-953045,CUST-10867,REST-BLR-001,Exceptional quality! Ordered Chicken Tikka Masala  Fish Curry  Fresh Lime Soda  Jeera Rice  and Tandoori Roti and everything was delicious. The Chicken Tikka Masala melted in my mouth. Perfect!,5,2026-01-26T11:39:28.930309
REV-000648,ORD-20260119-797955,CUST-10128,REST-BLR-001,Not good. Paneer Butter Masala  Butter Naan  and Garlic Naan arrived late and cold. Paneer Butter Masala had barely any flavor. Poor quality.,2,2026-01-26T12:06:15.930309
REV-000711,ORD-20260122-720293,CUST-10773,REST-DEL-002,Mixed feelings. Gulab Jamun (2 pcs) and Chicken Seekh Kebab were acceptable. Gulab Jamun (2 pcs) was decent but portion was small for the price.,3,2026-01-26T12:36:31.930309
REV-000668,ORD-20260120-404211,CUST-10026,REST-MUM-002,Hands down the best Gajar Halwa I've ever had! Fresh Lime Soda  Chicken Seekh Kebab  Chole Bhature  and Gajar Halwa were all prepared beautifully. Fresh and flavorful!,5,2026-01-26T13:16:41.930309
REV-000713,ORD-20260122-606875,CUST-10943,REST-MUM-001,Pleasant meal! Gajar Halwa  Fish Curry  Chicken Biryani  and Chicken Seekh Kebab arrived warm. Gajar Halwa was tasty though not exceptional. Would order again.,4,2026-01-26T13:18:19.930309
REV-000653,ORD-20260119-791419,CUST-10071,REST-DEL-001,Absolutely amazing Aloo Tikki Chaat  Malai Kofta  and Gajar Halwa! The Gajar Halwa was cooked to perfection. Fresh ingredients and authentic flavors. Highly recommend!,5,2026-01-26T14:10:38.930309
REV-000692,ORD-20260121-252372,CUST-10593,REST-DEL-002,Pleasant meal! Dal Makhani arrived warm. Dal Makhani was tasty though not exceptional. Would order again.,4,2026-01-26T15:18:22.930309
REV-000740,ORD-20260124-360200,CUST-10431,REST-BLR-001,Mediocre. Sweet Lassi and Garlic Naan were fine but forgettable. Sweet Lassi didn't stand out.,3,2026-01-26T16:23:18.930309
REV-000659,ORD-20260119-928123,CUST-10693,REST-MUM-002,Absolutely amazing Fresh Lime Soda  Butter Chicken  Chicken Biryani  Masala Chai  and Garlic Naan! The Butter Chicken was cooked to perfection. Fresh ingredients and authentic flavors. Highly recommend!,5,2026-01-26T18:58:20.930309
REV-000718,ORD-20260122-979679,CUST-10694,REST-DEL-001,Not bad  not great. Chicken Seekh Kebab were edible. Chicken Seekh Kebab needed more seasoning.,3,2026-01-26T19:31:52.930309
REV-000660,ORD-20260119-892642,CUST-10445,REST-BLR-001,Best Indian food in UAE! Butter Naan  Lamb Rogan Josh  and Fresh Lime Soda were incredible. Lamb Rogan Josh had the perfect balance of spices. Five stars!,5,2026-01-26T20:39:44.930309
REV-000720,ORD-20260122-690668,CUST-10778,REST-BLR-001,Hands down the best Garlic Naan I've ever had! Kulfi  Butter Chicken  Garlic Naan  Paneer Butter Masala  and Chicken 65 were all prepared beautifully. Fresh and flavorful!,5,2026-01-26T20:44:11.930309
REV-000680,ORD-20260120-368454,CUST-10452,REST-BLR-001,Absolutely amazing Masala Chai! The Masala Chai was cooked to perfection. Fresh ingredients and authentic flavors. Highly recommend!,5,2026-01-26T21:13:33.930309
REV-000763,ORD-20260125-270554,CUST-10216,REST-BLR-001,Wow! Just wow! Butter Chicken  Mango Lassi  Garlic Naan  and Butter Naan were all fantastic. Butter Chicken was particularly memorable. Can't wait to order again!,5,2026-01-26T21:37:47.930309
REV-000733,ORD-20260123-683986,CUST-10061,REST-DEL-002,Exceptional quality! Ordered Gulab Jamun (2 pcs)  Naan  Rasmalai (2 pcs)  and Lamb Rogan Josh and everything was delicious. The Lamb Rogan Josh melted in my mouth. Perfect!,5,2026-01-26T22:08:03.930309
REV-000702,ORD-20260121-425986,CUST-10231,REST-MUM-002,Perfect in every way! Dal Makhani  Palak Paneer  Sweet Lassi  and Vegetable Biryani were all excellent. Dal Makhani stood out with its rich  authentic taste.,5,2026-01-26T22:17:54.930309
REV-000746,ORD-20260125-347674,CUST-10154,REST-MUM-001,Absolutely amazing Garlic Naan  Aloo Tikki Chaat  Fresh Lime Soda  and Palak Paneer! The Garlic Naan was cooked to perfection. Fresh ingredients and authentic flavors. Highly recommend!,5,2026-01-27T10:57:03.930309
REV-000767,ORD-20260126-580889,CUST-10986,REST-MUM-001,Exceptional quality! Ordered Malai Kofta and Paneer Butter Masala and everything was delicious. The Malai Kofta melted in my mouth. Perfect!,5,2026-01-27T11:40:39.930309
REV-000769,ORD-20260126-336160,CUST-10623,REST-DEL-001,Worst food ever! Palak Paneer  Tandoori Roti  and Fish Curry were all wrong. Fish Curry made me sick. Never ordering again!,1,2026-01-27T12:27:39.930309
REV-000688,ORD-20260121-606980,CUST-10327,REST-DEL-001,Below expectations. Lamb Rogan Josh  Sweet Lassi  and Chicken 65 were underwhelming. Sweet Lassi was overcooked and dry.,2,2026-01-27T12:33:15.930309
REV-000770,ORD-20260126-159761,CUST-10150,REST-DEL-002,Pleasant meal! Dal Makhani  Gulab Jamun (2 pcs)  and Butter Chicken arrived warm. Butter Chicken was tasty though not exceptional. Would order again.,4,2026-01-27T13:41:31.930309
REV-000670,ORD-20260120-796840,CUST-10943,REST-MUM-002,Exceptional quality! Ordered Kulfi  Vegetable Biryani  Rasmalai (2 pcs)  Chicken Tikka Masala  and Butter Chicken and everything was delicious. The Rasmalai (2 pcs) melted in my mouth. Perfect!,5,2026-01-27T14:30:23.930309
REV-000737,ORD-20260124-443942,CUST-10615,REST-DEL-002,Pleasant meal! Vegetable Biryani  Masala Chai  Gajar Halwa  and Paneer Butter Masala arrived warm. Masala Chai was tasty though not exceptional. Would order again.,4,2026-01-27T14:59:54.930309
REV-000738,ORD-20260124-794426,CUST-10614,REST-MUM-001,Exceptional quality! Ordered Chicken Tikka Masala  Masala Chai  and Jeera Rice and everything was delicious. The Chicken Tikka Masala melted in my mouth. Perfect!,5,2026-01-27T15:16:35.930309
REV-000693,ORD-20260121-673761,CUST-10284,REST-MUM-002,Really good Samosa (2 pcs)! The Samosa (2 pcs) was delicious. Slight delay in delivery but food quality made up for it.,4,2026-01-27T15:28:52.930309
REV-000695,ORD-20260121-235412,CUST-10362,REST-DEL-001,Average experience. Fresh Lime Soda  Chicken Seekh Kebab  Dal Makhani  and Butter Naan were fine but Fresh Lime Soda was a bit bland. Room for improvement.,3,2026-01-27T17:27:35.930309
REV-000757,ORD-20260125-992401,CUST-10467,REST-DEL-001,Really good Chicken Biryani  Sweet Lassi  Chicken 65  and Masala Chai! The Masala Chai was delicious. Slight delay in delivery but food quality made up for it.,4,2026-01-27T17:33:57.930309
REV-000726,ORD-20260123-276951,CUST-10890,REST-MUM-002,Poor experience. Paneer Tikka  Dal Makhani  Naan  Chole Bhature  and Chicken Biryani were disappointing. Chole Bhature was burnt on the edges. Very unhappy.,2,2026-01-27T18:32:59.930309
REV-000699,ORD-20260121-896116,CUST-10873,REST-MUM-001,Great food overall. Rasmalai (2 pcs)  Malai Kofta  Chicken 65  and Mango Lassi were tasty  especially the Rasmalai (2 pcs). Would order again!,4,2026-01-27T20:15:57.930309
REV-000677,ORD-20260120-121800,CUST-10994,REST-DEL-002,Pleasant meal! Palak Paneer  Butter Naan  Kulfi  Mango Lassi  and Sweet Lassi arrived warm. Palak Paneer was tasty though not exceptional. Would order again.,4,2026-01-27T20:33:35.930309
REV-000678,ORD-20260120-706605,CUST-10415,REST-MUM-001,Poor experience. Tandoori Roti and Sweet Lassi were disappointing. Tandoori Roti was burnt on the edges. Very unhappy.,2,2026-01-27T20:42:48.930309
REV-000681,ORD-20260120-658939,CUST-10193,REST-DEL-001,Not good. Rasmalai (2 pcs) arrived late and cold. Rasmalai (2 pcs) had barely any flavor. Poor quality.,2,2026-01-27T21:54:52.930309
REV-000764,ORD-20260126-757282,CUST-10760,REST-DEL-002,Not bad  not great. Garlic Naan  Rasmalai (2 pcs)  and Sweet Lassi were edible. Rasmalai (2 pcs) needed more seasoning.,3,2026-01-28T10:04:48.930309
REV-000751,ORD-20260125-530113,CUST-10634,REST-MUM-001,Terrible experience! Chicken 65  Chicken Tikka Masala  Lamb Rogan Josh  Fresh Lime Soda  and Fish Curry were all inedible. Fresh Lime Soda was completely burnt. Waste of money!,1,2026-01-28T12:08:12.930309
REV-000712,ORD-20260122-707705,CUST-10021,REST-BLR-001,Really good Chicken Seekh Kebab and Lamb Rogan Josh! The Lamb Rogan Josh was delicious. Slight delay in delivery but food quality made up for it.,4,2026-01-28T13:11:23.930309
REV-000785,ORD-20260127-725388,CUST-10678,REST-MUM-001,Wow! Just wow! Fresh Lime Soda  Jeera Rice  Chicken Tikka Masala  and Aloo Tikki Chaat were all fantastic. Jeera Rice was particularly memorable. Can't wait to order again!,5,2026-01-28T13:22:22.930309
REV-000753,ORD-20260125-490004,CUST-10673,REST-MUM-001,Hands down the best Kulfi I've ever had! Kulfi  Garlic Naan  Jeera Rice  and Gajar Halwa were all prepared beautifully. Fresh and flavorful!,5,2026-01-28T14:48:14.930309
REV-000789,ORD-20260127-394609,CUST-10422,REST-BLR-001,Pleasant meal! Masala Chai  Tandoori Roti  Kulfi  and Vegetable Biryani arrived warm. Tandoori Roti was tasty though not exceptional. Would order again.,4,2026-01-28T15:46:55.930309
REV-000790,ORD-20260127-414326,CUST-10542,REST-DEL-001,Best Indian food in UAE! Palak Paneer  Sweet Lassi  Fresh Lime Soda  and Aloo Tikki Chaat were incredible. Sweet Lassi had the perfect balance of spices. Five stars!,5,2026-01-28T15:50:22.930309
REV-000791,ORD-20260127-601162,CUST-10518,REST-BLR-001,Absolutely amazing Paneer Tikka  Chicken Biryani  and Tandoori Roti! The Chicken Biryani was cooked to perfection. Fresh ingredients and authentic flavors. Highly recommend!,5,2026-01-28T16:39:53.930309
REV-000793,ORD-20260127-370637,CUST-10793,REST-DEL-001,Solid experience. Aloo Tikki Chaat  Chicken Seekh Kebab  Chicken 65  and Butter Naan were well-prepared. Chicken Seekh Kebab had great flavor. Minor issues with packaging.,4,2026-01-28T16:44:10.930309
REV-000741,ORD-20260124-548249,CUST-10920,REST-MUM-002,Great food overall. Butter Naan  Kulfi  and Fresh Lime Soda were tasty  especially the Butter Naan. Would order again!,4,2026-01-28T18:36:30.930309
REV-000742,ORD-20260124-122344,CUST-10175,REST-MUM-001,Decent food but nothing special. Aloo Tikki Chaat were okay. Aloo Tikki Chaat lacked the punch I expected.,3,2026-01-28T18:50:51.930309
REV-000743,ORD-20260124-758540,CUST-10204,REST-MUM-002,Really good Rasmalai (2 pcs)  Garlic Naan  Jeera Rice  Gulab Jamun (2 pcs)  and Paneer Butter Masala! The Paneer Butter Masala was delicious. Slight delay in delivery but food quality made up for it.,4,2026-01-28T19:23:08.930309
REV-000804,ORD-20260127-682368,CUST-10957,REST-BLR-001,Solid experience. Dal Makhani  Butter Chicken  and Gulab Jamun (2 pcs) were well-prepared. Butter Chicken had great flavor. Minor issues with packaging.,4,2026-01-28T20:36:59.930309
REV-000761,ORD-20260125-875517,CUST-10722,REST-DEL-002,Outstanding experience! The Chicken Tikka Masala  Masala Chai  Aloo Tikki Chaat  and Gajar Halwa exceeded all expectations. Masala Chai was the star of the meal. Will definitely order again!,5,2026-01-28T21:35:10.930309
REV-000701,ORD-20260121-429797,CUST-10260,REST-MUM-001,Good quality food. Chicken 65  Malai Kofta  Palak Paneer  Paneer Butter Masala  and Sweet Lassi were nicely done. Paneer Butter Masala could have been slightly spicier but still good!,4,2026-01-28T21:59:47.930309
REV-000705,ORD-20260122-678114,CUST-10664,REST-DEL-002,Hands down the best Dal Makhani I've ever had! Lamb Rogan Josh and Dal Makhani were all prepared beautifully. Fresh and flavorful!,5,2026-01-29T10:18:46.930309
REV-000750,ORD-20260125-196703,CUST-10107,REST-MUM-001,Expected better. Malai Kofta  Butter Chicken  and Paneer Butter Masala were subpar. Malai Kofta was too oily and greasy. Stomach upset followed.,2,2026-01-29T11:46:19.930309
REV-000709,ORD-20260122-797460,CUST-10335,REST-BLR-001,Solid experience. Paneer Tikka and Gajar Halwa were well-prepared. Gajar Halwa had great flavor. Minor issues with packaging.,4,2026-01-29T12:16:45.930309
REV-000710,ORD-20260122-865580,CUST-10186,REST-DEL-002,Outstanding experience! The Aloo Tikki Chaat  Naan  Garlic Naan  Jeera Rice  and Sweet Lassi exceeded all expectations. Aloo Tikki Chaat was the star of the meal. Will definitely order again!,5,2026-01-29T12:26:01.930309
REV-000817,ORD-20260128-523486,CUST-10556,REST-DEL-001,Perfect in every way! Paneer Butter Masala  Aloo Tikki Chaat  Sweet Lassi  and Kulfi were all excellent. Paneer Butter Masala stood out with its rich  authentic taste.,5,2026-01-29T12:40:49.930309
REV-000783,ORD-20260127-256594,CUST-10080,REST-MUM-002,Mixed feelings. Paneer Tikka  Lamb Rogan Josh  Fresh Lime Soda  and Samosa (2 pcs) were acceptable. Lamb Rogan Josh was decent but portion was small for the price.,3,2026-01-29T12:54:41.930309
REV-000784,ORD-20260127-987075,CUST-10622,REST-MUM-001,Wow! Just wow! Masala Chai  Chole Bhature  Paneer Tikka  and Naan were all fantastic. Masala Chai was particularly memorable. Can't wait to order again!,5,2026-01-29T12:57:51.930309
REV-000736,ORD-20260124-221272,CUST-10185,REST-DEL-002,Disappointed with Lamb Rogan Josh  Chicken Biryani  Paneer Tikka  Malai Kofta  and Chicken 65. Chicken Biryani was cold when it arrived. Not worth the money.,2,2026-01-29T14:46:56.930309
REV-000819,ORD-20260128-715436,CUST-10271,REST-MUM-002,Perfect in every way! Mango Lassi  Chicken 65  and Palak Paneer were all excellent. Mango Lassi stood out with its rich  authentic taste.,5,2026-01-29T15:21:54.930309
REV-000775,ORD-20260126-864998,CUST-10355,REST-BLR-001,Absolutely amazing Chole Bhature and Kulfi! The Chole Bhature was cooked to perfection. Fresh ingredients and authentic flavors. Highly recommend!,5,2026-01-29T15:22:13.930309
REV-000795,ORD-20260127-331506,CUST-10445,REST-DEL-001,Wow! Just wow! Butter Naan  Kulfi  Fish Curry  and Chicken Tikka Masala were all fantastic. Butter Naan was particularly memorable. Can't wait to order again!,5,2026-01-29T17:25:27.930309
REV-000756,ORD-20260125-387318,CUST-10104,REST-MUM-001,Exceptional quality! Ordered Tandoori Roti  Masala Chai  Butter Naan  and Paneer Butter Masala and everything was delicious. The Tandoori Roti melted in my mouth. Perfect!,5,2026-01-29T17:26:47.930309
REV-000727,ORD-20260123-214400,CUST-10641,REST-BLR-001,Incredible meal! Butter Naan arrived hot and fresh. The Butter Naan was absolutely divine. Highly satisfied!,5,2026-01-29T19:19:36.930309
REV-000719,ORD-20260122-328347,CUST-10425,REST-MUM-001,Pleasant meal! Butter Chicken arrived warm. Butter Chicken was tasty though not exceptional. Would order again.,4,2026-01-29T20:13:29.930309
REV-000759,ORD-20260125-841086,CUST-10000,REST-DEL-001,Worst food ever! Rasmalai (2 pcs) were all wrong. Rasmalai (2 pcs) made me sick. Never ordering again!,1,2026-01-29T20:44:43.930309
REV-000760,ORD-20260125-690633,CUST-10245,REST-DEL-002,Perfect in every way! Aloo Tikki Chaat and Dal Makhani were all excellent. Dal Makhani stood out with its rich  authentic taste.,5,2026-01-29T21:14:57.930309
REV-000732,ORD-20260123-884986,CUST-10193,REST-MUM-001,Incredible meal! Gajar Halwa  Chicken 65  and Jeera Rice arrived hot and fresh. The Jeera Rice was absolutely divine. Highly satisfied!,5,2026-01-29T21:19:49.930309
REV-000744,ORD-20260124-547159,CUST-10609,REST-MUM-001,Pleasant meal! Chicken Tikka Masala  Chicken Seekh Kebab  and Aloo Tikki Chaat arrived warm. Chicken Seekh Kebab was tasty though not exceptional. Would order again.,4,2026-01-29T21:26:53.930309
REV-000745,ORD-20260124-162628,CUST-10256,REST-BLR-001,Best Indian food in UAE! Fish Curry  Tandoori Roti  Gulab Jamun (2 pcs)  Rasmalai (2 pcs)  and Sweet Lassi were incredible. Gulab Jamun (2 pcs) had the perfect balance of spices. Five stars!,5,2026-01-29T22:27:51.930309
REV-000734,ORD-20260124-756314,CUST-10310,REST-MUM-001,Absolutely amazing Lamb Rogan Josh  Garlic Naan  and Chicken 65! The Chicken 65 was cooked to perfection. Fresh ingredients and authentic flavors. Highly recommend!,5,2026-01-30T10:36:48.930309
REV-000723,ORD-20260123-513832,CUST-10131,REST-DEL-001,Mixed feelings. Dal Makhani  Malai Kofta  Chicken Seekh Kebab  Chicken Tikka Masala  and Tandoori Roti were acceptable. Tandoori Roti was decent but portion was small for the price.,3,2026-01-30T10:37:38.930309
REV-000766,ORD-20260126-140933,CUST-10464,REST-MUM-001,Absolutely amazing Chicken Seekh Kebab  Chole Bhature  and Jeera Rice! The Jeera Rice was cooked to perfection. Fresh ingredients and authentic flavors. Highly recommend!,5,2026-01-30T10:56:56.930309
REV-000747,ORD-20260125-731318,CUST-10725,REST-BLR-001,Incredible meal! Lamb Rogan Josh and Samosa (2 pcs) arrived hot and fresh. The Samosa (2 pcs) was absolutely divine. Highly satisfied!,5,2026-01-30T11:07:16.930309
REV-000724,ORD-20260123-594273,CUST-10287,REST-DEL-001,Great food overall. Butter Naan  Paneer Tikka  and Gulab Jamun (2 pcs) were tasty  especially the Gulab Jamun (2 pcs). Would order again!,4,2026-01-30T12:06:30.930309
REV-000813,ORD-20260128-757764,CUST-10043,REST-MUM-001,Absolutely amazing Chicken Seekh Kebab! The Chicken Seekh Kebab was cooked to perfection. Fresh ingredients and authentic flavors. Highly recommend!,5,2026-01-30T12:10:28.930309
REV-000816,ORD-20260128-635166,CUST-10326,REST-DEL-001,Wow! Just wow! Chicken Biryani  Jeera Rice  and Rasmalai (2 pcs) were all fantastic. Jeera Rice was particularly memorable. Can't wait to order again!,5,2026-01-30T12:36:50.930309
REV-000818,ORD-20260128-835603,CUST-10042,REST-BLR-001,Wow! Just wow! Jeera Rice  Butter Naan  Malai Kofta  Samosa (2 pcs)  and Lamb Rogan Josh were all fantastic. Jeera Rice was particularly memorable. Can't wait to order again!,5,2026-01-30T13:09:10.930309
REV-000771,ORD-20260126-637625,CUST-10017,REST-DEL-001,Best Indian food in UAE! Chicken 65  Malai Kofta  Samosa (2 pcs)  Palak Paneer  and Chicken Seekh Kebab were incredible. Chicken Seekh Kebab had the perfect balance of spices. Five stars!,5,2026-01-30T14:01:31.930309
REV-000773,ORD-20260126-715474,CUST-10002,REST-DEL-001,Hands down the best Rasmalai (2 pcs) I've ever had! Fish Curry  Rasmalai (2 pcs)  and Chicken Biryani were all prepared beautifully. Fresh and flavorful!,5,2026-01-30T14:22:37.930309
REV-000758,ORD-20260125-197867,CUST-10027,REST-MUM-002,Incredible meal! Masala Chai and Fish Curry arrived hot and fresh. The Masala Chai was absolutely divine. Highly satisfied!,5,2026-01-30T19:19:08.930309
REV-000801,ORD-20260127-212240,CUST-10957,REST-DEL-002,Good quality food. Chicken Tikka Masala  Chicken 65  Kulfi  and Fresh Lime Soda were nicely done. Chicken 65 could have been slightly spicier but still good!,4,2026-01-30T19:35:24.930309
REV-000728,ORD-20260123-688298,CUST-10175,REST-DEL-001,Hands down the best Tandoori Roti I've ever had! Tandoori Roti were all prepared beautifully. Fresh and flavorful!,5,2026-01-30T20:26:44.930309
REV-000730,ORD-20260123-824991,CUST-10711,REST-MUM-001,Outstanding experience! The Paneer Tikka  Sweet Lassi  Kulfi  and Vegetable Biryani exceeded all expectations. Vegetable Biryani was the star of the meal. Will definitely order again!,5,2026-01-30T21:07:09.930309
REV-000828,ORD-20260128-400483,CUST-10705,REST-DEL-001,Incredible meal! Gulab Jamun (2 pcs) and Paneer Butter Masala arrived hot and fresh. The Paneer Butter Masala was absolutely divine. Highly satisfied!,5,2026-01-30T21:51:06.930309
REV-000807,ORD-20260127-700527,CUST-10948,REST-DEL-002,Incredible meal! Gajar Halwa  Chicken 65  and Sweet Lassi arrived hot and fresh. The Gajar Halwa was absolutely divine. Highly satisfied!,5,2026-01-30T21:59:43.930309
REV-000808,ORD-20260127-627055,CUST-10496,REST-DEL-002,It was okay. Garlic Naan and Samosa (2 pcs) arrived lukewarm. Samosa (2 pcs) tasted fine but could be better.,3,2026-01-30T22:42:23.930309
REV-000748,ORD-20260125-923193,CUST-10664,REST-BLR-001,Wow! Just wow! Kulfi were all fantastic. Kulfi was particularly memorable. Can't wait to order again!,5,2026-01-31T11:38:23.930309
REV-000782,ORD-20260127-128541,CUST-10112,REST-DEL-001,Good quality food. Lamb Rogan Josh  Butter Naan  Masala Chai  and Jeera Rice were nicely done. Masala Chai could have been slightly spicier but still good!,4,2026-01-31T11:40:51.930309
REV-000849,ORD-20260130-822239,CUST-10649,REST-MUM-002,Great food overall. Naan and Butter Chicken were tasty  especially the Butter Chicken. Would order again!,4,2026-01-31T13:29:02.930309
REV-000752,ORD-20260125-291474,CUST-10715,REST-MUM-001,Enjoyed the Butter Chicken and Aloo Tikki Chaat! Butter Chicken was very good. Portion sizes were generous. Recommend!,4,2026-01-31T14:10:44.930309
REV-000772,ORD-20260126-800270,CUST-10569,REST-BLR-001,Best Indian food in UAE! Lamb Rogan Josh  Dal Makhani  and Jeera Rice were incredible. Lamb Rogan Josh had the perfect balance of spices. Five stars!,5,2026-01-31T14:21:51.930309
REV-000739,ORD-20260124-208203,CUST-10559,REST-MUM-001,Wow! Just wow! Chicken Tikka Masala  Paneer Butter Masala  Vegetable Biryani  Butter Naan  and Sweet Lassi were all fantastic. Paneer Butter Masala was particularly memorable. Can't wait to order again!,5,2026-01-31T15:33:43.930309
REV-000838,ORD-20260129-280394,CUST-10865,REST-BLR-001,Really good Garlic Naan  Fish Curry  Vegetable Biryani  Chicken Seekh Kebab  and Naan! The Naan was delicious. Slight delay in delivery but food quality made up for it.,4,2026-01-31T16:36:11.930309
REV-000792,ORD-20260127-352253,CUST-10993,REST-MUM-002,Exceptional quality! Ordered Chicken Biryani  Chicken Seekh Kebab  Chole Bhature  and Dal Makhani and everything was delicious. The Dal Makhani melted in my mouth. Perfect!,5,2026-01-31T16:40:08.930309
REV-000755,ORD-20260125-477407,CUST-10238,REST-DEL-002,Hands down the best Butter Chicken I've ever had! Paneer Butter Masala and Butter Chicken were all prepared beautifully. Fresh and flavorful!,5,2026-01-31T17:05:03.930309
REV-000797,ORD-20260127-732486,CUST-10992,REST-DEL-002,Very satisfied! Lamb Rogan Josh were fresh and flavorful. Lamb Rogan Josh was the standout dish.,4,2026-01-31T17:47:54.930309
REV-000778,ORD-20260126-110294,CUST-10768,REST-DEL-001,Best Indian food in UAE! Tandoori Roti  Chicken 65  and Chicken Tikka Masala were incredible. Chicken 65 had the perfect balance of spices. Five stars!,5,2026-01-31T17:50:45.930309
REV-000799,ORD-20260127-865877,CUST-10809,REST-DEL-002,Pleasant meal! Aloo Tikki Chaat  Tandoori Roti  and Butter Chicken arrived warm. Butter Chicken was tasty though not exceptional. Would order again.,4,2026-01-31T18:22:23.930309
REV-000800,ORD-20260127-463726,CUST-10616,REST-DEL-001,Incredible meal! Dal Makhani  Butter Naan  Naan  and Fish Curry arrived hot and fresh. The Butter Naan was absolutely divine. Highly satisfied!,5,2026-01-31T19:14:44.930309
REV-000860,ORD-20260130-486408,CUST-10532,REST-DEL-001,Mediocre. Masala Chai  Dal Makhani  and Paneer Tikka were fine but forgettable. Masala Chai didn't stand out.,3,2026-01-31T20:01:17.930309
REV-000779,ORD-20260126-756882,CUST-10341,REST-DEL-001,Enjoyed the Aloo Tikki Chaat  Jeera Rice  and Chicken Tikka Masala! Jeera Rice was very good. Portion sizes were generous. Recommend!,4,2026-01-31T20:01:42.930309
REV-000805,ORD-20260127-321431,CUST-10378,REST-MUM-002,Outstanding experience! The Naan  Chole Bhature  Vegetable Biryani  and Tandoori Roti exceeded all expectations. Naan was the star of the meal. Will definitely order again!,5,2026-01-31T20:49:56.930309
REV-000765,ORD-20260126-359684,CUST-10911,REST-MUM-002,Really good Gajar Halwa  Chole Bhature  Butter Chicken  and Chicken Tikka Masala! The Chole Bhature was delicious. Slight delay in delivery but food quality made up for it.,4,2026-02-01T10:09:11.930309
REV-000780,ORD-20260127-852974,CUST-10126,REST-MUM-001,Absolutely amazing Tandoori Roti  Paneer Butter Masala  Chicken Seekh Kebab  and Samosa (2 pcs)! The Tandoori Roti was cooked to perfection. Fresh ingredients and authentic flavors. Highly recommend!,5,2026-02-01T10:15:05.930309
REV-000810,ORD-20260128-300817,CUST-10892,REST-BLR-001,Exceptional quality! Ordered Mango Lassi  Butter Naan  Jeera Rice  and Chole Bhature and everything was delicious. The Butter Naan melted in my mouth. Perfect!,5,2026-02-01T11:27:07.930309
REV-000848,ORD-20260130-107415,CUST-10430,REST-DEL-002,Mediocre. Garlic Naan  Tandoori Roti  Lamb Rogan Josh  Chicken Tikka Masala  and Paneer Tikka were fine but forgettable. Lamb Rogan Josh didn't stand out.,3,2026-02-01T11:53:15.930309
REV-000812,ORD-20260128-745560,CUST-10738,REST-MUM-001,Outstanding experience! The Chicken Seekh Kebab  Chicken Tikka Masala  Aloo Tikki Chaat  and Malai Kofta exceeded all expectations. Malai Kofta was the star of the meal. Will definitely order again!,5,2026-02-01T12:01:14.930309
REV-000814,ORD-20260128-889710,CUST-10543,REST-MUM-002,Unsatisfactory. Vegetable Biryani  Masala Chai  and Sweet Lassi were not fresh. Sweet Lassi tasted reheated. Won't order again.,2,2026-02-01T12:11:23.930309
REV-000836,ORD-20260129-474629,CUST-10838,REST-BLR-001,Really good Fresh Lime Soda  Chicken 65  and Jeera Rice! The Jeera Rice was delicious. Slight delay in delivery but food quality made up for it.,4,2026-02-01T15:19:21.930309
REV-000787,ORD-20260127-287345,CUST-10109,REST-MUM-002,Absolutely amazing Malai Kofta and Gulab Jamun (2 pcs)! The Gulab Jamun (2 pcs) was cooked to perfection. Fresh ingredients and authentic flavors. Highly recommend!,5,2026-02-01T15:23:59.930309
REV-000837,ORD-20260129-293794,CUST-10667,REST-BLR-001,Very satisfied! Masala Chai  Kulfi  Gajar Halwa  Aloo Tikki Chaat  and Dal Makhani were fresh and flavorful. Kulfi was the standout dish.,4,2026-02-01T15:36:33.930309
REV-000754,ORD-20260125-462287,CUST-10501,REST-MUM-002,Shocking! Fresh Lime Soda  Butter Chicken  Paneer Tikka  and Dal Makhani bore no resemblance to the menu description. Butter Chicken was inedible. Refund demanded!,1,2026-02-01T16:23:00.930309
REV-000821,ORD-20260128-839291,CUST-10023,REST-BLR-001,Solid experience. Butter Chicken and Malai Kofta were well-prepared. Butter Chicken had great flavor. Minor issues with packaging.,4,2026-02-01T16:38:04.930309
REV-000856,ORD-20260130-780147,CUST-10914,REST-DEL-001,Solid experience. Mango Lassi and Fish Curry were well-prepared. Fish Curry had great flavor. Minor issues with packaging.,4,2026-02-01T16:42:08.930309
REV-000839,ORD-20260129-635283,CUST-10427,REST-MUM-002,Unsatisfactory. Chicken Seekh Kebab  Masala Chai  Paneer Tikka  Samosa (2 pcs)  and Lamb Rogan Josh were not fresh. Chicken Seekh Kebab tasted reheated. Won't order again.,2,2026-02-01T16:51:00.930309
REV-000857,ORD-20260130-999710,CUST-10725,REST-BLR-001,Absolutely amazing Chicken Biryani  Chicken 65  Malai Kofta  Rasmalai (2 pcs)  and Naan! The Naan was cooked to perfection. Fresh ingredients and authentic flavors. Highly recommend!,5,2026-02-01T16:52:20.930309
REV-000859,ORD-20260130-714303,CUST-10686,REST-DEL-001,Disappointed with Fresh Lime Soda. Fresh Lime Soda was cold when it arrived. Not worth the money.,2,2026-02-01T19:37:36.930309
REV-000842,ORD-20260129-395722,CUST-10908,REST-MUM-001,Exceptional quality! Ordered Gulab Jamun (2 pcs) and Sweet Lassi and everything was delicious. The Gulab Jamun (2 pcs) melted in my mouth. Perfect!,5,2026-02-01T19:44:00.930309
REV-000824,ORD-20260128-372925,CUST-10546,REST-DEL-001,Incredible meal! Chicken 65 and Sweet Lassi arrived hot and fresh. The Sweet Lassi was absolutely divine. Highly satisfied!,5,2026-02-01T20:06:05.930309
REV-000803,ORD-20260127-728255,CUST-10176,REST-BLR-001,Below expectations. Aloo Tikki Chaat  Palak Paneer  and Jeera Rice were underwhelming. Palak Paneer was overcooked and dry.,2,2026-02-01T20:27:47.930309
REV-000875,ORD-20260131-860661,CUST-10142,REST-BLR-001,Incredible meal! Chicken Tikka Masala  Tandoori Roti  Butter Naan  and Fish Curry arrived hot and fresh. The Fish Curry was absolutely divine. Highly satisfied!,5,2026-02-01T21:29:10.930309
REV-000762,ORD-20260125-162574,CUST-10689,REST-BLR-001,Best Indian food in UAE! Chicken 65 and Chicken Tikka Masala were incredible. Chicken Tikka Masala had the perfect balance of spices. Five stars!,5,2026-02-01T21:37:06.930309
REV-000830,ORD-20260129-410144,CUST-10196,REST-MUM-002,Wow! Just wow! Gajar Halwa  Chicken Tikka Masala  and Jeera Rice were all fantastic. Jeera Rice was particularly memorable. Can't wait to order again!,5,2026-02-02T10:12:06.930309
REV-000781,ORD-20260127-209761,CUST-10414,REST-MUM-002,Solid experience. Mango Lassi were well-prepared. Mango Lassi had great flavor. Minor issues with packaging.,4,2026-02-02T10:32:24.930309
REV-000863,ORD-20260131-969774,CUST-10570,REST-MUM-001,Disaster! Garlic Naan  Malai Kofta  Gajar Halwa  Chicken Seekh Kebab  and Masala Chai were all stale. Garlic Naan had a weird smell. Completely unacceptable!,1,2026-02-02T12:08:20.930309
REV-000815,ORD-20260128-453324,CUST-10522,REST-DEL-002,Incredible meal! Aloo Tikki Chaat  Masala Chai  Dal Makhani  and Fish Curry arrived hot and fresh. The Aloo Tikki Chaat was absolutely divine. Highly satisfied!,5,2026-02-02T12:12:49.930309
REV-000768,ORD-20260126-179047,CUST-10867,REST-DEL-001,Best Indian food in UAE! Samosa (2 pcs)  Rasmalai (2 pcs)  and Paneer Butter Masala were incredible. Rasmalai (2 pcs) had the perfect balance of spices. Five stars!,5,2026-02-02T12:15:26.930309
REV-000879,ORD-20260201-628089,CUST-10756,REST-MUM-002,Absolutely amazing Chicken Biryani  Mango Lassi  Palak Paneer  Sweet Lassi  and Aloo Tikki Chaat! The Sweet Lassi was cooked to perfection. Fresh ingredients and authentic flavors. Highly recommend!,5,2026-02-02T12:46:42.930309
REV-000881,ORD-20260201-522688,CUST-10887,REST-MUM-001,Appalling quality! Malai Kofta  Sweet Lassi  and Chicken Tikka Masala were swimming in oil. Sweet Lassi was raw inside. Health hazard!,1,2026-02-02T13:25:34.930309
REV-000786,ORD-20260127-141397,CUST-10870,REST-MUM-001,Perfect in every way! Chicken Tikka Masala  Garlic Naan  Chicken Seekh Kebab  and Fresh Lime Soda were all excellent. Chicken Tikka Masala stood out with its rich  authentic taste.,5,2026-02-02T13:27:28.930309
REV-000865,ORD-20260131-205638,CUST-10286,REST-DEL-001,Mediocre. Chicken Seekh Kebab were fine but forgettable. Chicken Seekh Kebab didn't stand out.,3,2026-02-02T14:00:04.930309
REV-000850,ORD-20260130-104195,CUST-10650,REST-BLR-001,Decent food but nothing special. Kulfi  Gulab Jamun (2 pcs)  Sweet Lassi  and Tandoori Roti were okay. Gulab Jamun (2 pcs) lacked the punch I expected.,3,2026-02-02T14:05:21.930309
REV-000774,ORD-20260126-428124,CUST-10733,REST-MUM-002,Good quality food. Chole Bhature and Chicken Tikka Masala were nicely done. Chicken Tikka Masala could have been slightly spicier but still good!,4,2026-02-02T14:28:22.930309
REV-000788,ORD-20260127-693332,CUST-10225,REST-MUM-001,Enjoyed the Chicken Biryani! Chicken Biryani was very good. Portion sizes were generous. Recommend!,4,2026-02-02T15:25:58.930309
REV-000820,ORD-20260128-508248,CUST-10624,REST-BLR-001,Very satisfied! Jeera Rice  Garlic Naan  Sweet Lassi  and Fish Curry were fresh and flavorful. Garlic Naan was the standout dish.,4,2026-02-02T15:54:39.930309
REV-000776,ORD-20260126-704411,CUST-10623,REST-BLR-001,Absolutely amazing Jeera Rice  Fish Curry  Kulfi  and Chicken Seekh Kebab! The Chicken Seekh Kebab was cooked to perfection. Fresh ingredients and authentic flavors. Highly recommend!,5,2026-02-02T16:01:20.930309
REV-000855,ORD-20260130-999457,CUST-10874,REST-DEL-001,Not good. Chicken Seekh Kebab  Paneer Tikka  Fish Curry  Sweet Lassi  and Lamb Rogan Josh arrived late and cold. Chicken Seekh Kebab had barely any flavor. Poor quality.,2,2026-02-02T16:39:33.930309
REV-000777,ORD-20260126-154051,CUST-10840,REST-MUM-001,Exceptional quality! Ordered Tandoori Roti  Gajar Halwa  Butter Chicken  Samosa (2 pcs)  and Dal Makhani and everything was delicious. The Dal Makhani melted in my mouth. Perfect!,5,2026-02-02T17:18:13.930309
REV-000871,ORD-20260131-233014,CUST-10671,REST-DEL-001,Best Indian food in UAE! Butter Naan  Butter Chicken  Chicken Seekh Kebab  Sweet Lassi  and Fresh Lime Soda were incredible. Butter Naan had the perfect balance of spices. Five stars!,5,2026-02-02T18:33:17.930309
REV-000802,ORD-20260127-643841,CUST-10067,REST-DEL-002,Absolutely amazing Lamb Rogan Josh  Masala Chai  Chicken Tikka Masala  and Rasmalai (2 pcs)! The Chicken Tikka Masala was cooked to perfection. Fresh ingredients and authentic flavors. Highly recommend!,5,2026-02-02T19:42:51.930309
REV-000845,ORD-20260129-411257,CUST-10803,REST-DEL-002,Exceptional quality! Ordered Lamb Rogan Josh  Fresh Lime Soda  and Garlic Naan and everything was delicious. The Garlic Naan melted in my mouth. Perfect!,5,2026-02-02T20:18:25.930309
REV-000825,ORD-20260128-416081,CUST-10696,REST-BLR-001,Great food overall. Gulab Jamun (2 pcs)  Naan  and Paneer Tikka were tasty  especially the Paneer Tikka. Would order again!,4,2026-02-02T20:22:07.930309
REV-000826,ORD-20260128-509325,CUST-10044,REST-DEL-001,Hands down the best Rasmalai (2 pcs) I've ever had! Rasmalai (2 pcs) were all prepared beautifully. Fresh and flavorful!,5,2026-02-02T20:36:26.930309
REV-000806,ORD-20260127-947484,CUST-10160,REST-DEL-002,Outstanding experience! The Aloo Tikki Chaat and Chole Bhature exceeded all expectations. Aloo Tikki Chaat was the star of the meal. Will definitely order again!,5,2026-02-02T21:15:59.930309
REV-000829,ORD-20260128-136068,CUST-10744,REST-MUM-002,Exceptional quality! Ordered Lamb Rogan Josh  Gajar Halwa  and Aloo Tikki Chaat and everything was delicious. The Gajar Halwa melted in my mouth. Perfect!,5,2026-02-02T22:28:58.930309
REV-000847,ORD-20260130-217534,CUST-10061,REST-DEL-002,Outstanding experience! The Kulfi  Malai Kofta  and Naan exceeded all expectations. Malai Kofta was the star of the meal. Will definitely order again!,5,2026-02-03T11:26:31.930309
REV-000811,ORD-20260128-271039,CUST-10910,REST-DEL-002,Not bad  not great. Rasmalai (2 pcs) were edible. Rasmalai (2 pcs) needed more seasoning.,3,2026-02-03T11:58:59.930309
REV-000834,ORD-20260129-235783,CUST-10589,REST-DEL-001,Solid experience. Masala Chai  Malai Kofta  Paneer Butter Masala  Butter Chicken  and Aloo Tikki Chaat were well-prepared. Butter Chicken had great flavor. Minor issues with packaging.,4,2026-02-03T12:47:49.930309
REV-000835,ORD-20260129-480886,CUST-10217,REST-DEL-002,Exceptional quality! Ordered Chicken Biryani and everything was delicious. The Chicken Biryani melted in my mouth. Perfect!,5,2026-02-03T14:09:12.930309
REV-000869,ORD-20260131-889704,CUST-10545,REST-BLR-001,Wow! Just wow! Palak Paneer  Jeera Rice  Chicken Biryani  Garlic Naan  and Tandoori Roti were all fantastic. Chicken Biryani was particularly memorable. Can't wait to order again!,5,2026-02-03T15:49:20.930309
REV-000794,ORD-20260127-385726,CUST-10272,REST-MUM-002,Incredible meal! Naan arrived hot and fresh. The Naan was absolutely divine. Highly satisfied!,5,2026-02-03T17:01:44.930309
REV-000822,ORD-20260128-100979,CUST-10443,REST-MUM-001,Really good Paneer Butter Masala! The Paneer Butter Masala was delicious. Slight delay in delivery but food quality made up for it.,4,2026-02-03T17:10:29.930309
REV-000796,ORD-20260127-143707,CUST-10219,REST-BLR-001,Really good Lamb Rogan Josh! The Lamb Rogan Josh was delicious. Slight delay in delivery but food quality made up for it.,4,2026-02-03T17:39:47.930309
REV-000798,ORD-20260127-716825,CUST-10219,REST-MUM-002,Good quality food. Chicken Seekh Kebab  Jeera Rice  Gulab Jamun (2 pcs)  Palak Paneer  and Gajar Halwa were nicely done. Gajar Halwa could have been slightly spicier but still good!,4,2026-02-03T18:21:55.930309
REV-000823,ORD-20260128-216138,CUST-10314,REST-DEL-001,Incredible meal! Fresh Lime Soda  Masala Chai  and Palak Paneer arrived hot and fresh. The Masala Chai was absolutely divine. Highly satisfied!,5,2026-02-03T19:01:38.930309
REV-000885,ORD-20260201-379081,CUST-10924,REST-MUM-002,Not bad  not great. Gulab Jamun (2 pcs) were edible. Gulab Jamun (2 pcs) needed more seasoning.,3,2026-02-03T19:12:51.930309
REV-000872,ORD-20260131-377287,CUST-10942,REST-DEL-001,Wow! Just wow! Paneer Butter Masala  Chicken Tikka Masala  and Rasmalai (2 pcs) were all fantastic. Rasmalai (2 pcs) was particularly memorable. Can't wait to order again!,5,2026-02-03T20:14:32.930309
REV-000874,ORD-20260131-843630,CUST-10959,REST-DEL-002,Terrible experience! Butter Chicken  Jeera Rice  Gulab Jamun (2 pcs)  Sweet Lassi  and Chicken Biryani were all inedible. Jeera Rice was completely burnt. Waste of money!,1,2026-02-03T20:54:00.930309
REV-000886,ORD-20260201-125313,CUST-10919,REST-DEL-002,Incredible meal! Fish Curry  Lamb Rogan Josh  Jeera Rice  and Samosa (2 pcs) arrived hot and fresh. The Fish Curry was absolutely divine. Highly satisfied!,5,2026-02-03T21:12:21.930309
REV-000827,ORD-20260128-988249,CUST-10207,REST-DEL-001,Incredible meal! Chole Bhature arrived hot and fresh. The Chole Bhature was absolutely divine. Highly satisfied!,5,2026-02-03T21:35:07.930309
REV-000809,ORD-20260127-295210,CUST-10562,REST-MUM-001,Decent food but nothing special. Naan  Jeera Rice  and Tandoori Roti were okay. Jeera Rice lacked the punch I expected.,3,2026-02-03T22:42:33.930309
REV-000888,ORD-20260202-111549,CUST-10636,REST-MUM-001,Hands down the best Garlic Naan I've ever had! Chole Bhature  Garlic Naan  Butter Chicken  and Malai Kofta were all prepared beautifully. Fresh and flavorful!,5,2026-02-04T10:04:50.930309
REV-000908,ORD-20260203-537862,CUST-10966,REST-DEL-002,Exceptional quality! Ordered Lamb Rogan Josh and everything was delicious. The Lamb Rogan Josh melted in my mouth. Perfect!,5,2026-02-04T10:14:32.930309
REV-000846,ORD-20260130-106019,CUST-10660,REST-BLR-001,Not bad  not great. Vegetable Biryani  Gajar Halwa  Aloo Tikki Chaat  Naan  and Malai Kofta were edible. Naan needed more seasoning.,3,2026-02-04T10:20:12.930309
REV-000831,ORD-20260129-883231,CUST-10214,REST-BLR-001,Really good Dal Makhani and Samosa (2 pcs)! The Dal Makhani was delicious. Slight delay in delivery but food quality made up for it.,4,2026-02-04T11:34:52.930309
REV-000891,ORD-20260202-922824,CUST-10287,REST-MUM-001,Wow! Just wow! Gajar Halwa were all fantastic. Gajar Halwa was particularly memorable. Can't wait to order again!,5,2026-02-04T11:36:46.930309
REV-000832,ORD-20260129-419862,CUST-10363,REST-DEL-002,Good quality food. Gulab Jamun (2 pcs)  Naan  Masala Chai  Fish Curry  and Vegetable Biryani were nicely done. Fish Curry could have been slightly spicier but still good!,4,2026-02-04T12:14:24.930309
REV-000894,ORD-20260202-237062,CUST-10040,REST-MUM-001,Average experience. Fish Curry  Garlic Naan  Lamb Rogan Josh  Butter Chicken  and Chicken Seekh Kebab were fine but Lamb Rogan Josh was a bit bland. Room for improvement.,3,2026-02-04T12:27:49.930309
REV-000833,ORD-20260129-603096,CUST-10788,REST-BLR-001,Incredible meal! Butter Naan and Gajar Halwa arrived hot and fresh. The Gajar Halwa was absolutely divine. Highly satisfied!,5,2026-02-04T12:38:42.930309
REV-000880,ORD-20260201-358703,CUST-10409,REST-DEL-001,Wow! Just wow! Rasmalai (2 pcs)  Lamb Rogan Josh  Chicken 65  and Jeera Rice were all fantastic. Rasmalai (2 pcs) was particularly memorable. Can't wait to order again!,5,2026-02-04T12:47:10.930309
REV-000914,ORD-20260203-983706,CUST-10087,REST-DEL-001,Pleasant meal! Malai Kofta arrived warm. Malai Kofta was tasty though not exceptional. Would order again.,4,2026-02-04T13:36:33.930309
REV-000851,ORD-20260130-487235,CUST-10668,REST-DEL-002,Hands down the best Samosa (2 pcs) I've ever had! Rasmalai (2 pcs)  Samosa (2 pcs)  and Mango Lassi were all prepared beautifully. Fresh and flavorful!,5,2026-02-04T14:10:01.930309
REV-000852,ORD-20260130-284447,CUST-10234,REST-BLR-001,Great food overall. Chicken Seekh Kebab  Sweet Lassi  Chicken Tikka Masala  and Malai Kofta were tasty  especially the Chicken Seekh Kebab. Would order again!,4,2026-02-04T14:14:49.930309
REV-000866,ORD-20260131-197863,CUST-10543,REST-DEL-001,Incredible meal! Garlic Naan arrived hot and fresh. The Garlic Naan was absolutely divine. Highly satisfied!,5,2026-02-04T14:19:26.930309
REV-000915,ORD-20260203-221989,CUST-10577,REST-MUM-002,Absolutely amazing Chicken Seekh Kebab and Kulfi! The Chicken Seekh Kebab was cooked to perfection. Fresh ingredients and authentic flavors. Highly recommend!,5,2026-02-04T14:27:37.930309
REV-000854,ORD-20260130-256042,CUST-10169,REST-DEL-001,Absolutely amazing Naan! The Naan was cooked to perfection. Fresh ingredients and authentic flavors. Highly recommend!,5,2026-02-04T15:43:13.930309
REV-000901,ORD-20260202-154270,CUST-10395,REST-MUM-001,Hands down the best Chicken 65 I've ever had! Gulab Jamun (2 pcs)  Malai Kofta  Paneer Butter Masala  and Chicken 65 were all prepared beautifully. Fresh and flavorful!,5,2026-02-04T16:45:51.930309
REV-000918,ORD-20260203-319927,CUST-10655,REST-MUM-001,Outstanding experience! The Tandoori Roti exceeded all expectations. Tandoori Roti was the star of the meal. Will definitely order again!,5,2026-02-04T18:17:04.930309
REV-000870,ORD-20260131-519604,CUST-10975,REST-MUM-002,Outstanding experience! The Palak Paneer and Chicken Tikka Masala exceeded all expectations. Chicken Tikka Masala was the star of the meal. Will definitely order again!,5,2026-02-04T18:25:15.930309
REV-000841,ORD-20260129-738808,CUST-10347,REST-BLR-001,Good quality food. Fish Curry  Vegetable Biryani  Paneer Butter Masala  Garlic Naan  and Chole Bhature were nicely done. Paneer Butter Masala could have been slightly spicier but still good!,4,2026-02-04T18:25:36.930309
REV-000902,ORD-20260202-207928,CUST-10497,REST-MUM-001,Pleasant meal! Aloo Tikki Chaat arrived warm. Aloo Tikki Chaat was tasty though not exceptional. Would order again.,4,2026-02-04T18:48:40.930309
REV-000904,ORD-20260202-981351,CUST-10566,REST-MUM-001,Solid experience. Lamb Rogan Josh and Jeera Rice were well-prepared. Lamb Rogan Josh had great flavor. Minor issues with packaging.,4,2026-02-04T20:02:09.930309
REV-000844,ORD-20260129-521506,CUST-10569,REST-DEL-001,Mediocre. Butter Naan and Garlic Naan were fine but forgettable. Butter Naan didn't stand out.,3,2026-02-04T20:14:35.930309
REV-000873,ORD-20260131-668216,CUST-10898,REST-MUM-001,Great food overall. Chole Bhature and Malai Kofta were tasty  especially the Chole Bhature. Would order again!,4,2026-02-04T20:35:33.930309
REV-000923,ORD-20260203-556042,CUST-10353,REST-BLR-001,Worst food ever! Kulfi  Fish Curry  Chicken 65  Gulab Jamun (2 pcs)  and Dal Makhani were all wrong. Dal Makhani made me sick. Never ordering again!,1,2026-02-04T20:45:35.930309
REV-000877,ORD-20260131-702148,CUST-10931,REST-DEL-002,Incredible meal! Tandoori Roti  Samosa (2 pcs)  and Lamb Rogan Josh arrived hot and fresh. The Tandoori Roti was absolutely divine. Highly satisfied!,5,2026-02-04T21:39:41.930309
REV-000926,ORD-20260203-533007,CUST-10564,REST-BLR-001,It was okay. Chole Bhature arrived lukewarm. Chole Bhature tasted fine but could be better.,3,2026-02-04T21:51:43.930309
REV-000906,ORD-20260202-849642,CUST-10568,REST-DEL-002,Decent food but nothing special. Butter Chicken  Aloo Tikki Chaat  Chicken Seekh Kebab  and Lamb Rogan Josh were okay. Butter Chicken lacked the punch I expected.,3,2026-02-04T21:59:31.930309
REV-000907,ORD-20260202-974255,CUST-10994,REST-MUM-001,Absolutely amazing Naan  Chole Bhature  Sweet Lassi  and Gulab Jamun (2 pcs)! The Chole Bhature was cooked to perfection. Fresh ingredients and authentic flavors. Highly recommend!,5,2026-02-04T22:45:11.930309
REV-000909,ORD-20260203-949015,CUST-10348,REST-MUM-001,Unsatisfactory. Masala Chai  Lamb Rogan Josh  Kulfi  Malai Kofta  and Chicken 65 were not fresh. Chicken 65 tasted reheated. Won't order again.,2,2026-02-05T10:54:25.930309
REV-000862,ORD-20260131-801074,CUST-10040,REST-BLR-001,Enjoyed the Kulfi  Butter Chicken  Rasmalai (2 pcs)  and Malai Kofta! Rasmalai (2 pcs) was very good. Portion sizes were generous. Recommend!,4,2026-02-05T11:05:16.930309
REV-000892,ORD-20260202-589174,CUST-10193,REST-DEL-001,Absolutely amazing Chicken Tikka Masala  Mango Lassi  and Paneer Tikka! The Mango Lassi was cooked to perfection. Fresh ingredients and authentic flavors. Highly recommend!,5,2026-02-05T11:43:50.930309
REV-000933,ORD-20260204-876448,CUST-10053,REST-DEL-002,Hands down the best Sweet Lassi I've ever had! Mango Lassi  Sweet Lassi  Samosa (2 pcs)  and Gajar Halwa were all prepared beautifully. Fresh and flavorful!,5,2026-02-05T12:47:08.930309
REV-000897,ORD-20260202-440007,CUST-10831,REST-DEL-001,Wow! Just wow! Butter Naan  Tandoori Roti  Chole Bhature  Dal Makhani  and Paneer Butter Masala were all fantastic. Paneer Butter Masala was particularly memorable. Can't wait to order again!,5,2026-02-05T13:08:00.930309
REV-000882,ORD-20260201-741902,CUST-10828,REST-BLR-001,Hands down the best Malai Kofta I've ever had! Tandoori Roti  Fish Curry  Malai Kofta  and Garlic Naan were all prepared beautifully. Fresh and flavorful!,5,2026-02-05T16:19:08.930309
REV-000840,ORD-20260129-913818,CUST-10912,REST-MUM-002,Outstanding experience! The Dal Makhani  Palak Paneer  and Chicken Seekh Kebab exceeded all expectations. Dal Makhani was the star of the meal. Will definitely order again!,5,2026-02-05T17:47:17.930309
REV-000843,ORD-20260129-281188,CUST-10132,REST-MUM-002,Perfect in every way! Dal Makhani and Kulfi were all excellent. Dal Makhani stood out with its rich  authentic taste.,5,2026-02-05T20:00:55.930309
REV-000924,ORD-20260203-569644,CUST-10186,REST-DEL-001,Wow! Just wow! Butter Naan and Jeera Rice were all fantastic. Jeera Rice was particularly memorable. Can't wait to order again!,5,2026-02-05T20:49:27.930309
REV-000905,ORD-20260202-339342,CUST-10783,REST-DEL-001,Wow! Just wow! Masala Chai  Chicken 65  Butter Naan  and Gulab Jamun (2 pcs) were all fantastic. Chicken 65 was particularly memorable. Can't wait to order again!,5,2026-02-05T21:13:58.930309
REV-000887,ORD-20260201-757960,CUST-10724,REST-DEL-001,Wow! Just wow! Chicken Seekh Kebab  Mango Lassi  and Chole Bhature were all fantastic. Chicken Seekh Kebab was particularly memorable. Can't wait to order again!,5,2026-02-05T22:23:54.930309
REV-000928,ORD-20260204-993635,CUST-10120,REST-BLR-001,Enjoyed the Chole Bhature  Gajar Halwa  Mango Lassi  and Rasmalai (2 pcs)! Chole Bhature was very good. Portion sizes were generous. Recommend!,4,2026-02-06T10:02:54.930309
REV-000945,ORD-20260205-371691,CUST-10467,REST-MUM-002,Expected better. Chole Bhature  Palak Paneer  and Garlic Naan were subpar. Chole Bhature was too oily and greasy. Stomach upset followed.,2,2026-02-06T11:07:08.930309
REV-000893,ORD-20260202-364647,CUST-10318,REST-DEL-002,Incredible meal! Palak Paneer  Sweet Lassi  and Mango Lassi arrived hot and fresh. The Mango Lassi was absolutely divine. Highly satisfied!,5,2026-02-06T12:04:38.930309
REV-000895,ORD-20260202-397261,CUST-10593,REST-MUM-002,Incredible meal! Rasmalai (2 pcs)  Fresh Lime Soda  and Palak Paneer arrived hot and fresh. The Rasmalai (2 pcs) was absolutely divine. Highly satisfied!,5,2026-02-06T12:28:58.930309
REV-000896,ORD-20260202-234148,CUST-10148,REST-MUM-002,Expected better. Dal Makhani  Masala Chai  Fish Curry  Tandoori Roti  and Chole Bhature were subpar. Masala Chai was too oily and greasy. Stomach upset followed.,2,2026-02-06T12:29:29.930309
REV-000913,ORD-20260203-104067,CUST-10641,REST-BLR-001,Pleasant meal! Paneer Butter Masala  Tandoori Roti  Fresh Lime Soda  and Malai Kofta arrived warm. Fresh Lime Soda was tasty though not exceptional. Would order again.,4,2026-02-06T13:27:35.930309
REV-000864,ORD-20260131-189272,CUST-10084,REST-MUM-001,Mixed feelings. Gulab Jamun (2 pcs)  Palak Paneer  Rasmalai (2 pcs)  and Chicken Tikka Masala were acceptable. Palak Paneer was decent but portion was small for the price.,3,2026-02-06T13:59:54.930309
REV-000853,ORD-20260130-953331,CUST-10574,REST-BLR-001,Outstanding experience! The Palak Paneer exceeded all expectations. Palak Paneer was the star of the meal. Will definitely order again!,5,2026-02-06T15:05:28.930309
REV-000868,ORD-20260131-250912,CUST-10986,REST-DEL-002,Best Indian food in UAE! Malai Kofta  Samosa (2 pcs)  and Butter Chicken were incredible. Samosa (2 pcs) had the perfect balance of spices. Five stars!,5,2026-02-06T15:07:58.930309
REV-000936,ORD-20260204-719420,CUST-10946,REST-BLR-001,It was okay. Chole Bhature  Chicken Biryani  Chicken Seekh Kebab  and Butter Chicken arrived lukewarm. Butter Chicken tasted fine but could be better.,3,2026-02-06T16:25:18.930309
REV-000883,ORD-20260201-228837,CUST-10522,REST-BLR-001,Expected better. Chicken Biryani and Lamb Rogan Josh were subpar. Chicken Biryani was too oily and greasy. Stomach upset followed.,2,2026-02-06T16:56:54.930309
REV-000884,ORD-20260201-863384,CUST-10005,REST-DEL-002,Not bad  not great. Chicken Biryani  Masala Chai  Fish Curry  and Garlic Naan were edible. Fish Curry needed more seasoning.,3,2026-02-06T16:57:34.930309
REV-000858,ORD-20260130-464683,CUST-10600,REST-MUM-002,Outstanding experience! The Gulab Jamun (2 pcs) and Dal Makhani exceeded all expectations. Dal Makhani was the star of the meal. Will definitely order again!,5,2026-02-06T17:16:33.930309
REV-000903,ORD-20260202-234835,CUST-10797,REST-MUM-002,Incredible meal! Kulfi and Paneer Tikka arrived hot and fresh. The Kulfi was absolutely divine. Highly satisfied!,5,2026-02-06T19:40:13.930309
REV-000922,ORD-20260203-116418,CUST-10730,REST-MUM-001,Disappointed with Garlic Naan  Dal Makhani  Gajar Halwa  Malai Kofta  and Tandoori Roti. Gajar Halwa was cold when it arrived. Not worth the money.,2,2026-02-06T20:22:50.930309
REV-000861,ORD-20260130-373144,CUST-10503,REST-BLR-001,Absolutely amazing Chicken Tikka Masala and Dal Makhani! The Dal Makhani was cooked to perfection. Fresh ingredients and authentic flavors. Highly recommend!,5,2026-02-06T21:18:25.930309
REV-000876,ORD-20260131-619897,CUST-10462,REST-BLR-001,It was okay. Vegetable Biryani arrived lukewarm. Vegetable Biryani tasted fine but could be better.,3,2026-02-06T21:30:02.930309
REV-000927,ORD-20260203-473362,CUST-10912,REST-MUM-001,Absolutely amazing Naan  Chicken Biryani  Kulfi  Butter Naan  and Rasmalai (2 pcs)! The Naan was cooked to perfection. Fresh ingredients and authentic flavors. Highly recommend!,5,2026-02-06T22:33:59.930309
REV-000929,ORD-20260204-890411,CUST-10748,REST-MUM-002,Wow! Just wow! Lamb Rogan Josh and Garlic Naan were all fantastic. Garlic Naan was particularly memorable. Can't wait to order again!,5,2026-02-07T10:21:47.930309
REV-000931,ORD-20260204-167225,CUST-10274,REST-MUM-001,Best Indian food in UAE! Lamb Rogan Josh  Sweet Lassi  Vegetable Biryani  and Samosa (2 pcs) were incredible. Sweet Lassi had the perfect balance of spices. Five stars!,5,2026-02-07T11:55:43.930309
REV-000932,ORD-20260204-671242,CUST-10536,REST-MUM-001,Wow! Just wow! Chicken Biryani  Tandoori Roti  and Dal Makhani were all fantastic. Dal Makhani was particularly memorable. Can't wait to order again!,5,2026-02-07T12:28:37.930309
REV-000867,ORD-20260131-355811,CUST-10122,REST-DEL-001,Good quality food. Fresh Lime Soda  Samosa (2 pcs)  and Chicken 65 were nicely done. Samosa (2 pcs) could have been slightly spicier but still good!,4,2026-02-07T15:07:29.930309
REV-000953,ORD-20260205-533217,CUST-10043,REST-DEL-001,Hands down the best Gajar Halwa I've ever had! Chicken Biryani  Malai Kofta  Paneer Tikka  Gajar Halwa  and Chicken 65 were all prepared beautifully. Fresh and flavorful!,5,2026-02-07T16:39:43.930309
REV-000921,ORD-20260203-676772,CUST-10281,REST-DEL-002,Average experience. Garlic Naan  Chicken Tikka Masala  and Jeera Rice were fine but Jeera Rice was a bit bland. Room for improvement.,3,2026-02-07T19:55:14.930309
REV-000956,ORD-20260205-290628,CUST-10585,REST-BLR-001,Incredible meal! Paneer Tikka arrived hot and fresh. The Paneer Tikka was absolutely divine. Highly satisfied!,5,2026-02-07T20:27:42.930309
REV-000966,ORD-20260206-363664,CUST-10414,REST-DEL-002,Great food overall. Jeera Rice and Chole Bhature were tasty  especially the Jeera Rice. Would order again!,4,2026-02-07T20:53:06.930309
REV-000878,ORD-20260201-294231,CUST-10027,REST-MUM-001,Unsatisfactory. Samosa (2 pcs) were not fresh. Samosa (2 pcs) tasted reheated. Won't order again.,2,2026-02-08T12:15:10.930309
REV-000911,ORD-20260203-908407,CUST-10556,REST-BLR-001,Poor experience. Jeera Rice  Fresh Lime Soda  Paneer Tikka  and Chicken Seekh Kebab were disappointing. Jeera Rice was burnt on the edges. Very unhappy.,2,2026-02-08T12:55:15.930309
REV-000960,ORD-20260206-167880,CUST-10783,REST-DEL-001,Incredible meal! Chicken Biryani  Chole Bhature  and Garlic Naan arrived hot and fresh. The Chole Bhature was absolutely divine. Highly satisfied!,5,2026-02-08T13:59:58.930309
REV-000948,ORD-20260205-693610,CUST-10166,REST-BLR-001,Wow! Just wow! Tandoori Roti  Lamb Rogan Josh  and Samosa (2 pcs) were all fantastic. Tandoori Roti was particularly memorable. Can't wait to order again!,5,2026-02-08T14:02:04.930309
REV-000917,ORD-20260203-411211,CUST-10764,REST-MUM-001,Great food overall. Butter Naan  Tandoori Roti  and Samosa (2 pcs) were tasty  especially the Samosa (2 pcs). Would order again!,4,2026-02-08T15:27:35.930309
REV-000976,ORD-20260207-429975,CUST-10347,REST-DEL-002,Disappointed with Butter Naan  Garlic Naan  and Naan. Butter Naan was cold when it arrived. Not worth the money.,2,2026-02-08T15:37:41.930309
REV-000977,ORD-20260207-119611,CUST-10530,REST-BLR-001,Absolutely amazing Butter Chicken  Samosa (2 pcs)  Dal Makhani  and Rasmalai (2 pcs)! The Dal Makhani was cooked to perfection. Fresh ingredients and authentic flavors. Highly recommend!,5,2026-02-08T15:39:24.930309
REV-000978,ORD-20260207-157404,CUST-10538,REST-MUM-002,Outstanding experience! The Garlic Naan and Gajar Halwa exceeded all expectations. Garlic Naan was the star of the meal. Will definitely order again!,5,2026-02-08T16:17:34.930309
REV-000952,ORD-20260205-108559,CUST-10935,REST-DEL-001,Good quality food. Paneer Tikka  Dal Makhani  Naan  Samosa (2 pcs)  and Chicken Seekh Kebab were nicely done. Naan could have been slightly spicier but still good!,4,2026-02-08T16:20:30.930309
REV-000938,ORD-20260204-656888,CUST-10026,REST-DEL-001,Very satisfied! Malai Kofta  Mango Lassi  and Jeera Rice were fresh and flavorful. Malai Kofta was the standout dish.,4,2026-02-08T18:32:48.930309
REV-000889,ORD-20260202-569078,CUST-10266,REST-DEL-001,Pleasant meal! Aloo Tikki Chaat  Sweet Lassi  Rasmalai (2 pcs)  Masala Chai  and Lamb Rogan Josh arrived warm. Sweet Lassi was tasty though not exceptional. Would order again.,4,2026-02-09T10:20:31.930309
REV-000890,ORD-20260202-670479,CUST-10042,REST-BLR-001,Mixed feelings. Chicken Tikka Masala and Butter Naan were acceptable. Butter Naan was decent but portion was small for the price.,3,2026-02-09T10:28:54.930309
REV-000930,ORD-20260204-510502,CUST-10726,REST-DEL-002,Solid experience. Aloo Tikki Chaat  Malai Kofta  Garlic Naan  and Chicken Biryani were well-prepared. Garlic Naan had great flavor. Minor issues with packaging.,4,2026-02-09T10:38:22.930309
REV-000910,ORD-20260203-540370,CUST-10551,REST-BLR-001,Best Indian food in UAE! Kulfi and Aloo Tikki Chaat were incredible. Aloo Tikki Chaat had the perfect balance of spices. Five stars!,5,2026-02-09T11:45:26.930309
REV-000958,ORD-20260206-792599,CUST-10566,REST-BLR-001,Best Indian food in UAE! Mango Lassi and Vegetable Biryani were incredible. Mango Lassi had the perfect balance of spices. Five stars!,5,2026-02-09T12:07:40.930309
REV-000959,ORD-20260206-279588,CUST-10044,REST-DEL-002,Good quality food. Chicken Seekh Kebab were nicely done. Chicken Seekh Kebab could have been slightly spicier but still good!,4,2026-02-09T13:03:01.930309
REV-000992,ORD-20260208-371767,CUST-10183,REST-DEL-001,Absolutely amazing Chole Bhature and Jeera Rice! The Jeera Rice was cooked to perfection. Fresh ingredients and authentic flavors. Highly recommend!,5,2026-02-09T13:09:25.930309
REV-000934,ORD-20260204-540323,CUST-10377,REST-MUM-001,Solid experience. Aloo Tikki Chaat  Masala Chai  Vegetable Biryani  and Lamb Rogan Josh were well-prepared. Aloo Tikki Chaat had great flavor. Minor issues with packaging.,4,2026-02-09T13:14:21.930309
REV-000898,ORD-20260202-151824,CUST-10067,REST-MUM-001,Mixed feelings. Garlic Naan were acceptable. Garlic Naan was decent but portion was small for the price.,3,2026-02-09T13:15:41.930309
REV-000899,ORD-20260202-879687,CUST-10289,REST-MUM-001,Absolutely amazing Dal Makhani! The Dal Makhani was cooked to perfection. Fresh ingredients and authentic flavors. Highly recommend!,5,2026-02-09T13:23:13.930309
REV-000974,ORD-20260207-981386,CUST-10796,REST-DEL-002,Great food overall. Sweet Lassi were tasty  especially the Sweet Lassi. Would order again!,4,2026-02-09T14:40:05.930309
REV-000916,ORD-20260203-336012,CUST-10536,REST-DEL-001,Enjoyed the Sweet Lassi  Chicken 65  and Palak Paneer! Sweet Lassi was very good. Portion sizes were generous. Recommend!,4,2026-02-09T14:41:05.930309
REV-000900,ORD-20260202-683380,CUST-10652,REST-BLR-001,Perfect in every way! Aloo Tikki Chaat were all excellent. Aloo Tikki Chaat stood out with its rich  authentic taste.,5,2026-02-09T15:19:26.930309
REV-000951,ORD-20260205-531056,CUST-10582,REST-MUM-002,Good quality food. Palak Paneer  Malai Kofta  Paneer Butter Masala  and Chicken Tikka Masala were nicely done. Chicken Tikka Masala could have been slightly spicier but still good!,4,2026-02-09T16:03:58.930309
REV-000979,ORD-20260207-329261,CUST-10022,REST-DEL-001,Below expectations. Gajar Halwa and Palak Paneer were underwhelming. Palak Paneer was overcooked and dry.,2,2026-02-09T17:47:56.930309
REV-000920,ORD-20260203-974737,CUST-10042,REST-DEL-001,Absolutely horrible! Vegetable Biryani  Dal Makhani  and Garlic Naan arrived ice cold after 2 hour delay. Vegetable Biryani was spoiled. Disgusting!,1,2026-02-09T19:24:32.930309
REV-000925,ORD-20260203-129639,CUST-10428,REST-DEL-001,Decent food but nothing special. Chicken Seekh Kebab  Chole Bhature  Butter Naan  and Palak Paneer were okay. Palak Paneer lacked the punch I expected.,3,2026-02-09T21:05:19.930309
REV-000942,ORD-20260204-295067,CUST-10810,REST-MUM-001,Really good Fresh Lime Soda! The Fresh Lime Soda was delicious. Slight delay in delivery but food quality made up for it.,4,2026-02-09T21:09:33.930309
REV-000971,ORD-20260207-984957,CUST-10058,REST-DEL-001,Below expectations. Chicken Biryani  Naan  Chicken 65  Butter Naan  and Palak Paneer were underwhelming. Palak Paneer was overcooked and dry.,2,2026-02-10T11:29:25.930309
REV-000989,ORD-20260208-592943,CUST-10320,REST-DEL-001,Mixed feelings. Chicken Tikka Masala  Fresh Lime Soda  Rasmalai (2 pcs)  Aloo Tikki Chaat  and Butter Chicken were acceptable. Rasmalai (2 pcs) was decent but portion was small for the price.,3,2026-02-10T11:36:21.930309
REV-000912,ORD-20260203-276740,CUST-10799,REST-DEL-002,Best Indian food in UAE! Chole Bhature and Aloo Tikki Chaat were incredible. Chole Bhature had the perfect balance of spices. Five stars!,5,2026-02-10T12:59:27.930309
REV-000946,ORD-20260205-976780,CUST-10230,REST-MUM-002,Good quality food. Mango Lassi and Naan were nicely done. Mango Lassi could have been slightly spicier but still good!,4,2026-02-10T13:42:23.930309
REV-000935,ORD-20260204-786108,CUST-10720,REST-DEL-002,Absolutely amazing Gulab Jamun (2 pcs)! The Gulab Jamun (2 pcs) was cooked to perfection. Fresh ingredients and authentic flavors. Highly recommend!,5,2026-02-10T13:44:41.930309
REV-000993,ORD-20260208-251890,CUST-10536,REST-DEL-001,Perfect in every way! Fish Curry  Naan  and Butter Naan were all excellent. Naan stood out with its rich  authentic taste.,5,2026-02-10T14:16:03.930309
REV-000949,ORD-20260205-751118,CUST-10519,REST-BLR-001,Mediocre. Kulfi were fine but forgettable. Kulfi didn't stand out.,3,2026-02-10T14:23:41.930309
REV-001007,ORD-20260209-272069,CUST-10736,REST-BLR-001,Enjoyed the Chole Bhature  Mango Lassi  Palak Paneer  and Chicken Tikka Masala! Chole Bhature was very good. Portion sizes were generous. Recommend!,4,2026-02-10T14:37:46.930309
REV-000963,ORD-20260206-680190,CUST-10813,REST-MUM-001,Outstanding experience! The Vegetable Biryani and Garlic Naan exceeded all expectations. Vegetable Biryani was the star of the meal. Will definitely order again!,5,2026-02-10T17:49:21.930309
REV-000939,ORD-20260204-134466,CUST-10232,REST-DEL-002,Great food overall. Fresh Lime Soda  Butter Naan  Chicken Seekh Kebab  and Gajar Halwa were tasty  especially the Gajar Halwa. Would order again!,4,2026-02-10T18:44:03.930309
REV-000919,ORD-20260203-295776,CUST-10087,REST-BLR-001,Hands down the best Fresh Lime Soda I've ever had! Palak Paneer  Butter Chicken  Lamb Rogan Josh  Chole Bhature  and Fresh Lime Soda were all prepared beautifully. Fresh and flavorful!,5,2026-02-10T19:02:51.930309
REV-001001,ORD-20260208-445210,CUST-10735,REST-BLR-001,Incredible meal! Rasmalai (2 pcs)  Naan  Gulab Jamun (2 pcs)  Mango Lassi  and Samosa (2 pcs) arrived hot and fresh. The Samosa (2 pcs) was absolutely divine. Highly satisfied!,5,2026-02-10T19:15:20.930309
REV-000983,ORD-20260207-728192,CUST-10145,REST-BLR-001,Incredible meal! Samosa (2 pcs) arrived hot and fresh. The Samosa (2 pcs) was absolutely divine. Highly satisfied!,5,2026-02-10T19:48:50.930309
REV-001014,ORD-20260209-105519,CUST-10670,REST-DEL-002,Absolutely amazing Rasmalai (2 pcs) and Paneer Butter Masala! The Paneer Butter Masala was cooked to perfection. Fresh ingredients and authentic flavors. Highly recommend!,5,2026-02-10T21:56:03.930309
REV-000943,ORD-20260204-607721,CUST-10181,REST-BLR-001,Outstanding experience! The Chicken 65 and Fresh Lime Soda exceeded all expectations. Fresh Lime Soda was the star of the meal. Will definitely order again!,5,2026-02-10T22:11:42.930309
REV-001004,ORD-20260208-464057,CUST-10489,REST-DEL-001,Very satisfied! Kulfi were fresh and flavorful. Kulfi was the standout dish.,4,2026-02-10T22:22:53.930309
REV-000986,ORD-20260207-942250,CUST-10843,REST-BLR-001,Incredible meal! Chicken 65 arrived hot and fresh. The Chicken 65 was absolutely divine. Highly satisfied!,5,2026-02-10T22:30:35.930309
REV-001005,ORD-20260209-259600,CUST-10745,REST-BLR-001,Enjoyed the Gulab Jamun (2 pcs) and Tandoori Roti! Gulab Jamun (2 pcs) was very good. Portion sizes were generous. Recommend!,4,2026-02-11T10:04:46.930309
REV-000944,ORD-20260205-462833,CUST-10205,REST-MUM-001,Outstanding experience! The Masala Chai  Vegetable Biryani  Fish Curry  Chicken 65  and Lamb Rogan Josh exceeded all expectations. Chicken 65 was the star of the meal. Will definitely order again!,5,2026-02-11T10:58:27.930309
REV-000990,ORD-20260208-691764,CUST-10928,REST-DEL-001,Absolutely amazing Chicken Seekh Kebab and Naan! The Naan was cooked to perfection. Fresh ingredients and authentic flavors. Highly recommend!,5,2026-02-11T11:56:20.930309
REV-000947,ORD-20260205-299429,CUST-10535,REST-MUM-001,Exceptional quality! Ordered Masala Chai and everything was delicious. The Masala Chai melted in my mouth. Perfect!,5,2026-02-11T13:57:25.930309
REV-000950,ORD-20260205-111671,CUST-10263,REST-MUM-001,Expected better. Lamb Rogan Josh and Chole Bhature were subpar. Lamb Rogan Josh was too oily and greasy. Stomach upset followed.,2,2026-02-11T15:08:48.930309
REV-000981,ORD-20260207-529060,CUST-10630,REST-DEL-001,Appalling quality! Dal Makhani and Lamb Rogan Josh were swimming in oil. Lamb Rogan Josh was raw inside. Health hazard!,1,2026-02-11T18:08:35.930309
REV-000937,ORD-20260204-892885,CUST-10065,REST-DEL-001,It was okay. Masala Chai arrived lukewarm. Masala Chai tasted fine but could be better.,3,2026-02-11T18:21:32.930309
REV-000940,ORD-20260204-828396,CUST-10484,REST-DEL-001,Best Indian food in UAE! Paneer Butter Masala  Tandoori Roti  Mango Lassi  and Rasmalai (2 pcs) were incredible. Paneer Butter Masala had the perfect balance of spices. Five stars!,5,2026-02-11T19:03:03.930309
REV-001000,ORD-20260208-556959,CUST-10289,REST-DEL-002,Shocking! Chicken Biryani  Gulab Jamun (2 pcs)  Garlic Naan  and Malai Kofta bore no resemblance to the menu description. Malai Kofta was inedible. Refund demanded!,1,2026-02-11T19:13:10.930309
REV-000941,ORD-20260204-813426,CUST-10163,REST-MUM-001,Very satisfied! Samosa (2 pcs)  Naan  Masala Chai  Gulab Jamun (2 pcs)  and Mango Lassi were fresh and flavorful. Naan was the standout dish.,4,2026-02-11T19:49:23.930309
REV-000955,ORD-20260205-509372,CUST-10009,REST-MUM-001,Decent food but nothing special. Vegetable Biryani  Samosa (2 pcs)  and Aloo Tikki Chaat were okay. Aloo Tikki Chaat lacked the punch I expected.,3,2026-02-11T20:26:36.930309
REV-000965,ORD-20260206-662432,CUST-10772,REST-BLR-001,Absolutely amazing Rasmalai (2 pcs)! The Rasmalai (2 pcs) was cooked to perfection. Fresh ingredients and authentic flavors. Highly recommend!,5,2026-02-11T20:46:26.930309
REV-000967,ORD-20260206-937818,CUST-10681,REST-DEL-002,Solid experience. Garlic Naan  Butter Naan  and Chicken Tikka Masala were well-prepared. Butter Naan had great flavor. Minor issues with packaging.,4,2026-02-11T21:14:36.930309
REV-001029,ORD-20260210-596686,CUST-10645,REST-DEL-002,Best Indian food in UAE! Chicken Tikka Masala  Butter Naan  and Gajar Halwa were incredible. Butter Naan had the perfect balance of spices. Five stars!,5,2026-02-11T21:55:39.930309
REV-001016,ORD-20260209-912252,CUST-10398,REST-DEL-001,Perfect in every way! Chole Bhature  Kulfi  and Fish Curry were all excellent. Kulfi stood out with its rich  authentic taste.,5,2026-02-11T22:13:37.930309
REV-000957,ORD-20260206-414436,CUST-10560,REST-DEL-002,Wow! Just wow! Masala Chai  Fresh Lime Soda  and Chicken Tikka Masala were all fantastic. Chicken Tikka Masala was particularly memorable. Can't wait to order again!,5,2026-02-12T10:05:48.930309
REV-001021,ORD-20260210-941381,CUST-10712,REST-MUM-001,Best Indian food in UAE! Mango Lassi and Rasmalai (2 pcs) were incredible. Rasmalai (2 pcs) had the perfect balance of spices. Five stars!,5,2026-02-12T10:37:07.930309
REV-001022,ORD-20260210-746862,CUST-10213,REST-BLR-001,Hands down the best Sweet Lassi I've ever had! Sweet Lassi  Malai Kofta  and Palak Paneer were all prepared beautifully. Fresh and flavorful!,5,2026-02-12T11:37:03.930309
REV-000972,ORD-20260207-637761,CUST-10195,REST-DEL-002,Perfect in every way! Vegetable Biryani  Mango Lassi  and Palak Paneer were all excellent. Mango Lassi stood out with its rich  authentic taste.,5,2026-02-12T12:57:15.930309
REV-000973,ORD-20260207-786913,CUST-10849,REST-MUM-002,Absolutely amazing Jeera Rice and Paneer Tikka! The Paneer Tikka was cooked to perfection. Fresh ingredients and authentic flavors. Highly recommend!,5,2026-02-12T14:25:44.930309
REV-001039,ORD-20260211-224432,CUST-10247,REST-MUM-001,Solid experience. Butter Chicken  Mango Lassi  Chicken Tikka Masala  Tandoori Roti  and Paneer Tikka were well-prepared. Butter Chicken had great flavor. Minor issues with packaging.,4,2026-02-12T14:32:14.930309
REV-000961,ORD-20260206-677801,CUST-10846,REST-MUM-001,Wow! Just wow! Malai Kofta  Sweet Lassi  and Chicken Tikka Masala were all fantastic. Sweet Lassi was particularly memorable. Can't wait to order again!,5,2026-02-12T15:58:42.930309
REV-001044,ORD-20260211-227437,CUST-10605,REST-DEL-001,Absolutely amazing Garlic Naan  Naan  Malai Kofta  and Chicken 65! The Chicken 65 was cooked to perfection. Fresh ingredients and authentic flavors. Highly recommend!,5,2026-02-12T16:59:16.930309
REV-000954,ORD-20260205-314370,CUST-10453,REST-DEL-001,Terrible experience! Samosa (2 pcs)  Fish Curry  Jeera Rice  and Dal Makhani were all inedible. Samosa (2 pcs) was completely burnt. Waste of money!,1,2026-02-12T17:19:08.930309
REV-000995,ORD-20260208-703137,CUST-10044,REST-MUM-002,Wow! Just wow! Tandoori Roti  Butter Naan  and Kulfi were all fantastic. Butter Naan was particularly memorable. Can't wait to order again!,5,2026-02-12T17:44:11.930309
REV-000998,ORD-20260208-540494,CUST-10081,REST-DEL-001,Solid experience. Masala Chai  Paneer Tikka  Chicken 65  and Butter Chicken were well-prepared. Paneer Tikka had great flavor. Minor issues with packaging.,4,2026-02-12T18:07:52.930309
REV-000982,ORD-20260207-246821,CUST-10891,REST-MUM-002,Shocking! Naan  Masala Chai  Tandoori Roti  and Chicken Biryani bore no resemblance to the menu description. Naan was inedible. Refund demanded!,1,2026-02-12T19:23:38.930309
REV-001028,ORD-20260210-560474,CUST-10516,REST-BLR-001,Exceptional quality! Ordered Vegetable Biryani  Malai Kofta  Fresh Lime Soda  Chicken Biryani  and Tandoori Roti and everything was delicious. The Fresh Lime Soda melted in my mouth. Perfect!,5,2026-02-12T19:59:18.930309
REV-001011,ORD-20260209-631419,CUST-10377,REST-MUM-001,Best Indian food in UAE! Masala Chai  Chicken Biryani  Chicken 65  and Vegetable Biryani were incredible. Chicken 65 had the perfect balance of spices. Five stars!,5,2026-02-12T20:24:29.930309
REV-001012,ORD-20260209-831167,CUST-10136,REST-DEL-002,Absolutely amazing Tandoori Roti! The Tandoori Roti was cooked to perfection. Fresh ingredients and authentic flavors. Highly recommend!,5,2026-02-12T20:31:46.930309
REV-000968,ORD-20260206-539162,CUST-10717,REST-MUM-001,Not bad  not great. Malai Kofta were edible. Malai Kofta needed more seasoning.,3,2026-02-12T21:16:54.930309
REV-000969,ORD-20260206-674511,CUST-10162,REST-MUM-001,Decent food but nothing special. Butter Chicken were okay. Butter Chicken lacked the punch I expected.,3,2026-02-12T22:18:41.930309
REV-000970,ORD-20260207-570120,CUST-10234,REST-MUM-002,Outstanding experience! The Chicken Seekh Kebab and Rasmalai (2 pcs) exceeded all expectations. Rasmalai (2 pcs) was the star of the meal. Will definitely order again!,5,2026-02-13T10:23:47.930309
REV-000988,ORD-20260208-986322,CUST-10979,REST-MUM-001,Absolutely amazing Tandoori Roti and Rasmalai (2 pcs)! The Tandoori Roti was cooked to perfection. Fresh ingredients and authentic flavors. Highly recommend!,5,2026-02-13T10:33:56.930309
REV-000991,ORD-20260208-510235,CUST-10433,REST-BLR-001,Absolutely amazing Paneer Tikka  Rasmalai (2 pcs)  Gajar Halwa  Samosa (2 pcs)  and Gulab Jamun (2 pcs)! The Gajar Halwa was cooked to perfection. Fresh ingredients and authentic flavors. Highly recommend!,5,2026-02-13T12:42:13.930309
REV-001035,ORD-20260211-667348,CUST-10548,REST-MUM-002,Perfect in every way! Butter Chicken were all excellent. Butter Chicken stood out with its rich  authentic taste.,5,2026-02-13T13:10:44.930309
REV-001057,ORD-20260212-639829,CUST-10770,REST-DEL-002,Very satisfied! Lamb Rogan Josh were fresh and flavorful. Lamb Rogan Josh was the standout dish.,4,2026-02-13T13:48:41.930309
REV-001037,ORD-20260211-634385,CUST-10821,REST-DEL-002,Mediocre. Aloo Tikki Chaat and Gulab Jamun (2 pcs) were fine but forgettable. Aloo Tikki Chaat didn't stand out.,3,2026-02-13T14:01:03.930309
REV-000975,ORD-20260207-584617,CUST-10289,REST-DEL-002,Absolutely amazing Malai Kofta and Gulab Jamun (2 pcs)! The Malai Kofta was cooked to perfection. Fresh ingredients and authentic flavors. Highly recommend!,5,2026-02-13T15:18:43.930309
REV-000962,ORD-20260206-539762,CUST-10499,REST-DEL-001,Not good. Butter Naan  Kulfi  and Garlic Naan arrived late and cold. Garlic Naan had barely any flavor. Poor quality.,2,2026-02-13T16:09:59.930309
REV-001061,ORD-20260212-913209,CUST-10383,REST-BLR-001,Really good Paneer Tikka! The Paneer Tikka was delicious. Slight delay in delivery but food quality made up for it.,4,2026-02-13T16:28:28.930309
REV-001062,ORD-20260212-632634,CUST-10721,REST-DEL-002,Worst food ever! Dal Makhani  Gulab Jamun (2 pcs)  Gajar Halwa  and Paneer Butter Masala were all wrong. Gulab Jamun (2 pcs) made me sick. Never ordering again!,1,2026-02-13T16:35:12.930309
REV-001064,ORD-20260212-243778,CUST-10611,REST-MUM-002,Best Indian food in UAE! Chicken 65 and Paneer Tikka were incredible. Paneer Tikka had the perfect balance of spices. Five stars!,5,2026-02-13T17:08:34.930309
REV-000980,ORD-20260207-793158,CUST-10634,REST-DEL-002,Outstanding experience! The Fish Curry  Dal Makhani  Paneer Butter Masala  Vegetable Biryani  and Aloo Tikki Chaat exceeded all expectations. Aloo Tikki Chaat was the star of the meal. Will definitely order again!,5,2026-02-13T17:57:47.930309
REV-000996,ORD-20260208-391298,CUST-10580,REST-MUM-001,Very satisfied! Paneer Tikka were fresh and flavorful. Paneer Tikka was the standout dish.,4,2026-02-13T17:59:38.930309
REV-001066,ORD-20260212-757509,CUST-10205,REST-MUM-001,Absolutely amazing Aloo Tikki Chaat  Paneer Butter Masala  and Fish Curry! The Paneer Butter Masala was cooked to perfection. Fresh ingredients and authentic flavors. Highly recommend!,5,2026-02-13T18:04:16.930309
REV-000964,ORD-20260206-487615,CUST-10072,REST-DEL-002,Not good. Fish Curry  Fresh Lime Soda  Gulab Jamun (2 pcs)  Garlic Naan  and Chole Bhature arrived late and cold. Fresh Lime Soda had barely any flavor. Poor quality.,2,2026-02-13T18:08:29.930309
REV-001002,ORD-20260208-946099,CUST-10689,REST-MUM-001,Not bad  not great. Sweet Lassi  Dal Makhani  Mango Lassi  Paneer Tikka  and Rasmalai (2 pcs) were edible. Dal Makhani needed more seasoning.,3,2026-02-13T19:42:52.930309
REV-001003,ORD-20260208-461300,CUST-10976,REST-MUM-001,Wow! Just wow! Fresh Lime Soda and Tandoori Roti were all fantastic. Tandoori Roti was particularly memorable. Can't wait to order again!,5,2026-02-13T19:52:20.930309
REV-001069,ORD-20260212-711142,CUST-10651,REST-DEL-002,Terrible experience! Fresh Lime Soda were all inedible. Fresh Lime Soda was completely burnt. Waste of money!,1,2026-02-13T20:06:10.930309
REV-000984,ORD-20260207-871333,CUST-10712,REST-DEL-002,Best Indian food in UAE! Lamb Rogan Josh  Chicken 65  Chicken Biryani  Sweet Lassi  and Malai Kofta were incredible. Chicken Biryani had the perfect balance of spices. Five stars!,5,2026-02-13T20:10:38.930309
REV-001054,ORD-20260211-552123,CUST-10973,REST-BLR-001,Outstanding experience! The Chicken Tikka Masala and Lamb Rogan Josh exceeded all expectations. Lamb Rogan Josh was the star of the meal. Will definitely order again!,5,2026-02-13T21:06:20.930309
REV-001030,ORD-20260210-198660,CUST-10363,REST-DEL-001,Worst food ever! Kulfi  Chole Bhature  and Naan were all wrong. Kulfi made me sick. Never ordering again!,1,2026-02-13T22:31:10.930309
REV-000987,ORD-20260207-470483,CUST-10319,REST-DEL-001,Not bad  not great. Gulab Jamun (2 pcs)  Fish Curry  Gajar Halwa  Chicken Tikka Masala  and Chicken Seekh Kebab were edible. Gulab Jamun (2 pcs) needed more seasoning.,3,2026-02-13T22:45:21.930309
REV-001018,ORD-20260210-393850,CUST-10631,REST-BLR-001,Decent food but nothing special. Malai Kofta  Samosa (2 pcs)  Fresh Lime Soda  and Gulab Jamun (2 pcs) were okay. Gulab Jamun (2 pcs) lacked the punch I expected.,3,2026-02-14T10:00:05.930309
REV-001055,ORD-20260212-865936,CUST-10494,REST-DEL-002,Absolutely amazing Chicken 65  Mango Lassi  Naan  and Aloo Tikki Chaat! The Aloo Tikki Chaat was cooked to perfection. Fresh ingredients and authentic flavors. Highly recommend!,5,2026-02-14T10:44:50.930309
REV-001033,ORD-20260211-926721,CUST-10180,REST-BLR-001,Hands down the best Fish Curry I've ever had! Tandoori Roti  Fish Curry  and Chole Bhature were all prepared beautifully. Fresh and flavorful!,5,2026-02-14T12:15:25.930309
REV-001059,ORD-20260212-345067,CUST-10561,REST-MUM-001,Perfect in every way! Gulab Jamun (2 pcs) and Butter Naan were all excellent. Gulab Jamun (2 pcs) stood out with its rich  authentic taste.,5,2026-02-14T15:39:54.930309
REV-001043,ORD-20260211-640529,CUST-10655,REST-DEL-002,Outstanding experience! The Chicken Seekh Kebab  Chicken Biryani  Chicken Tikka Masala  and Aloo Tikki Chaat exceeded all expectations. Aloo Tikki Chaat was the star of the meal. Will definitely order again!,5,2026-02-14T16:37:00.930309
REV-001063,ORD-20260212-271174,CUST-10551,REST-BLR-001,Perfect in every way! Paneer Tikka  Kulfi  Lamb Rogan Josh  Dal Makhani  and Vegetable Biryani were all excellent. Dal Makhani stood out with its rich  authentic taste.,5,2026-02-14T16:47:02.930309
REV-001008,ORD-20260209-551371,CUST-10618,REST-DEL-001,Terrible experience! Paneer Tikka  Chicken Seekh Kebab  and Paneer Butter Masala were all inedible. Paneer Tikka was completely burnt. Waste of money!,1,2026-02-14T16:54:05.930309
REV-001026,ORD-20260210-586836,CUST-10907,REST-MUM-001,Outstanding experience! The Palak Paneer exceeded all expectations. Palak Paneer was the star of the meal. Will definitely order again!,5,2026-02-14T17:03:28.930309
REV-001009,ORD-20260209-156633,CUST-10824,REST-MUM-001,Hands down the best Vegetable Biryani I've ever had! Chicken 65 and Vegetable Biryani were all prepared beautifully. Fresh and flavorful!,5,2026-02-14T17:20:37.930309
REV-000997,ORD-20260208-723816,CUST-10366,REST-DEL-001,Poor experience. Palak Paneer  Tandoori Roti  Fresh Lime Soda  and Rasmalai (2 pcs) were disappointing. Fresh Lime Soda was burnt on the edges. Very unhappy.,2,2026-02-14T18:00:03.930309
REV-001048,ORD-20260211-993435,CUST-10280,REST-MUM-002,Hands down the best Sweet Lassi I've ever had! Mango Lassi  Gulab Jamun (2 pcs)  Sweet Lassi  and Chole Bhature were all prepared beautifully. Fresh and flavorful!,5,2026-02-14T19:16:30.930309
REV-000985,ORD-20260207-683065,CUST-10962,REST-DEL-001,Really good Tandoori Roti  Aloo Tikki Chaat  Masala Chai  Lamb Rogan Josh  and Chicken Seekh Kebab! The Tandoori Roti was delicious. Slight delay in delivery but food quality made up for it.,4,2026-02-14T20:15:47.930309
REV-001072,ORD-20260212-893021,CUST-10157,REST-BLR-001,Enjoyed the Rasmalai (2 pcs)  Chicken 65  Vegetable Biryani  Aloo Tikki Chaat  and Chicken Seekh Kebab! Aloo Tikki Chaat was very good. Portion sizes were generous. Recommend!,4,2026-02-14T22:16:55.930309
REV-001089,ORD-20260213-535781,CUST-10000,REST-BLR-001,Best Indian food in UAE! Paneer Tikka were incredible. Paneer Tikka had the perfect balance of spices. Five stars!,5,2026-02-14T22:36:12.930309
REV-001019,ORD-20260210-175814,CUST-10693,REST-MUM-002,Perfect in every way! Chole Bhature  Paneer Butter Masala  Vegetable Biryani  Samosa (2 pcs)  and Masala Chai were all excellent. Samosa (2 pcs) stood out with its rich  authentic taste.,5,2026-02-15T10:02:44.930309
REV-001056,ORD-20260212-261302,CUST-10374,REST-MUM-001,Great food overall. Garlic Naan  Malai Kofta  Dal Makhani  and Fish Curry were tasty  especially the Garlic Naan. Would order again!,4,2026-02-15T11:45:10.930309
REV-001006,ORD-20260209-441268,CUST-10978,REST-MUM-002,Really good Aloo Tikki Chaat  Lamb Rogan Josh  Sweet Lassi  Fresh Lime Soda  and Butter Chicken! The Fresh Lime Soda was delicious. Slight delay in delivery but food quality made up for it.,4,2026-02-15T12:03:48.930309
REV-001034,ORD-20260211-952516,CUST-10137,REST-MUM-002,Hands down the best Mango Lassi I've ever had! Mango Lassi and Fresh Lime Soda were all prepared beautifully. Fresh and flavorful!,5,2026-02-15T12:16:05.930309
REV-000994,ORD-20260208-738756,CUST-10764,REST-MUM-001,Perfect in every way! Rasmalai (2 pcs) were all excellent. Rasmalai (2 pcs) stood out with its rich  authentic taste.,5,2026-02-15T14:21:04.930309
REV-001023,ORD-20260210-336883,CUST-10213,REST-DEL-001,Appalling quality! Aloo Tikki Chaat  Sweet Lassi  Kulfi  Chicken Seekh Kebab  and Butter Naan were swimming in oil. Butter Naan was raw inside. Health hazard!,1,2026-02-15T15:27:43.930309
REV-001041,ORD-20260211-619961,CUST-10644,REST-BLR-001,Wow! Just wow! Garlic Naan and Naan were all fantastic. Naan was particularly memorable. Can't wait to order again!,5,2026-02-15T16:03:06.930309
REV-001042,ORD-20260211-434189,CUST-10170,REST-BLR-001,Outstanding experience! The Chole Bhature and Fresh Lime Soda exceeded all expectations. Fresh Lime Soda was the star of the meal. Will definitely order again!,5,2026-02-15T16:10:41.930309
REV-001100,ORD-20260214-567677,CUST-10385,REST-DEL-001,Absolutely amazing Dal Makhani  Chicken Seekh Kebab  and Aloo Tikki Chaat! The Chicken Seekh Kebab was cooked to perfection. Fresh ingredients and authentic flavors. Highly recommend!,5,2026-02-15T16:37:31.930309
REV-001083,ORD-20260213-973602,CUST-10118,REST-MUM-001,Average experience. Rasmalai (2 pcs) and Malai Kofta were fine but Malai Kofta was a bit bland. Room for improvement.,3,2026-02-15T17:08:20.930309
REV-001027,ORD-20260210-440912,CUST-10298,REST-MUM-002,Good quality food. Vegetable Biryani were nicely done. Vegetable Biryani could have been slightly spicier but still good!,4,2026-02-15T17:33:26.930309
REV-001085,ORD-20260213-495457,CUST-10842,REST-MUM-002,Absolutely amazing Gulab Jamun (2 pcs) and Butter Chicken! The Gulab Jamun (2 pcs) was cooked to perfection. Fresh ingredients and authentic flavors. Highly recommend!,5,2026-02-15T18:25:44.930309
REV-000999,ORD-20260208-649324,CUST-10227,REST-DEL-002,Outstanding experience! The Palak Paneer and Gulab Jamun (2 pcs) exceeded all expectations. Gulab Jamun (2 pcs) was the star of the meal. Will definitely order again!,5,2026-02-15T18:40:02.930309
REV-001046,ORD-20260211-283495,CUST-10760,REST-DEL-002,Mediocre. Chicken Biryani  Butter Chicken  Gulab Jamun (2 pcs)  Chicken 65  and Malai Kofta were fine but forgettable. Malai Kofta didn't stand out.,3,2026-02-15T18:41:49.930309
REV-001010,ORD-20260209-501802,CUST-10718,REST-MUM-002,Average experience. Mango Lassi were fine but Mango Lassi was a bit bland. Room for improvement.,3,2026-02-15T19:20:42.930309
REV-001050,ORD-20260211-923615,CUST-10767,REST-BLR-001,Hands down the best Mango Lassi I've ever had! Mango Lassi were all prepared beautifully. Fresh and flavorful!,5,2026-02-15T19:54:25.930309
REV-001073,ORD-20260212-888479,CUST-10477,REST-DEL-002,Worst food ever! Butter Chicken  Garlic Naan  and Chole Bhature were all wrong. Butter Chicken made me sick. Never ordering again!,1,2026-02-15T22:36:08.930309
REV-001020,ORD-20260210-275896,CUST-10062,REST-MUM-002,Appalling quality! Paneer Butter Masala  Mango Lassi  Chicken Seekh Kebab  Garlic Naan  and Palak Paneer were swimming in oil. Paneer Butter Masala was raw inside. Health hazard!,1,2026-02-16T10:09:08.930309
REV-001032,ORD-20260211-526166,CUST-10014,REST-DEL-002,Decent food but nothing special. Tandoori Roti and Jeera Rice were okay. Tandoori Roti lacked the punch I expected.,3,2026-02-16T11:23:16.930309
REV-001038,ORD-20260211-293608,CUST-10671,REST-DEL-002,Expected better. Rasmalai (2 pcs)  Malai Kofta  Jeera Rice  and Gajar Halwa were subpar. Gajar Halwa was too oily and greasy. Stomach upset followed.,2,2026-02-16T14:10:56.930309
REV-001098,ORD-20260214-204870,CUST-10208,REST-MUM-002,Perfect in every way! Mango Lassi and Chicken Tikka Masala were all excellent. Mango Lassi stood out with its rich  authentic taste.,5,2026-02-16T14:57:26.930309
REV-001121,ORD-20260215-597677,CUST-10345,REST-BLR-001,Hands down the best Sweet Lassi I've ever had! Sweet Lassi  Samosa (2 pcs)  and Paneer Butter Masala were all prepared beautifully. Fresh and flavorful!,5,2026-02-16T15:14:26.930309
REV-001060,ORD-20260212-617839,CUST-10286,REST-MUM-002,Wow! Just wow! Chicken 65 were all fantastic. Chicken 65 was particularly memorable. Can't wait to order again!,5,2026-02-16T15:46:54.930309
REV-001040,ORD-20260211-791259,CUST-10846,REST-BLR-001,Good quality food. Mango Lassi were nicely done. Mango Lassi could have been slightly spicier but still good!,4,2026-02-16T15:50:18.930309
REV-001099,ORD-20260214-857793,CUST-10900,REST-DEL-002,Really good Butter Naan  Mango Lassi  Gulab Jamun (2 pcs)  and Butter Chicken! The Gulab Jamun (2 pcs) was delicious. Slight delay in delivery but food quality made up for it.,4,2026-02-16T16:02:42.930309
REV-001122,ORD-20260215-526066,CUST-10463,REST-MUM-001,Perfect in every way! Masala Chai and Paneer Butter Masala were all excellent. Paneer Butter Masala stood out with its rich  authentic taste.,5,2026-02-16T16:28:21.930309
REV-001025,ORD-20260210-963835,CUST-10476,REST-DEL-002,Great food overall. Lamb Rogan Josh  Chicken Seekh Kebab  and Naan were tasty  especially the Chicken Seekh Kebab. Would order again!,4,2026-02-16T16:48:31.930309
REV-001065,ORD-20260212-252783,CUST-10179,REST-MUM-001,Enjoyed the Malai Kofta! Malai Kofta was very good. Portion sizes were generous. Recommend!,4,2026-02-16T17:25:56.930309
REV-001047,ORD-20260211-468952,CUST-10507,REST-DEL-001,Pleasant meal! Palak Paneer  Chole Bhature  and Masala Chai arrived warm. Masala Chai was tasty though not exceptional. Would order again.,4,2026-02-16T19:06:51.930309
REV-001106,ORD-20260214-687116,CUST-10413,REST-MUM-002,Good quality food. Fresh Lime Soda  Chole Bhature  Chicken Seekh Kebab  Palak Paneer  and Vegetable Biryani were nicely done. Vegetable Biryani could have been slightly spicier but still good!,4,2026-02-16T19:59:10.930309
REV-001052,ORD-20260211-424824,CUST-10458,REST-DEL-002,Enjoyed the Chicken 65  Chicken Biryani  Chicken Seekh Kebab  Chole Bhature  and Butter Naan! Chicken Seekh Kebab was very good. Portion sizes were generous. Recommend!,4,2026-02-16T20:27:16.930309
REV-001107,ORD-20260214-954299,CUST-10811,REST-DEL-001,Poor experience. Fish Curry were disappointing. Fish Curry was burnt on the edges. Very unhappy.,2,2026-02-16T20:31:45.930309
REV-001013,ORD-20260209-339525,CUST-10506,REST-DEL-001,Enjoyed the Kulfi! Kulfi was very good. Portion sizes were generous. Recommend!,4,2026-02-16T21:25:55.930309
REV-001015,ORD-20260209-650023,CUST-10916,REST-MUM-002,Not bad  not great. Gulab Jamun (2 pcs)  Chicken 65  and Tandoori Roti were edible. Gulab Jamun (2 pcs) needed more seasoning.,3,2026-02-16T21:57:33.930309
REV-001017,ORD-20260209-655221,CUST-10705,REST-MUM-001,Wow! Just wow! Fish Curry and Chicken Biryani were all fantastic. Fish Curry was particularly memorable. Can't wait to order again!,5,2026-02-16T22:31:28.930309
REV-001031,ORD-20260211-773232,CUST-10832,REST-MUM-001,Hands down the best Chicken 65 I've ever had! Gajar Halwa  Chicken 65  Mango Lassi  Dal Makhani  and Samosa (2 pcs) were all prepared beautifully. Fresh and flavorful!,5,2026-02-17T10:01:40.930309
REV-001112,ORD-20260215-895661,CUST-10986,REST-DEL-002,Incredible meal! Gulab Jamun (2 pcs) and Lamb Rogan Josh arrived hot and fresh. The Lamb Rogan Josh was absolutely divine. Highly satisfied!,5,2026-02-17T10:19:40.930309
REV-001077,ORD-20260213-192460,CUST-10481,REST-MUM-002,Exceptional quality! Ordered Fresh Lime Soda and Samosa (2 pcs) and everything was delicious. The Samosa (2 pcs) melted in my mouth. Perfect!,5,2026-02-17T12:49:34.930309
REV-001078,ORD-20260213-826988,CUST-10366,REST-MUM-002,Wow! Just wow! Chicken Biryani  Mango Lassi  Chicken Tikka Masala  and Garlic Naan were all fantastic. Mango Lassi was particularly memorable. Can't wait to order again!,5,2026-02-17T12:52:12.930309
REV-001024,ORD-20260210-840592,CUST-10274,REST-MUM-001,Worst food ever! Fresh Lime Soda  Naan  and Rasmalai (2 pcs) were all wrong. Rasmalai (2 pcs) made me sick. Never ordering again!,1,2026-02-17T15:49:15.930309
REV-001045,ORD-20260211-312387,CUST-10247,REST-DEL-002,Outstanding experience! The Samosa (2 pcs)  Sweet Lassi  Butter Naan  and Paneer Butter Masala exceeded all expectations. Paneer Butter Masala was the star of the meal. Will definitely order again!,5,2026-02-17T17:13:09.930309
REV-001104,ORD-20260214-959472,CUST-10768,REST-DEL-002,Solid experience. Paneer Butter Masala  Chicken Seekh Kebab  and Jeera Rice were well-prepared. Jeera Rice had great flavor. Minor issues with packaging.,4,2026-02-17T19:25:13.930309
REV-001148,ORD-20260216-420934,CUST-10887,REST-DEL-001,Good quality food. Palak Paneer  Kulfi  Chicken Seekh Kebab  Sweet Lassi  and Chole Bhature were nicely done. Kulfi could have been slightly spicier but still good!,4,2026-02-17T19:50:46.930309
REV-001051,ORD-20260211-467514,CUST-10875,REST-MUM-001,Hands down the best Chicken Tikka Masala I've ever had! Jeera Rice  Lamb Rogan Josh  and Chicken Tikka Masala were all prepared beautifully. Fresh and flavorful!,5,2026-02-17T20:26:22.930309
REV-001053,ORD-20260211-379869,CUST-10027,REST-DEL-001,Wow! Just wow! Chicken 65 and Palak Paneer were all fantastic. Palak Paneer was particularly memorable. Can't wait to order again!,5,2026-02-17T20:31:14.930309
REV-001150,ORD-20260216-319129,CUST-10405,REST-MUM-002,Best Indian food in UAE! Gajar Halwa were incredible. Gajar Halwa had the perfect balance of spices. Five stars!,5,2026-02-17T20:34:34.930309
REV-001070,ORD-20260212-201668,CUST-10046,REST-MUM-002,Wow! Just wow! Malai Kofta  Samosa (2 pcs)  and Kulfi were all fantastic. Kulfi was particularly memorable. Can't wait to order again!,5,2026-02-17T21:19:54.930309
REV-001111,ORD-20260215-475099,CUST-10883,REST-MUM-002,Perfect in every way! Fresh Lime Soda  Chicken 65  Kulfi  Tandoori Roti  and Mango Lassi were all excellent. Fresh Lime Soda stood out with its rich  authentic taste.,5,2026-02-18T10:12:22.930309
REV-001154,ORD-20260217-907719,CUST-10708,REST-DEL-001,Wow! Just wow! Samosa (2 pcs)  Garlic Naan  Lamb Rogan Josh  Fresh Lime Soda  and Chicken Tikka Masala were all fantastic. Samosa (2 pcs) was particularly memorable. Can't wait to order again!,5,2026-02-18T10:46:44.930309
REV-001092,ORD-20260214-884218,CUST-10283,REST-DEL-001,Disappointed with Samosa (2 pcs)  Chicken Tikka Masala  and Paneer Butter Masala. Samosa (2 pcs) was cold when it arrived. Not worth the money.,2,2026-02-18T11:16:01.930309
REV-001093,ORD-20260214-334546,CUST-10363,REST-BLR-001,Average experience. Garlic Naan were fine but Garlic Naan was a bit bland. Room for improvement.,3,2026-02-18T11:57:38.930309
REV-001036,ORD-20260211-298876,CUST-10114,REST-DEL-001,Not good. Kulfi  Butter Chicken  Chicken 65  and Fish Curry arrived late and cold. Butter Chicken had barely any flavor. Poor quality.,2,2026-02-18T13:15:01.930309
REV-001116,ORD-20260215-907300,CUST-10456,REST-DEL-002,Exceptional quality! Ordered Naan  Gajar Halwa  Chicken 65  and Samosa (2 pcs) and everything was delicious. The Naan melted in my mouth. Perfect!,5,2026-02-18T13:47:08.930309
REV-001139,ORD-20260216-932642,CUST-10139,REST-DEL-001,Incredible meal! Garlic Naan  Masala Chai  Vegetable Biryani  and Paneer Butter Masala arrived hot and fresh. The Masala Chai was absolutely divine. Highly satisfied!,5,2026-02-18T14:38:30.930309
REV-001079,ORD-20260213-688191,CUST-10181,REST-MUM-001,Not bad  not great. Fish Curry  Samosa (2 pcs)  Chicken Tikka Masala  and Naan were edible. Chicken Tikka Masala needed more seasoning.,3,2026-02-18T15:19:06.930309
REV-001082,ORD-20260213-250840,CUST-10838,REST-DEL-002,Exceptional quality! Ordered Dal Makhani  Fresh Lime Soda  Chicken Biryani  Palak Paneer  and Tandoori Roti and everything was delicious. The Chicken Biryani melted in my mouth. Perfect!,5,2026-02-18T16:43:20.930309
REV-001160,ORD-20260217-941457,CUST-10303,REST-MUM-001,Not bad  not great. Gulab Jamun (2 pcs)  Mango Lassi  and Paneer Tikka were edible. Paneer Tikka needed more seasoning.,3,2026-02-18T16:53:23.930309
REV-001124,ORD-20260215-264523,CUST-10915,REST-DEL-001,Great food overall. Gajar Halwa  Butter Naan  and Jeera Rice were tasty  especially the Butter Naan. Would order again!,4,2026-02-18T17:50:05.930309
REV-001162,ORD-20260217-355690,CUST-10079,REST-DEL-002,Really good Mango Lassi  Chicken 65  Fresh Lime Soda  Chicken Tikka Masala  and Naan! The Chicken Tikka Masala was delicious. Slight delay in delivery but food quality made up for it.,4,2026-02-18T18:16:43.930309
REV-001163,ORD-20260217-633221,CUST-10400,REST-DEL-001,Hands down the best Gulab Jamun (2 pcs) I've ever had! Rasmalai (2 pcs)  Gulab Jamun (2 pcs)  Masala Chai  and Chicken Biryani were all prepared beautifully. Fresh and flavorful!,5,2026-02-18T18:16:53.930309
REV-001086,ORD-20260213-145868,CUST-10655,REST-MUM-001,Mixed feelings. Malai Kofta  Palak Paneer  Jeera Rice  Mango Lassi  and Butter Naan were acceptable. Butter Naan was decent but portion was small for the price.,3,2026-02-18T18:46:16.930309
REV-001049,ORD-20260211-845412,CUST-10763,REST-DEL-002,Not bad  not great. Masala Chai  Kulfi  Rasmalai (2 pcs)  Tandoori Roti  and Vegetable Biryani were edible. Rasmalai (2 pcs) needed more seasoning.,3,2026-02-18T19:43:08.930309
REV-001088,ORD-20260213-752944,CUST-10348,REST-MUM-001,Solid experience. Butter Chicken  Dal Makhani  and Samosa (2 pcs) were well-prepared. Dal Makhani had great flavor. Minor issues with packaging.,4,2026-02-18T21:18:16.930309
REV-001071,ORD-20260212-132285,CUST-10495,REST-BLR-001,Hands down the best Dal Makhani I've ever had! Dal Makhani and Kulfi were all prepared beautifully. Fresh and flavorful!,5,2026-02-18T21:57:37.930309
REV-001091,ORD-20260214-677138,CUST-10599,REST-BLR-001,Hands down the best Mango Lassi I've ever had! Chole Bhature  Mango Lassi  Paneer Butter Masala  and Aloo Tikki Chaat were all prepared beautifully. Fresh and flavorful!,5,2026-02-19T10:06:44.930309
REV-001134,ORD-20260216-525869,CUST-10463,REST-DEL-001,Absolutely amazing Gajar Halwa  Gulab Jamun (2 pcs)  Fresh Lime Soda  and Naan! The Gulab Jamun (2 pcs) was cooked to perfection. Fresh ingredients and authentic flavors. Highly recommend!,5,2026-02-19T10:53:41.930309
REV-001074,ORD-20260213-770704,CUST-10449,REST-MUM-002,Incredible meal! Mango Lassi  Gulab Jamun (2 pcs)  Chicken Tikka Masala  and Tandoori Roti arrived hot and fresh. The Gulab Jamun (2 pcs) was absolutely divine. Highly satisfied!,5,2026-02-19T10:59:19.930309
REV-001075,ORD-20260213-357349,CUST-10736,REST-DEL-002,Unsatisfactory. Vegetable Biryani  Gajar Halwa  Masala Chai  and Garlic Naan were not fresh. Garlic Naan tasted reheated. Won't order again.,2,2026-02-19T11:28:59.930309
REV-001113,ORD-20260215-114571,CUST-10288,REST-MUM-002,Perfect in every way! Chicken Tikka Masala  Chicken Seekh Kebab  Palak Paneer  and Gulab Jamun (2 pcs) were all excellent. Palak Paneer stood out with its rich  authentic taste.,5,2026-02-19T12:06:12.930309
REV-001138,ORD-20260216-957968,CUST-10371,REST-BLR-001,Wow! Just wow! Masala Chai  Gajar Halwa  Sweet Lassi  Butter Chicken  and Fish Curry were all fantastic. Masala Chai was particularly memorable. Can't wait to order again!,5,2026-02-19T12:25:39.930309
REV-001058,ORD-20260212-883468,CUST-10058,REST-DEL-001,Absolutely amazing Chicken 65! The Chicken 65 was cooked to perfection. Fresh ingredients and authentic flavors. Highly recommend!,5,2026-02-19T13:57:29.930309
REV-001141,ORD-20260216-652346,CUST-10252,REST-DEL-001,Outstanding experience! The Fresh Lime Soda exceeded all expectations. Fresh Lime Soda was the star of the meal. Will definitely order again!,5,2026-02-19T15:13:46.930309
REV-001143,ORD-20260216-825288,CUST-10328,REST-MUM-001,Really good Chicken Biryani  Chicken Seekh Kebab  Malai Kofta  Tandoori Roti  and Chicken 65! The Chicken Biryani was delicious. Slight delay in delivery but food quality made up for it.,4,2026-02-19T16:15:27.930309
REV-001081,ORD-20260213-707044,CUST-10508,REST-BLR-001,Hands down the best Masala Chai I've ever had! Paneer Butter Masala  Gajar Halwa  Masala Chai  Palak Paneer  and Kulfi were all prepared beautifully. Fresh and flavorful!,5,2026-02-19T16:19:44.930309
REV-001101,ORD-20260214-844424,CUST-10681,REST-DEL-001,Hands down the best Paneer Butter Masala I've ever had! Dal Makhani  Paneer Butter Masala  Rasmalai (2 pcs)  Naan  and Chicken Tikka Masala were all prepared beautifully. Fresh and flavorful!,5,2026-02-19T17:09:11.930309
REV-001176,ORD-20260218-200630,CUST-10487,REST-BLR-001,Perfect in every way! Chicken Seekh Kebab  Gulab Jamun (2 pcs)  Butter Chicken  Paneer Butter Masala  and Samosa (2 pcs) were all excellent. Paneer Butter Masala stood out with its rich  authentic taste.,5,2026-02-19T17:18:14.930309
REV-001084,ORD-20260213-883076,CUST-10879,REST-DEL-001,Worst food ever! Dal Makhani  Naan  Palak Paneer  and Chicken Seekh Kebab were all wrong. Naan made me sick. Never ordering again!,1,2026-02-19T17:55:49.930309
REV-001067,ORD-20260212-783874,CUST-10298,REST-DEL-002,Pleasant meal! Masala Chai and Chicken Tikka Masala arrived warm. Chicken Tikka Masala was tasty though not exceptional. Would order again.,4,2026-02-19T19:24:40.930309
REV-001179,ORD-20260218-605056,CUST-10654,REST-BLR-001,Outstanding experience! The Tandoori Roti  Naan  and Sweet Lassi exceeded all expectations. Naan was the star of the meal. Will definitely order again!,5,2026-02-19T19:24:44.930309
REV-001068,ORD-20260212-271819,CUST-10493,REST-MUM-002,Hands down the best Sweet Lassi I've ever had! Sweet Lassi  Fish Curry  Aloo Tikki Chaat  and Garlic Naan were all prepared beautifully. Fresh and flavorful!,5,2026-02-19T19:39:37.930309
REV-001130,ORD-20260215-431435,CUST-10333,REST-MUM-002,Decent food but nothing special. Masala Chai  Aloo Tikki Chaat  Chole Bhature  and Malai Kofta were okay. Malai Kofta lacked the punch I expected.,3,2026-02-19T20:32:21.930309
REV-001167,ORD-20260217-301211,CUST-10202,REST-MUM-001,Perfect in every way! Dal Makhani  Masala Chai  and Vegetable Biryani were all excellent. Dal Makhani stood out with its rich  authentic taste.,5,2026-02-19T22:42:31.930309
REV-001153,ORD-20260217-426068,CUST-10412,REST-BLR-001,Outstanding experience! The Butter Chicken  Chole Bhature  and Naan exceeded all expectations. Butter Chicken was the star of the meal. Will definitely order again!,5,2026-02-20T10:46:28.930309
REV-001076,ORD-20260213-155570,CUST-10577,REST-BLR-001,It was okay. Garlic Naan arrived lukewarm. Garlic Naan tasted fine but could be better.,3,2026-02-20T11:32:33.930309
REV-001114,ORD-20260215-670563,CUST-10569,REST-DEL-002,Great food overall. Fresh Lime Soda  Dal Makhani  Chicken Biryani  and Mango Lassi were tasty  especially the Mango Lassi. Would order again!,4,2026-02-20T12:25:54.930309
REV-001094,ORD-20260214-195644,CUST-10014,REST-DEL-002,Average experience. Fresh Lime Soda  Paneer Butter Masala  Naan  and Chicken Biryani were fine but Fresh Lime Soda was a bit bland. Room for improvement.,3,2026-02-20T12:28:17.930309
REV-001188,ORD-20260219-198056,CUST-10404,REST-MUM-002,Absolutely amazing Aloo Tikki Chaat! The Aloo Tikki Chaat was cooked to perfection. Fresh ingredients and authentic flavors. Highly recommend!,5,2026-02-20T13:23:36.930309
REV-001190,ORD-20260219-544355,CUST-10062,REST-MUM-002,Exceptional quality! Ordered Palak Paneer  Butter Chicken  Naan  and Paneer Butter Masala and everything was delicious. The Palak Paneer melted in my mouth. Perfect!,5,2026-02-20T14:06:28.930309
REV-001174,ORD-20260218-880843,CUST-10399,REST-BLR-001,Average experience. Vegetable Biryani were fine but Vegetable Biryani was a bit bland. Room for improvement.,3,2026-02-20T14:08:34.930309
REV-001097,ORD-20260214-651311,CUST-10333,REST-BLR-001,Good quality food. Palak Paneer were nicely done. Palak Paneer could have been slightly spicier but still good!,4,2026-02-20T14:37:03.930309
REV-001119,ORD-20260215-534494,CUST-10366,REST-BLR-001,Exceptional quality! Ordered Lamb Rogan Josh and everything was delicious. The Lamb Rogan Josh melted in my mouth. Perfect!,5,2026-02-20T14:38:09.930309
REV-001080,ORD-20260213-815947,CUST-10475,REST-DEL-002,Absolutely amazing Chicken 65 and Paneer Tikka! The Paneer Tikka was cooked to perfection. Fresh ingredients and authentic flavors. Highly recommend!,5,2026-02-20T16:02:39.930309
REV-001193,ORD-20260219-192274,CUST-10268,REST-DEL-002,Outstanding experience! The Gulab Jamun (2 pcs)  Malai Kofta  Lamb Rogan Josh  and Tandoori Roti exceeded all expectations. Malai Kofta was the star of the meal. Will definitely order again!,5,2026-02-20T16:25:10.930309
REV-001194,ORD-20260219-524319,CUST-10852,REST-DEL-002,Solid experience. Chole Bhature were well-prepared. Chole Bhature had great flavor. Minor issues with packaging.,4,2026-02-20T17:09:58.930309
REV-001175,ORD-20260218-953220,CUST-10355,REST-BLR-001,Incredible meal! Gulab Jamun (2 pcs)  Palak Paneer  Paneer Tikka  and Garlic Naan arrived hot and fresh. The Paneer Tikka was absolutely divine. Highly satisfied!,5,2026-02-20T17:16:34.930309
REV-001195,ORD-20260219-991232,CUST-10217,REST-DEL-002,Solid experience. Vegetable Biryani and Garlic Naan were well-prepared. Vegetable Biryani had great flavor. Minor issues with packaging.,4,2026-02-20T17:50:30.930309
REV-001197,ORD-20260219-365201,CUST-10631,REST-DEL-002,Pleasant meal! Palak Paneer  Malai Kofta  and Kulfi arrived warm. Malai Kofta was tasty though not exceptional. Would order again.,4,2026-02-20T18:39:34.930309
REV-001102,ORD-20260214-147056,CUST-10074,REST-BLR-001,Exceptional quality! Ordered Chicken Biryani and everything was delicious. The Chicken Biryani melted in my mouth. Perfect!,5,2026-02-20T18:40:20.930309
REV-001103,ORD-20260214-527465,CUST-10082,REST-BLR-001,Incredible meal! Fresh Lime Soda arrived hot and fresh. The Fresh Lime Soda was absolutely divine. Highly satisfied!,5,2026-02-20T18:54:00.930309
REV-001105,ORD-20260214-407249,CUST-10897,REST-BLR-001,It was okay. Fish Curry arrived lukewarm. Fish Curry tasted fine but could be better.,3,2026-02-20T19:28:12.930309
REV-001087,ORD-20260213-739170,CUST-10291,REST-BLR-001,Wow! Just wow! Butter Naan  Mango Lassi  Lamb Rogan Josh  Chicken 65  and Garlic Naan were all fantastic. Mango Lassi was particularly memorable. Can't wait to order again!,5,2026-02-20T19:30:49.930309
REV-001127,ORD-20260215-489394,CUST-10237,REST-MUM-001,Solid experience. Lamb Rogan Josh  Kulfi  and Vegetable Biryani were well-prepared. Vegetable Biryani had great flavor. Minor issues with packaging.,4,2026-02-20T19:40:16.930309
REV-001128,ORD-20260215-951991,CUST-10854,REST-DEL-002,Very satisfied! Chicken Tikka Masala  Aloo Tikki Chaat  and Kulfi were fresh and flavorful. Kulfi was the standout dish.,4,2026-02-20T19:51:24.930309
REV-001129,ORD-20260215-251612,CUST-10681,REST-MUM-001,Shocking! Palak Paneer and Rasmalai (2 pcs) bore no resemblance to the menu description. Palak Paneer was inedible. Refund demanded!,1,2026-02-20T20:21:10.930309
REV-001200,ORD-20260219-753562,CUST-10675,REST-DEL-002,Enjoyed the Paneer Tikka  Lamb Rogan Josh  Tandoori Roti  Gajar Halwa  and Chicken Seekh Kebab! Gajar Halwa was very good. Portion sizes were generous. Recommend!,4,2026-02-20T20:38:04.930309
REV-001131,ORD-20260215-292467,CUST-10957,REST-DEL-001,Wow! Just wow! Garlic Naan  Chicken Biryani  Butter Naan  and Jeera Rice were all fantastic. Jeera Rice was particularly memorable. Can't wait to order again!,5,2026-02-20T20:40:22.930309
REV-001108,ORD-20260214-722020,CUST-10529,REST-DEL-002,Absolutely amazing Butter Naan and Butter Chicken! The Butter Chicken was cooked to perfection. Fresh ingredients and authentic flavors. Highly recommend!,5,2026-02-20T21:10:01.930309
REV-001181,ORD-20260218-261211,CUST-10303,REST-DEL-002,Great food overall. Chole Bhature were tasty  especially the Chole Bhature. Would order again!,4,2026-02-20T21:34:58.930309
REV-001110,ORD-20260214-788513,CUST-10043,REST-DEL-002,Exceptional quality! Ordered Fish Curry and Palak Paneer and everything was delicious. The Palak Paneer melted in my mouth. Perfect!,5,2026-02-20T21:45:32.930309
REV-001166,ORD-20260217-549151,CUST-10780,REST-DEL-001,Best Indian food in UAE! Butter Chicken and Masala Chai were incredible. Butter Chicken had the perfect balance of spices. Five stars!,5,2026-02-20T22:13:44.930309
REV-001132,ORD-20260215-841410,CUST-10961,REST-DEL-001,Enjoyed the Butter Chicken  Aloo Tikki Chaat  and Vegetable Biryani! Aloo Tikki Chaat was very good. Portion sizes were generous. Recommend!,4,2026-02-20T22:20:20.930309
REV-001090,ORD-20260213-270350,CUST-10915,REST-BLR-001,Perfect in every way! Gajar Halwa and Butter Naan were all excellent. Gajar Halwa stood out with its rich  authentic taste.,5,2026-02-20T22:59:01.930309
REV-001170,ORD-20260218-382936,CUST-10220,REST-DEL-001,Absolutely amazing Garlic Naan  Dal Makhani  Palak Paneer  and Chicken Tikka Masala! The Palak Paneer was cooked to perfection. Fresh ingredients and authentic flavors. Highly recommend!,5,2026-02-21T10:25:45.930309
REV-001133,ORD-20260216-699635,CUST-10276,REST-BLR-001,It was okay. Vegetable Biryani  Paneer Butter Masala  Chicken Tikka Masala  and Gulab Jamun (2 pcs) arrived lukewarm. Paneer Butter Masala tasted fine but could be better.,3,2026-02-21T10:34:44.930309
REV-001155,ORD-20260217-705050,CUST-10290,REST-BLR-001,It was okay. Chicken Tikka Masala  Chicken Seekh Kebab  and Aloo Tikki Chaat arrived lukewarm. Aloo Tikki Chaat tasted fine but could be better.,3,2026-02-21T11:11:14.930309
REV-001135,ORD-20260216-549040,CUST-10040,REST-MUM-002,Outstanding experience! The Chicken 65 and Kulfi exceeded all expectations. Chicken 65 was the star of the meal. Will definitely order again!,5,2026-02-21T11:11:22.930309
REV-001156,ORD-20260217-732664,CUST-10450,REST-DEL-002,Mediocre. Butter Naan  Gulab Jamun (2 pcs)  Paneer Tikka  Paneer Butter Masala  and Chicken 65 were fine but forgettable. Chicken 65 didn't stand out.,3,2026-02-21T11:57:42.930309
REV-001095,ORD-20260214-100783,CUST-10049,REST-DEL-002,Pleasant meal! Samosa (2 pcs) arrived warm. Samosa (2 pcs) was tasty though not exceptional. Would order again.,4,2026-02-21T12:29:33.930309
REV-001206,ORD-20260220-352467,CUST-10937,REST-MUM-001,Shocking! Chicken Biryani  Gulab Jamun (2 pcs)  Chole Bhature  and Paneer Tikka bore no resemblance to the menu description. Chicken Biryani was inedible. Refund demanded!,1,2026-02-21T12:41:36.930309
REV-001096,ORD-20260214-903090,CUST-10560,REST-MUM-002,Enjoyed the Samosa (2 pcs)  Gulab Jamun (2 pcs)  and Chicken Biryani! Chicken Biryani was very good. Portion sizes were generous. Recommend!,4,2026-02-21T13:38:53.930309
REV-001118,ORD-20260215-375340,CUST-10095,REST-DEL-002,Below expectations. Chicken Biryani and Malai Kofta were underwhelming. Chicken Biryani was overcooked and dry.,2,2026-02-21T14:24:49.930309
REV-001140,ORD-20260216-603419,CUST-10081,REST-MUM-001,Good quality food. Samosa (2 pcs) and Gulab Jamun (2 pcs) were nicely done. Samosa (2 pcs) could have been slightly spicier but still good!,4,2026-02-21T14:51:17.930309
REV-001208,ORD-20260220-199979,CUST-10199,REST-BLR-001,Best Indian food in UAE! Tandoori Roti  Garlic Naan  Aloo Tikki Chaat  Dal Makhani  and Butter Naan were incredible. Garlic Naan had the perfect balance of spices. Five stars!,5,2026-02-21T14:53:41.930309
REV-001142,ORD-20260216-829910,CUST-10412,REST-DEL-001,Really good Paneer Tikka! The Paneer Tikka was delicious. Slight delay in delivery but food quality made up for it.,4,2026-02-21T15:30:32.930309
REV-001177,ORD-20260218-585906,CUST-10385,REST-BLR-001,It was okay. Tandoori Roti arrived lukewarm. Tandoori Roti tasted fine but could be better.,3,2026-02-21T17:43:00.930309
REV-001125,ORD-20260215-707630,CUST-10418,REST-DEL-001,Not bad  not great. Chole Bhature  Tandoori Roti  Chicken Seekh Kebab  and Fresh Lime Soda were edible. Tandoori Roti needed more seasoning.,3,2026-02-21T17:51:12.930309
REV-001126,ORD-20260215-627778,CUST-10505,REST-DEL-001,Best Indian food in UAE! Masala Chai  Lamb Rogan Josh  Naan  Chicken Seekh Kebab  and Garlic Naan were incredible. Chicken Seekh Kebab had the perfect balance of spices. Five stars!,5,2026-02-21T18:56:41.930309
REV-001164,ORD-20260217-905518,CUST-10409,REST-MUM-002,Absolutely horrible! Garlic Naan  Tandoori Roti  Lamb Rogan Josh  and Sweet Lassi arrived ice cold after 2 hour delay. Sweet Lassi was spoiled. Disgusting!,1,2026-02-21T20:09:44.930309
REV-001109,ORD-20260214-913703,CUST-10205,REST-DEL-002,Exceptional quality! Ordered Masala Chai and Samosa (2 pcs) and everything was delicious. The Masala Chai melted in my mouth. Perfect!,5,2026-02-21T21:18:54.930309
REV-001152,ORD-20260216-371168,CUST-10987,REST-MUM-001,Exceptional quality! Ordered Fish Curry  Malai Kofta  Chicken 65  and Gulab Jamun (2 pcs) and everything was delicious. The Fish Curry melted in my mouth. Perfect!,5,2026-02-21T21:25:22.930309
REV-001183,ORD-20260218-610498,CUST-10705,REST-MUM-002,Not bad  not great. Chicken Seekh Kebab  Butter Naan  and Gulab Jamun (2 pcs) were edible. Butter Naan needed more seasoning.,3,2026-02-21T22:16:05.930309
REV-001168,ORD-20260217-873232,CUST-10772,REST-MUM-001,Best Indian food in UAE! Garlic Naan  Lamb Rogan Josh  Naan  and Fish Curry were incredible. Fish Curry had the perfect balance of spices. Five stars!,5,2026-02-21T22:57:21.930309
REV-001169,ORD-20260218-647424,CUST-10693,REST-BLR-001,Expected better. Aloo Tikki Chaat and Vegetable Biryani were subpar. Aloo Tikki Chaat was too oily and greasy. Stomach upset followed.,2,2026-02-22T10:21:34.930309
REV-001171,ORD-20260218-507899,CUST-10592,REST-BLR-001,Great food overall. Chicken 65  Butter Chicken  Dal Makhani  and Naan were tasty  especially the Dal Makhani. Would order again!,4,2026-02-22T11:23:45.930309
REV-001172,ORD-20260218-823780,CUST-10998,REST-MUM-001,Perfect in every way! Aloo Tikki Chaat were all excellent. Aloo Tikki Chaat stood out with its rich  authentic taste.,5,2026-02-22T11:32:31.930309
REV-001137,ORD-20260216-770876,CUST-10325,REST-MUM-002,Good quality food. Masala Chai  Malai Kofta  Palak Paneer  and Lamb Rogan Josh were nicely done. Lamb Rogan Josh could have been slightly spicier but still good!,4,2026-02-22T11:41:43.930309
REV-001205,ORD-20260220-177897,CUST-10828,REST-BLR-001,Hands down the best Naan I've ever had! Naan  Mango Lassi  Gulab Jamun (2 pcs)  and Lamb Rogan Josh were all prepared beautifully. Fresh and flavorful!,5,2026-02-22T12:15:17.930309
REV-001219,ORD-20260221-365462,CUST-10790,REST-MUM-002,Great food overall. Lamb Rogan Josh  Masala Chai  Jeera Rice  Butter Chicken  and Gulab Jamun (2 pcs) were tasty  especially the Butter Chicken. Would order again!,4,2026-02-22T12:17:13.930309
REV-001115,ORD-20260215-355215,CUST-10196,REST-BLR-001,Absolutely amazing Mango Lassi  Chole Bhature  Aloo Tikki Chaat  Chicken 65  and Samosa (2 pcs)! The Aloo Tikki Chaat was cooked to perfection. Fresh ingredients and authentic flavors. Highly recommend!,5,2026-02-22T13:14:50.930309
REV-001117,ORD-20260215-580108,CUST-10726,REST-BLR-001,Pleasant meal! Aloo Tikki Chaat  Chole Bhature  and Chicken Tikka Masala arrived warm. Chole Bhature was tasty though not exceptional. Would order again.,4,2026-02-22T13:48:23.930309
REV-001157,ORD-20260217-915967,CUST-10361,REST-MUM-001,Wow! Just wow! Tandoori Roti  Naan  Rasmalai (2 pcs)  and Dal Makhani were all fantastic. Naan was particularly memorable. Can't wait to order again!,5,2026-02-22T14:23:52.930309
REV-001120,ORD-20260215-896608,CUST-10945,REST-BLR-001,Not bad  not great. Chicken Biryani were edible. Chicken Biryani needed more seasoning.,3,2026-02-22T14:52:27.930309
REV-001159,ORD-20260217-195316,CUST-10179,REST-MUM-001,Poor experience. Masala Chai and Fish Curry were disappointing. Fish Curry was burnt on the edges. Very unhappy.,2,2026-02-22T16:35:10.930309
REV-001123,ORD-20260215-250987,CUST-10968,REST-MUM-001,Exceptional quality! Ordered Malai Kofta  Kulfi  Aloo Tikki Chaat  and Masala Chai and everything was delicious. The Malai Kofta melted in my mouth. Perfect!,5,2026-02-22T16:57:59.930309
REV-001161,ORD-20260217-904007,CUST-10616,REST-BLR-001,Great food overall. Malai Kofta were tasty  especially the Malai Kofta. Would order again!,4,2026-02-22T17:29:25.930309
REV-001196,ORD-20260219-375947,CUST-10084,REST-MUM-002,Mixed feelings. Aloo Tikki Chaat  Dal Makhani  Chicken Seekh Kebab  and Paneer Tikka were acceptable. Aloo Tikki Chaat was decent but portion was small for the price.,3,2026-02-22T18:04:52.930309
REV-001210,ORD-20260220-216541,CUST-10566,REST-MUM-001,Not good. Butter Naan  Palak Paneer  and Butter Chicken arrived late and cold. Butter Chicken had barely any flavor. Poor quality.,2,2026-02-22T18:34:23.930309
REV-001147,ORD-20260216-138740,CUST-10923,REST-MUM-002,Absolutely amazing Jeera Rice  Tandoori Roti  Naan  and Kulfi! The Jeera Rice was cooked to perfection. Fresh ingredients and authentic flavors. Highly recommend!,5,2026-02-22T19:45:41.930309
REV-001149,ORD-20260216-296175,CUST-10044,REST-DEL-001,Not good. Tandoori Roti arrived late and cold. Tandoori Roti had barely any flavor. Poor quality.,2,2026-02-22T20:04:20.930309
REV-001151,ORD-20260216-233318,CUST-10666,REST-BLR-001,Wow! Just wow! Chicken Tikka Masala and Samosa (2 pcs) were all fantastic. Samosa (2 pcs) was particularly memorable. Can't wait to order again!,5,2026-02-22T20:59:41.930309
REV-001216,ORD-20260220-739819,CUST-10583,REST-MUM-002,Outstanding experience! The Lamb Rogan Josh and Tandoori Roti exceeded all expectations. Lamb Rogan Josh was the star of the meal. Will definitely order again!,5,2026-02-22T21:53:37.930309
REV-001182,ORD-20260218-927027,CUST-10111,REST-DEL-002,Poor experience. Lamb Rogan Josh  Garlic Naan  Aloo Tikki Chaat  Fish Curry  and Chicken Seekh Kebab were disappointing. Lamb Rogan Josh was burnt on the edges. Very unhappy.,2,2026-02-22T22:08:22.930309
REV-001240,ORD-20260222-725303,CUST-10072,REST-BLR-001,Not bad  not great. Chicken Tikka Masala  Aloo Tikki Chaat  Rasmalai (2 pcs)  Gajar Halwa  and Paneer Butter Masala were edible. Paneer Butter Masala needed more seasoning.,3,2026-02-23T10:45:31.930309
REV-001185,ORD-20260219-712972,CUST-10781,REST-MUM-001,Unsatisfactory. Paneer Tikka and Fish Curry were not fresh. Fish Curry tasted reheated. Won't order again.,2,2026-02-23T10:57:53.930309
REV-001136,ORD-20260216-579895,CUST-10015,REST-BLR-001,Outstanding experience! The Mango Lassi exceeded all expectations. Mango Lassi was the star of the meal. Will definitely order again!,5,2026-02-23T11:32:44.930309
REV-001173,ORD-20260218-673532,CUST-10615,REST-DEL-001,Perfect in every way! Lamb Rogan Josh  Masala Chai  Kulfi  and Chicken 65 were all excellent. Masala Chai stood out with its rich  authentic taste.,5,2026-02-23T13:02:05.930309
REV-001207,ORD-20260220-777974,CUST-10368,REST-MUM-002,Absolutely amazing Rasmalai (2 pcs)  Samosa (2 pcs)  Chole Bhature  and Gulab Jamun (2 pcs)! The Samosa (2 pcs) was cooked to perfection. Fresh ingredients and authentic flavors. Highly recommend!,5,2026-02-23T13:14:53.930309
REV-001191,ORD-20260219-577147,CUST-10175,REST-MUM-002,Disappointed with Paneer Butter Masala  Fresh Lime Soda  and Fish Curry. Paneer Butter Masala was cold when it arrived. Not worth the money.,2,2026-02-23T15:01:26.930309
REV-001222,ORD-20260221-453844,CUST-10163,REST-MUM-002,Average experience. Butter Chicken  Masala Chai  Sweet Lassi  and Chicken Seekh Kebab were fine but Masala Chai was a bit bland. Room for improvement.,3,2026-02-23T15:54:07.930309
REV-001248,ORD-20260222-664062,CUST-10455,REST-MUM-001,Good quality food. Dal Makhani  Fish Curry  Naan  and Paneer Butter Masala were nicely done. Paneer Butter Masala could have been slightly spicier but still good!,4,2026-02-23T16:11:28.930309
REV-001192,ORD-20260219-868324,CUST-10054,REST-DEL-001,It was okay. Butter Chicken and Butter Naan arrived lukewarm. Butter Naan tasted fine but could be better.,3,2026-02-23T16:20:44.930309
REV-001144,ORD-20260216-756987,CUST-10555,REST-MUM-001,Mediocre. Dal Makhani  Gulab Jamun (2 pcs)  and Chole Bhature were fine but forgettable. Chole Bhature didn't stand out.,3,2026-02-23T16:47:04.930309
REV-001145,ORD-20260216-162173,CUST-10612,REST-DEL-002,Terrible experience! Gajar Halwa  Fresh Lime Soda  and Chicken Seekh Kebab were all inedible. Fresh Lime Soda was completely burnt. Waste of money!,1,2026-02-23T17:19:59.930309
REV-001249,ORD-20260222-895744,CUST-10869,REST-DEL-002,Perfect in every way! Rasmalai (2 pcs) and Chicken 65 were all excellent. Chicken 65 stood out with its rich  authentic taste.,5,2026-02-23T17:35:10.930309
REV-001225,ORD-20260221-712910,CUST-10245,REST-DEL-002,Perfect in every way! Chole Bhature  Chicken Tikka Masala  Butter Chicken  and Tandoori Roti were all excellent. Tandoori Roti stood out with its rich  authentic taste.,5,2026-02-23T17:39:29.930309
REV-001251,ORD-20260222-965065,CUST-10847,REST-BLR-001,Absolutely amazing Mango Lassi  Fish Curry  Aloo Tikki Chaat  Masala Chai  and Paneer Tikka! The Mango Lassi was cooked to perfection. Fresh ingredients and authentic flavors. Highly recommend!,5,2026-02-23T18:37:12.930309
REV-001146,ORD-20260216-651475,CUST-10900,REST-MUM-002,Great food overall. Chicken 65  Sweet Lassi  Masala Chai  and Samosa (2 pcs) were tasty  especially the Sweet Lassi. Would order again!,4,2026-02-23T19:42:55.930309
REV-001199,ORD-20260219-367323,CUST-10360,REST-BLR-001,Shocking! Fish Curry  Chicken Biryani  Malai Kofta  Butter Chicken  and Fresh Lime Soda bore no resemblance to the menu description. Chicken Biryani was inedible. Refund demanded!,1,2026-02-23T19:53:35.930309
REV-001256,ORD-20260222-556863,CUST-10278,REST-MUM-002,Enjoyed the Tandoori Roti  Gulab Jamun (2 pcs)  Naan  and Sweet Lassi! Tandoori Roti was very good. Portion sizes were generous. Recommend!,4,2026-02-23T20:13:56.930309
REV-001234,ORD-20260221-857202,CUST-10662,REST-MUM-001,Very satisfied! Butter Naan  Mango Lassi  and Butter Chicken were fresh and flavorful. Mango Lassi was the standout dish.,4,2026-02-23T20:43:35.930309
REV-001259,ORD-20260222-816389,CUST-10570,REST-MUM-001,Hands down the best Mango Lassi I've ever had! Gulab Jamun (2 pcs)  Chicken Biryani  Chicken Seekh Kebab  Mango Lassi  and Naan were all prepared beautifully. Fresh and flavorful!,5,2026-02-23T20:55:13.930309
REV-001236,ORD-20260221-905248,CUST-10583,REST-BLR-001,Not good. Lamb Rogan Josh  Samosa (2 pcs)  Tandoori Roti  Naan  and Sweet Lassi arrived late and cold. Naan had barely any flavor. Poor quality.,2,2026-02-23T21:00:55.930309
REV-001165,ORD-20260217-725524,CUST-10370,REST-MUM-002,Great food overall. Paneer Butter Masala  Kulfi  Gulab Jamun (2 pcs)  and Chicken Tikka Masala were tasty  especially the Paneer Butter Masala. Would order again!,4,2026-02-23T21:11:09.930309
REV-001261,ORD-20260223-608499,CUST-10983,REST-MUM-001,Perfect in every way! Gulab Jamun (2 pcs)  Chicken Seekh Kebab  Dal Makhani  Chicken Biryani  and Lamb Rogan Josh were all excellent. Chicken Seekh Kebab stood out with its rich  authentic taste.,5,2026-02-24T10:01:57.930309
REV-001242,ORD-20260222-124903,CUST-10186,REST-DEL-001,Good quality food. Chicken 65 and Dal Makhani were nicely done. Chicken 65 could have been slightly spicier but still good!,4,2026-02-24T10:57:57.930309
REV-001204,ORD-20260220-228023,CUST-10743,REST-MUM-002,Absolutely amazing Paneer Butter Masala  Paneer Tikka  and Gulab Jamun (2 pcs)! The Gulab Jamun (2 pcs) was cooked to perfection. Fresh ingredients and authentic flavors. Highly recommend!,5,2026-02-24T11:08:37.930309
REV-001186,ORD-20260219-392351,CUST-10886,REST-DEL-001,Good quality food. Fish Curry were nicely done. Fish Curry could have been slightly spicier but still good!,4,2026-02-24T11:26:33.930309
REV-001158,ORD-20260217-539144,CUST-10745,REST-MUM-002,Hands down the best Jeera Rice I've ever had! Jeera Rice  Tandoori Roti  and Fresh Lime Soda were all prepared beautifully. Fresh and flavorful!,5,2026-02-24T14:30:07.930309
REV-001221,ORD-20260221-555986,CUST-10650,REST-BLR-001,Shocking! Paneer Tikka  Sweet Lassi  Vegetable Biryani  and Fresh Lime Soda bore no resemblance to the menu description. Sweet Lassi was inedible. Refund demanded!,1,2026-02-24T15:02:45.930309
REV-001250,ORD-20260222-965675,CUST-10115,REST-DEL-002,Best Indian food in UAE! Gulab Jamun (2 pcs)  Aloo Tikki Chaat  and Gajar Halwa were incredible. Gajar Halwa had the perfect balance of spices. Five stars!,5,2026-02-24T18:24:09.930309
REV-001229,ORD-20260221-752472,CUST-10346,REST-MUM-002,Mediocre. Naan  Palak Paneer  Kulfi  and Chicken Tikka Masala were fine but forgettable. Palak Paneer didn't stand out.,3,2026-02-24T18:37:52.930309
REV-001211,ORD-20260220-916332,CUST-10175,REST-DEL-002,Absolutely amazing Kulfi  Mango Lassi  Chicken Seekh Kebab  Chicken Tikka Masala  and Jeera Rice! The Mango Lassi was cooked to perfection. Fresh ingredients and authentic flavors. Highly recommend!,5,2026-02-24T18:52:18.930309
REV-001230,ORD-20260221-919269,CUST-10431,REST-MUM-002,Solid experience. Gulab Jamun (2 pcs) and Chicken Biryani were well-prepared. Chicken Biryani had great flavor. Minor issues with packaging.,4,2026-02-24T19:05:57.930309
REV-001213,ORD-20260220-903704,CUST-10975,REST-MUM-001,Below expectations. Paneer Butter Masala and Aloo Tikki Chaat were underwhelming. Paneer Butter Masala was overcooked and dry.,2,2026-02-24T20:17:38.930309
REV-001215,ORD-20260220-262522,CUST-10984,REST-DEL-001,Unsatisfactory. Chicken Tikka Masala were not fresh. Chicken Tikka Masala tasted reheated. Won't order again.,2,2026-02-24T21:30:08.930309
REV-001237,ORD-20260221-114007,CUST-10343,REST-MUM-002,Poor experience. Chole Bhature  Fish Curry  Samosa (2 pcs)  Kulfi  and Garlic Naan were disappointing. Garlic Naan was burnt on the edges. Very unhappy.,2,2026-02-24T21:41:46.930309
REV-001201,ORD-20260219-498344,CUST-10920,REST-MUM-002,Absolutely amazing Gajar Halwa and Butter Chicken! The Gajar Halwa was cooked to perfection. Fresh ingredients and authentic flavors. Highly recommend!,5,2026-02-24T21:44:49.930309
REV-001239,ORD-20260221-774843,CUST-10490,REST-MUM-002,Hands down the best Gajar Halwa I've ever had! Butter Naan  Gajar Halwa  and Chicken Seekh Kebab were all prepared beautifully. Fresh and flavorful!,5,2026-02-24T22:32:50.930309
REV-001184,ORD-20260219-418012,CUST-10710,REST-MUM-001,Absolutely amazing Lamb Rogan Josh  Chicken Seekh Kebab  Chicken Tikka Masala  and Aloo Tikki Chaat! The Aloo Tikki Chaat was cooked to perfection. Fresh ingredients and authentic flavors. Highly recommend!,5,2026-02-25T10:06:18.930309
REV-001218,ORD-20260221-408334,CUST-10146,REST-BLR-001,Really good Paneer Tikka and Gajar Halwa! The Gajar Halwa was delicious. Slight delay in delivery but food quality made up for it.,4,2026-02-25T12:11:36.930309
REV-001189,ORD-20260219-755951,CUST-10373,REST-DEL-001,Very satisfied! Naan  Jeera Rice  Chicken Seekh Kebab  and Chole Bhature were fresh and flavorful. Chicken Seekh Kebab was the standout dish.,4,2026-02-25T13:31:21.930309
REV-001220,ORD-20260221-377452,CUST-10302,REST-MUM-001,Best Indian food in UAE! Tandoori Roti and Dal Makhani were incredible. Tandoori Roti had the perfect balance of spices. Five stars!,5,2026-02-25T13:35:16.930309
REV-001228,ORD-20260221-211206,CUST-10864,REST-DEL-002,Really good Butter Chicken and Garlic Naan! The Butter Chicken was delicious. Slight delay in delivery but food quality made up for it.,4,2026-02-25T18:17:01.930309
REV-001178,ORD-20260218-315805,CUST-10411,REST-DEL-002,Not bad  not great. Aloo Tikki Chaat  Chicken 65  and Chole Bhature were edible. Aloo Tikki Chaat needed more seasoning.,3,2026-02-25T18:46:55.930309
REV-001255,ORD-20260222-165194,CUST-10965,REST-MUM-001,Wow! Just wow! Chicken Seekh Kebab were all fantastic. Chicken Seekh Kebab was particularly memorable. Can't wait to order again!,5,2026-02-25T19:16:54.930309
REV-001214,ORD-20260220-830328,CUST-10777,REST-MUM-002,Solid experience. Rasmalai (2 pcs)  Paneer Butter Masala  Garlic Naan  and Dal Makhani were well-prepared. Garlic Naan had great flavor. Minor issues with packaging.,4,2026-02-25T20:19:07.930309
REV-001180,ORD-20260218-383542,CUST-10288,REST-BLR-001,Good quality food. Chicken Tikka Masala were nicely done. Chicken Tikka Masala could have been slightly spicier but still good!,4,2026-02-25T20:32:47.930309
REV-001238,ORD-20260221-524595,CUST-10597,REST-DEL-002,Perfect in every way! Garlic Naan  Aloo Tikki Chaat  and Gajar Halwa were all excellent. Garlic Naan stood out with its rich  authentic taste.,5,2026-02-25T21:44:17.930309
REV-001287,ORD-20260224-501183,CUST-10348,REST-MUM-002,Absolutely amazing Chicken Tikka Masala  Rasmalai (2 pcs)  and Palak Paneer! The Chicken Tikka Masala was cooked to perfection. Fresh ingredients and authentic flavors. Highly recommend!,5,2026-02-25T22:04:23.930309
REV-001202,ORD-20260219-509834,CUST-10146,REST-BLR-001,Poor experience. Aloo Tikki Chaat and Chicken 65 were disappointing. Aloo Tikki Chaat was burnt on the edges. Very unhappy.,2,2026-02-25T22:53:41.930309
REV-001265,ORD-20260223-189780,CUST-10305,REST-BLR-001,Mixed feelings. Tandoori Roti were acceptable. Tandoori Roti was decent but portion was small for the price.,3,2026-02-26T12:36:17.930309
REV-001187,ORD-20260219-661431,CUST-10809,REST-DEL-001,Absolutely horrible! Butter Chicken  Naan  Sweet Lassi  Mango Lassi  and Kulfi arrived ice cold after 2 hour delay. Naan was spoiled. Disgusting!,1,2026-02-26T12:50:06.930309
REV-001292,ORD-20260225-781316,CUST-10157,REST-DEL-001,Absolutely amazing Butter Naan  Fresh Lime Soda  Mango Lassi  Garlic Naan  and Naan! The Naan was cooked to perfection. Fresh ingredients and authentic flavors. Highly recommend!,5,2026-02-26T13:00:54.930309
REV-001246,ORD-20260222-926527,CUST-10958,REST-DEL-001,Solid experience. Fish Curry  Palak Paneer  Samosa (2 pcs)  Naan  and Chicken Tikka Masala were well-prepared. Naan had great flavor. Minor issues with packaging.,4,2026-02-26T14:06:16.930309
REV-001296,ORD-20260225-827918,CUST-10619,REST-MUM-002,Mediocre. Sweet Lassi were fine but forgettable. Sweet Lassi didn't stand out.,3,2026-02-26T14:11:49.930309
REV-001209,ORD-20260220-832937,CUST-10779,REST-BLR-001,Not good. Chole Bhature  Chicken 65  and Chicken Seekh Kebab arrived late and cold. Chicken 65 had barely any flavor. Poor quality.,2,2026-02-26T15:07:24.930309
REV-001300,ORD-20260225-984493,CUST-10697,REST-DEL-001,Pleasant meal! Sweet Lassi  Chicken Biryani  Kulfi  and Masala Chai arrived warm. Kulfi was tasty though not exceptional. Would order again.,4,2026-02-26T16:00:51.930309
REV-001223,ORD-20260221-817494,CUST-10180,REST-BLR-001,Enjoyed the Mango Lassi and Gajar Halwa! Gajar Halwa was very good. Portion sizes were generous. Recommend!,4,2026-02-26T16:04:56.930309
REV-001267,ORD-20260223-536693,CUST-10499,REST-MUM-002,Wow! Just wow! Chicken Seekh Kebab  Dal Makhani  Gulab Jamun (2 pcs)  Sweet Lassi  and Fish Curry were all fantastic. Dal Makhani was particularly memorable. Can't wait to order again!,5,2026-02-26T16:45:25.930309
REV-001269,ORD-20260223-420849,CUST-10004,REST-BLR-001,Wow! Just wow! Chicken Tikka Masala  Tandoori Roti  Malai Kofta  and Fresh Lime Soda were all fantastic. Fresh Lime Soda was particularly memorable. Can't wait to order again!,5,2026-02-26T18:41:12.930309
REV-001253,ORD-20260222-281791,CUST-10815,REST-DEL-001,Hands down the best Chole Bhature I've ever had! Palak Paneer  Chole Bhature  and Naan were all prepared beautifully. Fresh and flavorful!,5,2026-02-26T18:55:20.930309
REV-001198,ORD-20260219-883344,CUST-10267,REST-MUM-002,Solid experience. Fish Curry  Chicken 65  Chicken Tikka Masala  Chicken Seekh Kebab  and Chicken Biryani were well-prepared. Chicken Biryani had great flavor. Minor issues with packaging.,4,2026-02-26T19:17:10.930309
REV-001233,ORD-20260221-727483,CUST-10553,REST-DEL-002,Expected better. Fresh Lime Soda were subpar. Fresh Lime Soda was too oily and greasy. Stomach upset followed.,2,2026-02-26T20:32:06.930309
REV-001235,ORD-20260221-906297,CUST-10310,REST-MUM-001,Absolutely amazing Chole Bhature! The Chole Bhature was cooked to perfection. Fresh ingredients and authentic flavors. Highly recommend!,5,2026-02-26T20:54:38.930309
REV-001286,ORD-20260224-927600,CUST-10234,REST-MUM-002,Incredible meal! Naan  Vegetable Biryani  Gulab Jamun (2 pcs)  and Palak Paneer arrived hot and fresh. The Palak Paneer was absolutely divine. Highly satisfied!,5,2026-02-26T21:49:52.930309
REV-001271,ORD-20260223-482782,CUST-10995,REST-DEL-002,Exceptional quality! Ordered Aloo Tikki Chaat  Paneer Butter Masala  and Sweet Lassi and everything was delicious. The Aloo Tikki Chaat melted in my mouth. Perfect!,5,2026-02-26T22:03:03.930309
REV-001289,ORD-20260224-896358,CUST-10081,REST-MUM-002,Enjoyed the Malai Kofta and Chicken Tikka Masala! Chicken Tikka Masala was very good. Portion sizes were generous. Recommend!,4,2026-02-26T22:41:02.930309
REV-001290,ORD-20260225-172104,CUST-10799,REST-DEL-001,Pleasant meal! Tandoori Roti  Lamb Rogan Josh  Sweet Lassi  and Kulfi arrived warm. Lamb Rogan Josh was tasty though not exceptional. Would order again.,4,2026-02-27T10:10:45.930309
REV-001203,ORD-20260220-220783,CUST-10412,REST-MUM-002,Terrible experience! Palak Paneer and Mango Lassi were all inedible. Mango Lassi was completely burnt. Waste of money!,1,2026-02-27T10:21:41.930309
REV-001244,ORD-20260222-975773,CUST-10678,REST-MUM-002,Absolutely amazing Lamb Rogan Josh  Masala Chai  and Paneer Tikka! The Masala Chai was cooked to perfection. Fresh ingredients and authentic flavors. Highly recommend!,5,2026-02-27T11:32:30.930309
REV-001275,ORD-20260224-602141,CUST-10153,REST-MUM-001,Absolutely amazing Gulab Jamun (2 pcs)! The Gulab Jamun (2 pcs) was cooked to perfection. Fresh ingredients and authentic flavors. Highly recommend!,5,2026-02-27T12:04:12.930309
REV-001264,ORD-20260223-925121,CUST-10922,REST-MUM-002,Decent food but nothing special. Chicken Biryani  Butter Naan  Lamb Rogan Josh  Butter Chicken  and Paneer Tikka were okay. Paneer Tikka lacked the punch I expected.,3,2026-02-27T12:29:19.930309
REV-001266,ORD-20260223-682026,CUST-10972,REST-DEL-002,Absolutely amazing Paneer Tikka  Dal Makhani  Sweet Lassi  and Paneer Butter Masala! The Dal Makhani was cooked to perfection. Fresh ingredients and authentic flavors. Highly recommend!,5,2026-02-27T12:41:04.930309
REV-001245,ORD-20260222-273361,CUST-10424,REST-DEL-001,Perfect in every way! Butter Chicken and Palak Paneer were all excellent. Butter Chicken stood out with its rich  authentic taste.,5,2026-02-27T12:56:43.930309
REV-001297,ORD-20260225-106502,CUST-10697,REST-MUM-001,Hands down the best Paneer Butter Masala I've ever had! Paneer Butter Masala  Butter Naan  Mango Lassi  and Gulab Jamun (2 pcs) were all prepared beautifully. Fresh and flavorful!,5,2026-02-27T14:41:33.930309
REV-001224,ORD-20260221-994163,CUST-10989,REST-MUM-001,Pleasant meal! Mango Lassi and Sweet Lassi arrived warm. Sweet Lassi was tasty though not exceptional. Would order again.,4,2026-02-27T16:26:27.930309
REV-001226,ORD-20260221-576928,CUST-10467,REST-DEL-002,Hands down the best Samosa (2 pcs) I've ever had! Samosa (2 pcs)  Paneer Tikka  Rasmalai (2 pcs)  and Kulfi were all prepared beautifully. Fresh and flavorful!,5,2026-02-27T17:59:53.930309
REV-001301,ORD-20260225-750470,CUST-10403,REST-MUM-002,Enjoyed the Malai Kofta  Fresh Lime Soda  and Butter Naan! Malai Kofta was very good. Portion sizes were generous. Recommend!,4,2026-02-27T18:24:29.930309
REV-001313,ORD-20260226-543474,CUST-10148,REST-DEL-002,Good quality food. Chicken Seekh Kebab  Butter Naan  Gajar Halwa  Gulab Jamun (2 pcs)  and Lamb Rogan Josh were nicely done. Butter Naan could have been slightly spicier but still good!,4,2026-02-27T18:49:34.930309
REV-001212,ORD-20260220-281556,CUST-10454,REST-MUM-002,Best Indian food in UAE! Samosa (2 pcs)  Fish Curry  and Chicken Seekh Kebab were incredible. Fish Curry had the perfect balance of spices. Five stars!,5,2026-02-27T18:54:53.930309
REV-001254,ORD-20260222-458224,CUST-10626,REST-BLR-001,Not good. Dal Makhani arrived late and cold. Dal Makhani had barely any flavor. Poor quality.,2,2026-02-27T19:09:13.930309
REV-001231,ORD-20260221-953574,CUST-10238,REST-BLR-001,Outstanding experience! The Gulab Jamun (2 pcs) and Rasmalai (2 pcs) exceeded all expectations. Rasmalai (2 pcs) was the star of the meal. Will definitely order again!,5,2026-02-27T20:27:35.930309
REV-001232,ORD-20260221-431685,CUST-10429,REST-MUM-002,Disappointed with Vegetable Biryani  Mango Lassi  Fresh Lime Soda  Lamb Rogan Josh  and Garlic Naan. Garlic Naan was cold when it arrived. Not worth the money.,2,2026-02-27T20:29:23.930309
REV-001258,ORD-20260222-120917,CUST-10837,REST-BLR-001,Very satisfied! Chole Bhature  Naan  and Dal Makhani were fresh and flavorful. Chole Bhature was the standout dish.,4,2026-02-27T20:52:25.930309
REV-001217,ORD-20260220-585798,CUST-10013,REST-MUM-001,Wow! Just wow! Butter Naan and Palak Paneer were all fantastic. Butter Naan was particularly memorable. Can't wait to order again!,5,2026-02-27T22:13:46.930309
REV-001288,ORD-20260224-381059,CUST-10483,REST-MUM-002,Best Indian food in UAE! Chicken Tikka Masala  Chole Bhature  and Gajar Halwa were incredible. Chicken Tikka Masala had the perfect balance of spices. Five stars!,5,2026-02-27T22:19:29.930309
REV-001262,ORD-20260223-884620,CUST-10463,REST-DEL-002,Incredible meal! Fish Curry  Fresh Lime Soda  Sweet Lassi  Naan  and Lamb Rogan Josh arrived hot and fresh. The Sweet Lassi was absolutely divine. Highly satisfied!,5,2026-02-28T10:50:22.930309
REV-001241,ORD-20260222-671917,CUST-10555,REST-MUM-002,Decent food but nothing special. Chicken Seekh Kebab were okay. Chicken Seekh Kebab lacked the punch I expected.,3,2026-02-28T10:55:05.930309
REV-001291,ORD-20260225-913379,CUST-10946,REST-BLR-001,Mixed feelings. Fresh Lime Soda  Chicken Tikka Masala  and Masala Chai were acceptable. Chicken Tikka Masala was decent but portion was small for the price.,3,2026-02-28T11:06:48.930309
REV-001243,ORD-20260222-509060,CUST-10874,REST-DEL-002,Exceptional quality! Ordered Malai Kofta  Butter Naan  and Lamb Rogan Josh and everything was delicious. The Lamb Rogan Josh melted in my mouth. Perfect!,5,2026-02-28T11:08:44.930309
REV-001319,ORD-20260227-313248,CUST-10150,REST-DEL-001,Best Indian food in UAE! Paneer Butter Masala  Jeera Rice  Lamb Rogan Josh  Tandoori Roti  and Chicken Biryani were incredible. Jeera Rice had the perfect balance of spices. Five stars!,5,2026-02-28T11:11:19.930309
REV-001320,ORD-20260227-640142,CUST-10222,REST-MUM-001,Best Indian food in UAE! Chicken Tikka Masala and Chole Bhature were incredible. Chicken Tikka Masala had the perfect balance of spices. Five stars!,5,2026-02-28T11:13:56.930309
REV-001322,ORD-20260227-721870,CUST-10609,REST-DEL-001,Not good. Kulfi and Paneer Butter Masala arrived late and cold. Paneer Butter Masala had barely any flavor. Poor quality.,2,2026-02-28T11:54:08.930309
REV-001277,ORD-20260224-400676,CUST-10326,REST-DEL-002,Incredible meal! Palak Paneer  Chicken Tikka Masala  Gulab Jamun (2 pcs)  and Fish Curry arrived hot and fresh. The Chicken Tikka Masala was absolutely divine. Highly satisfied!,5,2026-02-28T12:24:16.930309
REV-001298,ORD-20260225-578567,CUST-10815,REST-DEL-002,Best Indian food in UAE! Naan  Gajar Halwa  and Palak Paneer were incredible. Gajar Halwa had the perfect balance of spices. Five stars!,5,2026-02-28T14:54:41.930309
REV-001281,ORD-20260224-144621,CUST-10259,REST-DEL-002,Expected better. Masala Chai  Fresh Lime Soda  Palak Paneer  Naan  and Aloo Tikki Chaat were subpar. Masala Chai was too oily and greasy. Stomach upset followed.,2,2026-02-28T15:55:32.930309
REV-001312,ORD-20260226-834763,CUST-10451,REST-MUM-001,Outstanding experience! The Fish Curry  Dal Makhani  and Lamb Rogan Josh exceeded all expectations. Fish Curry was the star of the meal. Will definitely order again!,5,2026-02-28T17:03:18.930309
REV-001326,ORD-20260227-631987,CUST-10544,REST-MUM-002,Best Indian food in UAE! Chicken Biryani were incredible. Chicken Biryani had the perfect balance of spices. Five stars!,5,2026-02-28T17:48:15.930309
REV-001227,ORD-20260221-670763,CUST-10989,REST-MUM-001,Very satisfied! Gajar Halwa were fresh and flavorful. Gajar Halwa was the standout dish.,4,2026-02-28T18:12:55.930309
REV-001268,ORD-20260223-221060,CUST-10759,REST-MUM-001,Absolutely amazing Chicken Biryani  Sweet Lassi  and Naan! The Chicken Biryani was cooked to perfection. Fresh ingredients and authentic flavors. Highly recommend!,5,2026-02-28T18:28:22.930309
REV-001252,ORD-20260222-625407,CUST-10090,REST-DEL-001,Pleasant meal! Chole Bhature and Chicken 65 arrived warm. Chicken 65 was tasty though not exceptional. Would order again.,4,2026-02-28T18:48:39.930309
REV-001327,ORD-20260227-262297,CUST-10485,REST-MUM-001,Absolutely amazing Gajar Halwa  Butter Chicken  Chicken Seekh Kebab  and Gulab Jamun (2 pcs)! The Chicken Seekh Kebab was cooked to perfection. Fresh ingredients and authentic flavors. Highly recommend!,5,2026-02-28T18:53:07.930309
REV-001314,ORD-20260226-844844,CUST-10062,REST-BLR-001,Very satisfied! Lamb Rogan Josh  Chole Bhature  Samosa (2 pcs)  and Masala Chai were fresh and flavorful. Samosa (2 pcs) was the standout dish.,4,2026-02-28T19:45:15.930309
REV-001315,ORD-20260226-146589,CUST-10323,REST-MUM-001,Absolutely amazing Naan and Chicken Seekh Kebab! The Chicken Seekh Kebab was cooked to perfection. Fresh ingredients and authentic flavors. Highly recommend!,5,2026-02-28T20:27:59.930309
REV-001284,ORD-20260224-275889,CUST-10074,REST-DEL-002,Outstanding experience! The Malai Kofta exceeded all expectations. Malai Kofta was the star of the meal. Will definitely order again!,5,2026-02-28T21:33:50.930309
REV-001305,ORD-20260225-259246,CUST-10340,REST-BLR-001,Wow! Just wow! Tandoori Roti and Jeera Rice were all fantastic. Tandoori Roti was particularly memorable. Can't wait to order again!,5,2026-02-28T22:36:49.930309
REV-001306,ORD-20260226-199551,CUST-10267,REST-MUM-002,Perfect in every way! Lamb Rogan Josh  Naan  and Gajar Halwa were all excellent. Gajar Halwa stood out with its rich  authentic taste.,5,2026-03-01T11:02:51.930309
REV-001325,ORD-20260227-321815,CUST-10718,REST-DEL-001,Very satisfied! Sweet Lassi  Butter Naan  Butter Chicken  and Mango Lassi were fresh and flavorful. Butter Chicken was the standout dish.,4,2026-03-01T12:00:55.930309
REV-001276,ORD-20260224-513541,CUST-10050,REST-MUM-001,Appalling quality! Chicken Biryani  Vegetable Biryani  Fresh Lime Soda  Fish Curry  and Paneer Tikka were swimming in oil. Vegetable Biryani was raw inside. Health hazard!,1,2026-03-01T12:07:13.930309
REV-001263,ORD-20260223-560954,CUST-10205,REST-DEL-001,Absolutely horrible! Samosa (2 pcs) and Mango Lassi arrived ice cold after 2 hour delay. Samosa (2 pcs) was spoiled. Disgusting!,1,2026-03-01T12:09:35.930309
REV-001278,ORD-20260224-567677,CUST-10669,REST-MUM-002,Exceptional quality! Ordered Gajar Halwa and Fresh Lime Soda and everything was delicious. The Fresh Lime Soda melted in my mouth. Perfect!,5,2026-03-01T13:27:07.930309
REV-001247,ORD-20260222-746717,CUST-10054,REST-BLR-001,Wow! Just wow! Malai Kofta  Samosa (2 pcs)  Naan  and Gulab Jamun (2 pcs) were all fantastic. Samosa (2 pcs) was particularly memorable. Can't wait to order again!,5,2026-03-01T14:35:47.930309
REV-001310,ORD-20260226-367717,CUST-10521,REST-MUM-002,Wow! Just wow! Chicken Seekh Kebab and Samosa (2 pcs) were all fantastic. Chicken Seekh Kebab was particularly memorable. Can't wait to order again!,5,2026-03-01T14:36:49.930309
REV-001311,ORD-20260226-653061,CUST-10176,REST-MUM-001,Shocking! Malai Kofta  Sweet Lassi  Tandoori Roti  and Fish Curry bore no resemblance to the menu description. Malai Kofta was inedible. Refund demanded!,1,2026-03-01T15:52:33.930309
REV-001282,ORD-20260224-293399,CUST-10163,REST-DEL-001,Good quality food. Chicken Tikka Masala  Mango Lassi  Masala Chai  Lamb Rogan Josh  and Butter Naan were nicely done. Mango Lassi could have been slightly spicier but still good!,4,2026-03-01T16:42:33.930309
REV-001283,ORD-20260224-653336,CUST-10123,REST-BLR-001,Wow! Just wow! Masala Chai  Dal Makhani  Butter Chicken  and Palak Paneer were all fantastic. Palak Paneer was particularly memorable. Can't wait to order again!,5,2026-03-01T17:16:35.930309
REV-001257,ORD-20260222-837227,CUST-10084,REST-MUM-002,Great food overall. Mango Lassi  Masala Chai  and Fish Curry were tasty  especially the Fish Curry. Would order again!,4,2026-03-01T20:16:24.930309
REV-001342,ORD-20260228-127321,CUST-10316,REST-DEL-002,Perfect in every way! Samosa (2 pcs)  Fresh Lime Soda  and Chicken Biryani were all excellent. Chicken Biryani stood out with its rich  authentic taste.,5,2026-03-01T20:22:58.930309
REV-001270,ORD-20260223-508029,CUST-10318,REST-MUM-001,Mixed feelings. Palak Paneer were acceptable. Palak Paneer was decent but portion was small for the price.,3,2026-03-01T21:27:28.930309
REV-001260,ORD-20260222-545362,CUST-10730,REST-DEL-002,Unsatisfactory. Vegetable Biryani and Chicken Tikka Masala were not fresh. Vegetable Biryani tasted reheated. Won't order again.,2,2026-03-01T22:16:44.930309
REV-001273,ORD-20260224-932349,CUST-10344,REST-MUM-002,Great food overall. Butter Naan  Garlic Naan  Palak Paneer  Gajar Halwa  and Gulab Jamun (2 pcs) were tasty  especially the Butter Naan. Would order again!,4,2026-03-02T10:53:39.930309
REV-001274,ORD-20260224-895015,CUST-10989,REST-DEL-001,Mediocre. Malai Kofta  Chicken Biryani  Fish Curry  Butter Naan  and Butter Chicken were fine but forgettable. Butter Chicken didn't stand out.,3,2026-03-02T11:19:39.930309
REV-001332,ORD-20260228-814734,CUST-10346,REST-DEL-001,Exceptional quality! Ordered Fresh Lime Soda  Rasmalai (2 pcs)  Vegetable Biryani  and Gajar Halwa and everything was delicious. The Gajar Halwa melted in my mouth. Perfect!,5,2026-03-02T11:26:32.930309
REV-001294,ORD-20260225-332596,CUST-10796,REST-DEL-002,Perfect in every way! Naan were all excellent. Naan stood out with its rich  authentic taste.,5,2026-03-02T13:16:11.930309
REV-001279,ORD-20260224-887756,CUST-10960,REST-DEL-001,Outstanding experience! The Vegetable Biryani  Paneer Tikka  Lamb Rogan Josh  Samosa (2 pcs)  and Sweet Lassi exceeded all expectations. Paneer Tikka was the star of the meal. Will definitely order again!,5,2026-03-02T13:42:22.930309
REV-001295,ORD-20260225-139995,CUST-10067,REST-DEL-002,It was okay. Chicken Biryani arrived lukewarm. Chicken Biryani tasted fine but could be better.,3,2026-03-02T13:46:23.930309
REV-001335,ORD-20260228-474473,CUST-10366,REST-DEL-001,Expected better. Fish Curry and Paneer Butter Masala were subpar. Paneer Butter Masala was too oily and greasy. Stomach upset followed.,2,2026-03-02T14:18:49.930309
REV-001340,ORD-20260228-735175,CUST-10878,REST-MUM-002,Very satisfied! Chole Bhature  Chicken Biryani  and Fresh Lime Soda were fresh and flavorful. Fresh Lime Soda was the standout dish.,4,2026-03-02T20:14:51.930309
REV-001316,ORD-20260226-693914,CUST-10388,REST-DEL-001,Wow! Just wow! Masala Chai and Rasmalai (2 pcs) were all fantastic. Masala Chai was particularly memorable. Can't wait to order again!,5,2026-03-02T21:36:43.930309
REV-001318,ORD-20260226-833741,CUST-10878,REST-DEL-002,Enjoyed the Paneer Butter Masala and Rasmalai (2 pcs)! Rasmalai (2 pcs) was very good. Portion sizes were generous. Recommend!,4,2026-03-02T21:55:29.930309
REV-001272,ORD-20260224-672661,CUST-10758,REST-DEL-001,Mediocre. Aloo Tikki Chaat  Butter Chicken  Chicken 65  Rasmalai (2 pcs)  and Fresh Lime Soda were fine but forgettable. Butter Chicken didn't stand out.,3,2026-03-03T10:01:59.930309
REV-001307,ORD-20260226-267938,CUST-10706,REST-MUM-001,Perfect in every way! Malai Kofta  Gajar Halwa  Dal Makhani  and Chicken Biryani were all excellent. Dal Makhani stood out with its rich  authentic taste.,5,2026-03-03T11:42:18.930309
REV-001357,ORD-20260302-466354,CUST-10408,REST-MUM-001,Really good Masala Chai! The Masala Chai was delicious. Slight delay in delivery but food quality made up for it.,4,2026-03-03T11:46:21.930309
REV-001323,ORD-20260227-211943,CUST-10273,REST-MUM-001,Best Indian food in UAE! Paneer Tikka and Lamb Rogan Josh were incredible. Lamb Rogan Josh had the perfect balance of spices. Five stars!,5,2026-03-03T11:56:28.930309
REV-001333,ORD-20260228-609505,CUST-10780,REST-MUM-001,Average experience. Gajar Halwa and Chicken Biryani were fine but Gajar Halwa was a bit bland. Room for improvement.,3,2026-03-03T12:08:50.930309
REV-001293,ORD-20260225-554131,CUST-10889,REST-MUM-002,Really good Chicken Biryani  Fish Curry  and Dal Makhani! The Chicken Biryani was delicious. Slight delay in delivery but food quality made up for it.,4,2026-03-03T13:04:38.930309
REV-001346,ORD-20260301-187823,CUST-10009,REST-DEL-001,Enjoyed the Kulfi  Butter Chicken  Dal Makhani  and Mango Lassi! Dal Makhani was very good. Portion sizes were generous. Recommend!,4,2026-03-03T15:11:51.930309
REV-001280,ORD-20260224-859403,CUST-10739,REST-MUM-002,Poor experience. Gajar Halwa were disappointing. Gajar Halwa was burnt on the edges. Very unhappy.,2,2026-03-03T15:38:21.930309
REV-001348,ORD-20260301-338416,CUST-10366,REST-DEL-002,Exceptional quality! Ordered Masala Chai  Butter Naan  Chicken Biryani  Paneer Tikka  and Garlic Naan and everything was delicious. The Butter Naan melted in my mouth. Perfect!,5,2026-03-03T16:10:18.930309
REV-001338,ORD-20260228-857312,CUST-10640,REST-MUM-002,Perfect in every way! Chicken Tikka Masala  Masala Chai  Lamb Rogan Josh  Rasmalai (2 pcs)  and Chicken 65 were all excellent. Chicken 65 stood out with its rich  authentic taste.,5,2026-03-03T17:05:44.930309
REV-001351,ORD-20260301-593239,CUST-10741,REST-DEL-002,Mediocre. Lamb Rogan Josh  Chole Bhature  Gulab Jamun (2 pcs)  Aloo Tikki Chaat  and Garlic Naan were fine but forgettable. Lamb Rogan Josh didn't stand out.,3,2026-03-03T17:08:17.930309
REV-001339,ORD-20260228-671549,CUST-10049,REST-DEL-002,Disappointed with Mango Lassi  Garlic Naan  Paneer Tikka  and Rasmalai (2 pcs). Mango Lassi was cold when it arrived. Not worth the money.,2,2026-03-03T18:11:55.930309
REV-001302,ORD-20260225-931746,CUST-10208,REST-MUM-001,Expected better. Chicken 65 and Jeera Rice were subpar. Chicken 65 was too oily and greasy. Stomach upset followed.,2,2026-03-03T19:49:53.930309
REV-001343,ORD-20260228-151722,CUST-10654,REST-BLR-001,Pleasant meal! Paneer Butter Masala arrived warm. Paneer Butter Masala was tasty though not exceptional. Would order again.,4,2026-03-03T20:23:52.930309
REV-001285,ORD-20260224-242806,CUST-10353,REST-BLR-001,Perfect in every way! Jeera Rice  Lamb Rogan Josh  Dal Makhani  and Palak Paneer were all excellent. Palak Paneer stood out with its rich  authentic taste.,5,2026-03-03T21:38:38.930309
REV-001344,ORD-20260301-474040,CUST-10688,REST-DEL-002,Perfect in every way! Garlic Naan  Sweet Lassi  Gajar Halwa  and Fish Curry were all excellent. Fish Curry stood out with its rich  authentic taste.,5,2026-03-04T10:05:14.930309
REV-001372,ORD-20260303-569386,CUST-10078,REST-DEL-001,Absolutely amazing Chole Bhature and Malai Kofta! The Malai Kofta was cooked to perfection. Fresh ingredients and authentic flavors. Highly recommend!,5,2026-03-04T10:48:03.930309
REV-001308,ORD-20260226-213904,CUST-10391,REST-MUM-002,Absolutely amazing Chicken Seekh Kebab  Malai Kofta  and Mango Lassi! The Malai Kofta was cooked to perfection. Fresh ingredients and authentic flavors. Highly recommend!,5,2026-03-04T12:24:43.930309
REV-001309,ORD-20260226-765135,CUST-10694,REST-DEL-002,Mediocre. Kulfi and Chole Bhature were fine but forgettable. Kulfi didn't stand out.,3,2026-03-04T13:20:14.930309
REV-001299,ORD-20260225-462814,CUST-10969,REST-MUM-002,Exceptional quality! Ordered Jeera Rice and Sweet Lassi and everything was delicious. The Jeera Rice melted in my mouth. Perfect!,5,2026-03-04T15:07:54.930309
REV-001352,ORD-20260301-344839,CUST-10498,REST-BLR-001,Mixed feelings. Chicken Seekh Kebab  Chicken Tikka Masala  Malai Kofta  and Naan were acceptable. Chicken Seekh Kebab was decent but portion was small for the price.,3,2026-03-04T17:31:05.930309
REV-001385,ORD-20260303-492700,CUST-10223,REST-DEL-001,Incredible meal! Rasmalai (2 pcs) arrived hot and fresh. The Rasmalai (2 pcs) was absolutely divine. Highly satisfied!,5,2026-03-04T18:41:00.930309
REV-001303,ORD-20260225-829208,CUST-10119,REST-DEL-001,Hands down the best Chicken Biryani I've ever had! Chicken Tikka Masala and Chicken Biryani were all prepared beautifully. Fresh and flavorful!,5,2026-03-04T19:54:44.930309
REV-001341,ORD-20260228-761372,CUST-10621,REST-MUM-001,Exceptional quality! Ordered Vegetable Biryani and everything was delicious. The Vegetable Biryani melted in my mouth. Perfect!,5,2026-03-04T20:18:32.930309
REV-001388,ORD-20260303-546462,CUST-10706,REST-BLR-001,Good quality food. Vegetable Biryani  Samosa (2 pcs)  and Tandoori Roti were nicely done. Tandoori Roti could have been slightly spicier but still good!,4,2026-03-04T20:19:19.930309
REV-001367,ORD-20260302-668883,CUST-10595,REST-MUM-001,Disappointed with Rasmalai (2 pcs)  Chicken Tikka Masala  Dal Makhani  Chicken Seekh Kebab  and Chicken Biryani. Chicken Biryani was cold when it arrived. Not worth the money.,2,2026-03-04T20:30:55.930309
REV-001304,ORD-20260225-431196,CUST-10800,REST-BLR-001,Absolutely amazing Chicken 65! The Chicken 65 was cooked to perfection. Fresh ingredients and authentic flavors. Highly recommend!,5,2026-03-04T21:10:58.930309
REV-001389,ORD-20260303-602522,CUST-10657,REST-MUM-001,Very satisfied! Chicken 65 and Garlic Naan were fresh and flavorful. Chicken 65 was the standout dish.,4,2026-03-04T21:12:25.930309
REV-001390,ORD-20260303-736873,CUST-10442,REST-DEL-001,Wow! Just wow! Fish Curry were all fantastic. Fish Curry was particularly memorable. Can't wait to order again!,5,2026-03-04T21:59:40.930309
REV-001392,ORD-20260303-802602,CUST-10054,REST-DEL-002,Solid experience. Chicken Seekh Kebab and Palak Paneer were well-prepared. Chicken Seekh Kebab had great flavor. Minor issues with packaging.,4,2026-03-04T22:16:49.930309
REV-001355,ORD-20260301-358064,CUST-10360,REST-BLR-001,Hands down the best Fish Curry I've ever had! Fish Curry  Dal Makhani  Sweet Lassi  and Masala Chai were all prepared beautifully. Fresh and flavorful!,5,2026-03-04T22:44:52.930309
REV-001321,ORD-20260227-744101,CUST-10493,REST-MUM-002,Wow! Just wow! Chole Bhature and Butter Chicken were all fantastic. Butter Chicken was particularly memorable. Can't wait to order again!,5,2026-03-05T11:23:05.930309
REV-001345,ORD-20260301-586077,CUST-10903,REST-BLR-001,Great food overall. Paneer Butter Masala were tasty  especially the Paneer Butter Masala. Would order again!,4,2026-03-05T11:26:31.930309
REV-001360,ORD-20260302-597075,CUST-10622,REST-DEL-001,Average experience. Jeera Rice were fine but Jeera Rice was a bit bland. Room for improvement.,3,2026-03-05T12:57:17.930309
REV-001378,ORD-20260303-428342,CUST-10018,REST-MUM-002,Expected better. Masala Chai  Tandoori Roti  Dal Makhani  Aloo Tikki Chaat  and Palak Paneer were subpar. Tandoori Roti was too oily and greasy. Stomach upset followed.,2,2026-03-05T13:44:37.930309
REV-001379,ORD-20260303-354196,CUST-10716,REST-MUM-001,Absolutely amazing Butter Naan  Garlic Naan  and Rasmalai (2 pcs)! The Rasmalai (2 pcs) was cooked to perfection. Fresh ingredients and authentic flavors. Highly recommend!,5,2026-03-05T13:47:16.930309
REV-001380,ORD-20260303-786110,CUST-10906,REST-BLR-001,Enjoyed the Tandoori Roti and Rasmalai (2 pcs)! Tandoori Roti was very good. Portion sizes were generous. Recommend!,4,2026-03-05T14:53:34.930309
REV-001397,ORD-20260304-517971,CUST-10377,REST-MUM-001,Great food overall. Rasmalai (2 pcs)  Garlic Naan  Kulfi  Vegetable Biryani  and Gulab Jamun (2 pcs) were tasty  especially the Garlic Naan. Would order again!,4,2026-03-05T15:59:40.930309
REV-001382,ORD-20260303-710629,CUST-10246,REST-MUM-002,Good quality food. Garlic Naan  Paneer Butter Masala  and Fish Curry were nicely done. Paneer Butter Masala could have been slightly spicier but still good!,4,2026-03-05T16:15:38.930309
REV-001399,ORD-20260304-211397,CUST-10398,REST-DEL-001,Disappointed with Dal Makhani  Fresh Lime Soda  and Garlic Naan. Dal Makhani was cold when it arrived. Not worth the money.,2,2026-03-05T16:18:26.930309
REV-001350,ORD-20260301-918877,CUST-10710,REST-MUM-002,Perfect in every way! Chicken Biryani  Gajar Halwa  Samosa (2 pcs)  and Paneer Butter Masala were all excellent. Chicken Biryani stood out with its rich  authentic taste.,5,2026-03-05T16:59:32.930309
REV-001368,ORD-20260302-680715,CUST-10659,REST-BLR-001,Outstanding experience! The Paneer Butter Masala and Gajar Halwa exceeded all expectations. Gajar Halwa was the star of the meal. Will definitely order again!,5,2026-03-05T20:53:34.930309
REV-001328,ORD-20260227-269663,CUST-10003,REST-BLR-001,Good quality food. Mango Lassi  Gulab Jamun (2 pcs)  Butter Chicken  Chicken Tikka Masala  and Tandoori Roti were nicely done. Chicken Tikka Masala could have been slightly spicier but still good!,4,2026-03-05T20:54:59.930309
REV-001317,ORD-20260226-610765,CUST-10179,REST-DEL-001,Below expectations. Aloo Tikki Chaat  Jeera Rice  Chicken Biryani  Gajar Halwa  and Palak Paneer were underwhelming. Aloo Tikki Chaat was overcooked and dry.,2,2026-03-05T21:44:22.930309
REV-001354,ORD-20260301-218383,CUST-10687,REST-DEL-002,Exceptional quality! Ordered Aloo Tikki Chaat  Tandoori Roti  Butter Naan  Gulab Jamun (2 pcs)  and Butter Chicken and everything was delicious. The Butter Chicken melted in my mouth. Perfect!,5,2026-03-05T22:27:58.930309
REV-001374,ORD-20260303-196240,CUST-10312,REST-BLR-001,Hands down the best Butter Naan I've ever had! Chicken Seekh Kebab  Fish Curry  Butter Chicken  Butter Naan  and Aloo Tikki Chaat were all prepared beautifully. Fresh and flavorful!,5,2026-03-06T11:14:17.930309
REV-001324,ORD-20260227-819448,CUST-10399,REST-DEL-002,Disappointed with Chicken Biryani  Paneer Tikka  Palak Paneer  Gajar Halwa  and Aloo Tikki Chaat. Paneer Tikka was cold when it arrived. Not worth the money.,2,2026-03-06T12:00:39.930309
REV-001358,ORD-20260302-374070,CUST-10544,REST-DEL-001,Solid experience. Rasmalai (2 pcs)  Garlic Naan  Butter Chicken  and Chicken Seekh Kebab were well-prepared. Garlic Naan had great flavor. Minor issues with packaging.,4,2026-03-06T12:36:10.930309
REV-001376,ORD-20260303-420568,CUST-10824,REST-BLR-001,Mediocre. Chicken Seekh Kebab  Naan  Samosa (2 pcs)  and Masala Chai were fine but forgettable. Masala Chai didn't stand out.,3,2026-03-06T12:50:16.930309
REV-001419,ORD-20260305-286711,CUST-10649,REST-DEL-002,Exceptional quality! Ordered Lamb Rogan Josh and everything was delicious. The Lamb Rogan Josh melted in my mouth. Perfect!,5,2026-03-06T12:50:50.930309
REV-001361,ORD-20260302-692410,CUST-10810,REST-BLR-001,Incredible meal! Butter Naan  Dal Makhani  Garlic Naan  and Lamb Rogan Josh arrived hot and fresh. The Butter Naan was absolutely divine. Highly satisfied!,5,2026-03-06T13:41:54.930309
REV-001336,ORD-20260228-979123,CUST-10102,REST-MUM-001,Wow! Just wow! Dal Makhani and Paneer Butter Masala were all fantastic. Dal Makhani was particularly memorable. Can't wait to order again!,5,2026-03-06T14:37:29.930309
REV-001403,ORD-20260304-998020,CUST-10033,REST-BLR-001,Exceptional quality! Ordered Tandoori Roti  Chicken Biryani  Mango Lassi  Chole Bhature  and Paneer Butter Masala and everything was delicious. The Mango Lassi melted in my mouth. Perfect!,5,2026-03-06T17:43:51.930309
REV-001405,ORD-20260304-410143,CUST-10758,REST-BLR-001,Very satisfied! Dal Makhani and Jeera Rice were fresh and flavorful. Jeera Rice was the standout dish.,4,2026-03-06T18:40:45.930309
REV-001407,ORD-20260304-791508,CUST-10257,REST-MUM-002,Wow! Just wow! Gajar Halwa  Rasmalai (2 pcs)  Naan  Sweet Lassi  and Jeera Rice were all fantastic. Jeera Rice was particularly memorable. Can't wait to order again!,5,2026-03-06T19:17:57.930309
REV-001408,ORD-20260304-135823,CUST-10934,REST-DEL-002,Great food overall. Paneer Butter Masala were tasty  especially the Paneer Butter Masala. Would order again!,4,2026-03-06T19:47:42.930309
REV-001329,ORD-20260227-962536,CUST-10393,REST-DEL-002,Absolutely amazing Butter Chicken  Garlic Naan  Aloo Tikki Chaat  Malai Kofta  and Tandoori Roti! The Aloo Tikki Chaat was cooked to perfection. Fresh ingredients and authentic flavors. Highly recommend!,5,2026-03-06T21:12:33.930309
REV-001412,ORD-20260304-214810,CUST-10715,REST-DEL-001,Not bad  not great. Kulfi  Chicken Seekh Kebab  and Paneer Butter Masala were edible. Paneer Butter Masala needed more seasoning.,3,2026-03-06T21:59:43.930309
REV-001414,ORD-20260304-681449,CUST-10086,REST-MUM-002,Poor experience. Butter Chicken  Butter Naan  Vegetable Biryani  Mango Lassi  and Rasmalai (2 pcs) were disappointing. Butter Chicken was burnt on the edges. Very unhappy.,2,2026-03-06T22:45:50.930309
REV-001371,ORD-20260303-736112,CUST-10135,REST-MUM-001,Good quality food. Masala Chai  Gulab Jamun (2 pcs)  Gajar Halwa  Palak Paneer  and Rasmalai (2 pcs) were nicely done. Masala Chai could have been slightly spicier but still good!,4,2026-03-07T10:10:35.930309
REV-001330,ORD-20260228-538652,CUST-10899,REST-BLR-001,Exceptional quality! Ordered Palak Paneer and Chole Bhature and everything was delicious. The Palak Paneer melted in my mouth. Perfect!,5,2026-03-07T10:45:00.930309
REV-001331,ORD-20260228-380220,CUST-10730,REST-DEL-002,Best Indian food in UAE! Fish Curry  Kulfi  Malai Kofta  Palak Paneer  and Gulab Jamun (2 pcs) were incredible. Kulfi had the perfect balance of spices. Five stars!,5,2026-03-07T11:12:00.930309
REV-001334,ORD-20260228-611599,CUST-10338,REST-MUM-002,Hands down the best Gajar Halwa I've ever had! Dal Makhani  Garlic Naan  Butter Naan  and Gajar Halwa were all prepared beautifully. Fresh and flavorful!,5,2026-03-07T12:29:49.930309
REV-001421,ORD-20260305-357393,CUST-10311,REST-BLR-001,Outstanding experience! The Chicken Biryani  Gajar Halwa  Chicken 65  and Chicken Tikka Masala exceeded all expectations. Chicken 65 was the star of the meal. Will definitely order again!,5,2026-03-07T13:21:37.930309
REV-001337,ORD-20260228-491137,CUST-10153,REST-BLR-001,Hands down the best Aloo Tikki Chaat I've ever had! Masala Chai  Chicken 65  and Aloo Tikki Chaat were all prepared beautifully. Fresh and flavorful!,5,2026-03-07T15:11:10.930309
REV-001401,ORD-20260304-953180,CUST-10463,REST-MUM-001,Unsatisfactory. Gajar Halwa and Fish Curry were not fresh. Gajar Halwa tasted reheated. Won't order again.,2,2026-03-07T17:01:46.930309
REV-001364,ORD-20260302-375179,CUST-10148,REST-MUM-001,Unsatisfactory. Chicken Biryani  Lamb Rogan Josh  Chole Bhature  Sweet Lassi  and Paneer Butter Masala were not fresh. Paneer Butter Masala tasted reheated. Won't order again.,2,2026-03-07T17:54:28.930309
REV-001384,ORD-20260303-290539,CUST-10008,REST-MUM-002,Best Indian food in UAE! Samosa (2 pcs) were incredible. Samosa (2 pcs) had the perfect balance of spices. Five stars!,5,2026-03-07T17:58:16.930309
REV-001353,ORD-20260301-565343,CUST-10869,REST-DEL-002,Mixed feelings. Aloo Tikki Chaat  Dal Makhani  and Tandoori Roti were acceptable. Tandoori Roti was decent but portion was small for the price.,3,2026-03-07T18:40:18.930309
REV-001369,ORD-20260302-364062,CUST-10538,REST-DEL-001,Outstanding experience! The Kulfi  Fish Curry  and Paneer Tikka exceeded all expectations. Kulfi was the star of the meal. Will definitely order again!,5,2026-03-07T21:11:04.930309
REV-001429,ORD-20260305-637718,CUST-10565,REST-DEL-002,Pleasant meal! Fresh Lime Soda  Samosa (2 pcs)  Aloo Tikki Chaat  and Chicken Biryani arrived warm. Fresh Lime Soda was tasty though not exceptional. Would order again.,4,2026-03-07T21:38:53.930309
REV-001393,ORD-20260303-813271,CUST-10989,REST-MUM-001,Exceptional quality! Ordered Sweet Lassi  Palak Paneer  and Tandoori Roti and everything was delicious. The Palak Paneer melted in my mouth. Perfect!,5,2026-03-07T22:38:24.930309
REV-001394,ORD-20260304-737923,CUST-10665,REST-MUM-002,Really good Tandoori Roti  Chicken 65  and Vegetable Biryani! The Tandoori Roti was delicious. Slight delay in delivery but food quality made up for it.,4,2026-03-08T11:24:01.930309
REV-001435,ORD-20260306-274379,CUST-10927,REST-BLR-001,Poor experience. Samosa (2 pcs) were disappointing. Samosa (2 pcs) was burnt on the edges. Very unhappy.,2,2026-03-08T11:49:36.930309
REV-001438,ORD-20260306-615684,CUST-10437,REST-DEL-002,Perfect in every way! Naan  Garlic Naan  Fish Curry  Vegetable Biryani  and Gajar Halwa were all excellent. Gajar Halwa stood out with its rich  authentic taste.,5,2026-03-08T12:25:50.930309
REV-001359,ORD-20260302-385423,CUST-10249,REST-BLR-001,Hands down the best Tandoori Roti I've ever had! Tandoori Roti were all prepared beautifully. Fresh and flavorful!,5,2026-03-08T12:36:27.930309
REV-001420,ORD-20260305-455014,CUST-10223,REST-DEL-002,Outstanding experience! The Aloo Tikki Chaat  Chicken Biryani  Masala Chai  and Palak Paneer exceeded all expectations. Chicken Biryani was the star of the meal. Will definitely order again!,5,2026-03-08T12:59:56.930309
REV-001440,ORD-20260306-306778,CUST-10743,REST-MUM-001,Pleasant meal! Butter Chicken arrived warm. Butter Chicken was tasty though not exceptional. Would order again.,4,2026-03-08T13:28:20.930309
REV-001377,ORD-20260303-567913,CUST-10701,REST-DEL-002,Absolutely amazing Tandoori Roti! The Tandoori Roti was cooked to perfection. Fresh ingredients and authentic flavors. Highly recommend!,5,2026-03-08T13:35:30.930309
REV-001455,ORD-20260307-287204,CUST-10227,REST-MUM-001,Incredible meal! Dal Makhani  Kulfi  Chicken 65  Gajar Halwa  and Jeera Rice arrived hot and fresh. The Dal Makhani was absolutely divine. Highly satisfied!,5,2026-03-08T15:09:13.930309
REV-001347,ORD-20260301-972427,CUST-10923,REST-DEL-002,Appalling quality! Jeera Rice and Fish Curry were swimming in oil. Fish Curry was raw inside. Health hazard!,1,2026-03-08T15:21:16.930309
REV-001398,ORD-20260304-847638,CUST-10456,REST-MUM-002,Absolutely amazing Butter Chicken and Masala Chai! The Masala Chai was cooked to perfection. Fresh ingredients and authentic flavors. Highly recommend!,5,2026-03-08T16:03:41.930309
REV-001442,ORD-20260306-902944,CUST-10518,REST-MUM-002,Wow! Just wow! Tandoori Roti and Chicken Biryani were all fantastic. Chicken Biryani was particularly memorable. Can't wait to order again!,5,2026-03-08T16:39:16.930309
REV-001349,ORD-20260301-562824,CUST-10211,REST-MUM-001,Not bad  not great. Naan  Chole Bhature  and Chicken Tikka Masala were edible. Chole Bhature needed more seasoning.,3,2026-03-08T16:53:02.930309
REV-001365,ORD-20260302-109380,CUST-10287,REST-DEL-002,Outstanding experience! The Malai Kofta  Samosa (2 pcs)  Jeera Rice  Rasmalai (2 pcs)  and Chole Bhature exceeded all expectations. Malai Kofta was the star of the meal. Will definitely order again!,5,2026-03-08T18:36:35.930309
REV-001366,ORD-20260302-264033,CUST-10608,REST-MUM-001,Exceptional quality! Ordered Butter Naan and Paneer Butter Masala and everything was delicious. The Paneer Butter Masala melted in my mouth. Perfect!,5,2026-03-08T19:01:20.930309
REV-001409,ORD-20260304-104104,CUST-10499,REST-BLR-001,Best Indian food in UAE! Dal Makhani and Chicken Tikka Masala were incredible. Chicken Tikka Masala had the perfect balance of spices. Five stars!,5,2026-03-08T20:17:42.930309
REV-001370,ORD-20260302-857643,CUST-10933,REST-DEL-002,Average experience. Rasmalai (2 pcs) were fine but Rasmalai (2 pcs) was a bit bland. Room for improvement.,3,2026-03-08T22:22:37.930309
REV-001449,ORD-20260307-157695,CUST-10686,REST-MUM-002,Exceptional quality! Ordered Paneer Tikka and Samosa (2 pcs) and everything was delicious. The Samosa (2 pcs) melted in my mouth. Perfect!,5,2026-03-09T10:12:28.930309
REV-001356,ORD-20260302-726976,CUST-10652,REST-DEL-001,Wow! Just wow! Tandoori Roti and Butter Naan were all fantastic. Butter Naan was particularly memorable. Can't wait to order again!,5,2026-03-09T11:01:11.930309
REV-001437,ORD-20260306-491949,CUST-10188,REST-DEL-002,Outstanding experience! The Fish Curry exceeded all expectations. Fish Curry was the star of the meal. Will definitely order again!,5,2026-03-09T12:00:42.930309
REV-001452,ORD-20260307-319809,CUST-10256,REST-DEL-002,Absolutely amazing Aloo Tikki Chaat  Chicken Tikka Masala  and Mango Lassi! The Aloo Tikki Chaat was cooked to perfection. Fresh ingredients and authentic flavors. Highly recommend!,5,2026-03-09T12:46:01.930309
REV-001418,ORD-20260305-306730,CUST-10094,REST-DEL-002,Enjoyed the Gulab Jamun (2 pcs)  Dal Makhani  Chicken 65  Paneer Butter Masala  and Malai Kofta! Chicken 65 was very good. Portion sizes were generous. Recommend!,4,2026-03-09T12:48:22.930309
REV-001422,ORD-20260305-515819,CUST-10355,REST-MUM-002,Very satisfied! Masala Chai  Butter Naan  and Sweet Lassi were fresh and flavorful. Masala Chai was the standout dish.,4,2026-03-09T15:22:31.930309
REV-001400,ORD-20260304-546293,CUST-10634,REST-DEL-002,Hands down the best Jeera Rice I've ever had! Jeera Rice were all prepared beautifully. Fresh and flavorful!,5,2026-03-09T16:36:44.930309
REV-001423,ORD-20260305-992212,CUST-10502,REST-DEL-002,Perfect in every way! Rasmalai (2 pcs) and Malai Kofta were all excellent. Malai Kofta stood out with its rich  authentic taste.,5,2026-03-09T16:42:51.930309
REV-001362,ORD-20260302-851951,CUST-10907,REST-DEL-002,Not bad  not great. Kulfi  Malai Kofta  Aloo Tikki Chaat  and Fresh Lime Soda were edible. Kulfi needed more seasoning.,3,2026-03-09T17:32:07.930309
REV-001402,ORD-20260304-346960,CUST-10018,REST-BLR-001,Average experience. Aloo Tikki Chaat  Palak Paneer  and Paneer Tikka were fine but Aloo Tikki Chaat was a bit bland. Room for improvement.,3,2026-03-09T17:41:19.930309
REV-001404,ORD-20260304-270388,CUST-10433,REST-DEL-002,Absolutely amazing Garlic Naan and Mango Lassi! The Mango Lassi was cooked to perfection. Fresh ingredients and authentic flavors. Highly recommend!,5,2026-03-09T17:45:32.930309
REV-001363,ORD-20260302-137627,CUST-10242,REST-DEL-001,It was okay. Chole Bhature arrived lukewarm. Chole Bhature tasted fine but could be better.,3,2026-03-09T17:52:31.930309
REV-001406,ORD-20260304-723702,CUST-10074,REST-DEL-001,It was okay. Mango Lassi and Naan arrived lukewarm. Naan tasted fine but could be better.,3,2026-03-09T19:00:24.930309
REV-001387,ORD-20260303-583491,CUST-10555,REST-MUM-002,Hands down the best Gajar Halwa I've ever had! Palak Paneer  Rasmalai (2 pcs)  Masala Chai  and Gajar Halwa were all prepared beautifully. Fresh and flavorful!,5,2026-03-09T20:19:05.930309
REV-001411,ORD-20260304-430086,CUST-10004,REST-DEL-002,It was okay. Dal Makhani  Kulfi  Rasmalai (2 pcs)  and Chicken Seekh Kebab arrived lukewarm. Chicken Seekh Kebab tasted fine but could be better.,3,2026-03-09T21:37:07.930309
REV-001445,ORD-20260306-190492,CUST-10809,REST-DEL-002,Outstanding experience! The Tandoori Roti and Kulfi exceeded all expectations. Kulfi was the star of the meal. Will definitely order again!,5,2026-03-09T21:41:46.930309
REV-001391,ORD-20260303-353311,CUST-10276,REST-MUM-001,Solid experience. Palak Paneer and Paneer Tikka were well-prepared. Paneer Tikka had great flavor. Minor issues with packaging.,4,2026-03-09T22:01:10.930309
REV-001373,ORD-20260303-348024,CUST-10725,REST-MUM-001,Below expectations. Tandoori Roti and Butter Chicken were underwhelming. Butter Chicken was overcooked and dry.,2,2026-03-10T11:09:17.930309
REV-001375,ORD-20260303-350232,CUST-10189,REST-DEL-002,Hands down the best Gulab Jamun (2 pcs) I've ever had! Chole Bhature  Chicken 65  Gulab Jamun (2 pcs)  Chicken Biryani  and Mango Lassi were all prepared beautifully. Fresh and flavorful!,5,2026-03-10T11:31:37.930309
REV-001395,ORD-20260304-991481,CUST-10722,REST-MUM-001,It was okay. Palak Paneer  Masala Chai  and Gulab Jamun (2 pcs) arrived lukewarm. Palak Paneer tasted fine but could be better.,3,2026-03-10T12:19:17.930309
REV-001468,ORD-20260308-436138,CUST-10638,REST-DEL-001,Good quality food. Tandoori Roti  Samosa (2 pcs)  and Rasmalai (2 pcs) were nicely done. Tandoori Roti could have been slightly spicier but still good!,4,2026-03-10T13:42:39.930309
REV-001396,ORD-20260304-630226,CUST-10182,REST-DEL-002,Below expectations. Rasmalai (2 pcs) were underwhelming. Rasmalai (2 pcs) was overcooked and dry.,2,2026-03-10T13:58:33.930309
REV-001485,ORD-20260309-701064,CUST-10896,REST-DEL-001,Exceptional quality! Ordered Tandoori Roti and everything was delicious. The Tandoori Roti melted in my mouth. Perfect!,5,2026-03-10T14:00:45.930309
REV-001470,ORD-20260308-687743,CUST-10468,REST-DEL-001,Not good. Chicken Biryani and Chole Bhature arrived late and cold. Chicken Biryani had barely any flavor. Poor quality.,2,2026-03-10T14:36:07.930309
REV-001381,ORD-20260303-593361,CUST-10057,REST-MUM-002,Perfect in every way! Fresh Lime Soda  Chicken Tikka Masala  and Kulfi were all excellent. Kulfi stood out with its rich  authentic taste.,5,2026-03-10T15:54:12.930309
REV-001383,ORD-20260303-743754,CUST-10187,REST-MUM-002,Hands down the best Gajar Halwa I've ever had! Gajar Halwa  Lamb Rogan Josh  Aloo Tikki Chaat  and Butter Chicken were all prepared beautifully. Fresh and flavorful!,5,2026-03-10T16:31:18.930309
REV-001424,ORD-20260305-825931,CUST-10573,REST-BLR-001,Perfect in every way! Vegetable Biryani  Malai Kofta  Tandoori Roti  and Chicken Tikka Masala were all excellent. Vegetable Biryani stood out with its rich  authentic taste.,5,2026-03-10T17:27:32.930309
REV-001473,ORD-20260308-293152,CUST-10572,REST-DEL-002,Hands down the best Masala Chai I've ever had! Masala Chai  Mango Lassi  Butter Chicken  and Sweet Lassi were all prepared beautifully. Fresh and flavorful!,5,2026-03-10T17:54:04.930309
REV-001474,ORD-20260308-553587,CUST-10203,REST-MUM-001,Average experience. Vegetable Biryani  Sweet Lassi  Dal Makhani  Chicken Seekh Kebab  and Aloo Tikki Chaat were fine but Vegetable Biryani was a bit bland. Room for improvement.,3,2026-03-10T18:47:19.930309
REV-001458,ORD-20260307-968464,CUST-10731,REST-MUM-001,Very satisfied! Chicken Tikka Masala  Tandoori Roti  and Paneer Tikka were fresh and flavorful. Chicken Tikka Masala was the standout dish.,4,2026-03-10T18:48:46.930309
REV-001386,ORD-20260303-491469,CUST-10025,REST-BLR-001,Great food overall. Naan  Chicken Seekh Kebab  Jeera Rice  Butter Naan  and Dal Makhani were tasty  especially the Chicken Seekh Kebab. Would order again!,4,2026-03-10T18:51:52.930309
REV-001426,ORD-20260305-823806,CUST-10928,REST-DEL-001,Shocking! Fresh Lime Soda  Chole Bhature  Chicken Biryani  Kulfi  and Chicken 65 bore no resemblance to the menu description. Fresh Lime Soda was inedible. Refund demanded!,1,2026-03-10T18:59:56.930309
REV-001410,ORD-20260304-707932,CUST-10020,REST-BLR-001,It was okay. Butter Chicken arrived lukewarm. Butter Chicken tasted fine but could be better.,3,2026-03-10T21:04:53.930309
REV-001413,ORD-20260304-232226,CUST-10815,REST-BLR-001,Mediocre. Vegetable Biryani  Gajar Halwa  Rasmalai (2 pcs)  Aloo Tikki Chaat  and Jeera Rice were fine but forgettable. Vegetable Biryani didn't stand out.,3,2026-03-10T22:35:03.930309
REV-001462,ORD-20260308-460125,CUST-10123,REST-BLR-001,Absolutely amazing Paneer Tikka  Sweet Lassi  Rasmalai (2 pcs)  and Garlic Naan! The Sweet Lassi was cooked to perfection. Fresh ingredients and authentic flavors. Highly recommend!,5,2026-03-11T10:07:57.930309
REV-001491,ORD-20260310-509347,CUST-10824,REST-MUM-001,Average experience. Naan  Vegetable Biryani  Fresh Lime Soda  Butter Naan  and Chole Bhature were fine but Chole Bhature was a bit bland. Room for improvement.,3,2026-03-11T10:10:22.930309
REV-001463,ORD-20260308-161327,CUST-10142,REST-BLR-001,Disappointed with Chicken Tikka Masala  Gajar Halwa  Kulfi  and Mango Lassi. Chicken Tikka Masala was cold when it arrived. Not worth the money.,2,2026-03-11T10:12:55.930309
REV-001465,ORD-20260308-387736,CUST-10780,REST-DEL-001,Incredible meal! Jeera Rice arrived hot and fresh. The Jeera Rice was absolutely divine. Highly satisfied!,5,2026-03-11T10:19:19.930309
REV-001416,ORD-20260305-676835,CUST-10180,REST-MUM-002,Absolutely amazing Chicken Tikka Masala  Chicken Seekh Kebab  Lamb Rogan Josh  Chole Bhature  and Garlic Naan! The Chicken Seekh Kebab was cooked to perfection. Fresh ingredients and authentic flavors. Highly recommend!,5,2026-03-11T11:10:42.930309
REV-001451,ORD-20260307-302034,CUST-10412,REST-DEL-002,Best Indian food in UAE! Gulab Jamun (2 pcs)  Chicken Seekh Kebab  and Dal Makhani were incredible. Dal Makhani had the perfect balance of spices. Five stars!,5,2026-03-11T11:11:58.930309
REV-001493,ORD-20260310-414279,CUST-10924,REST-BLR-001,Enjoyed the Mango Lassi  Paneer Tikka  Fish Curry  Kulfi  and Sweet Lassi! Kulfi was very good. Portion sizes were generous. Recommend!,4,2026-03-11T11:28:00.930309
REV-001467,ORD-20260308-531255,CUST-10038,REST-MUM-001,Not good. Chicken Seekh Kebab  Garlic Naan  Chicken Biryani  Samosa (2 pcs)  and Butter Chicken arrived late and cold. Butter Chicken had barely any flavor. Poor quality.,2,2026-03-11T13:08:39.930309
REV-001496,ORD-20260310-819287,CUST-10530,REST-MUM-002,Perfect in every way! Chicken Biryani were all excellent. Chicken Biryani stood out with its rich  authentic taste.,5,2026-03-11T13:49:29.930309
REV-001453,ORD-20260307-750819,CUST-10008,REST-DEL-001,Incredible meal! Paneer Butter Masala  Butter Naan  Lamb Rogan Josh  and Rasmalai (2 pcs) arrived hot and fresh. The Paneer Butter Masala was absolutely divine. Highly satisfied!,5,2026-03-11T13:58:24.930309
REV-001498,ORD-20260310-932512,CUST-10585,REST-MUM-001,Perfect in every way! Mango Lassi were all excellent. Mango Lassi stood out with its rich  authentic taste.,5,2026-03-11T15:05:55.930309
REV-001443,ORD-20260306-426759,CUST-10083,REST-MUM-001,Enjoyed the Tandoori Roti  Lamb Rogan Josh  Vegetable Biryani  and Chicken Biryani! Lamb Rogan Josh was very good. Portion sizes were generous. Recommend!,4,2026-03-11T16:52:02.930309
REV-001425,ORD-20260305-345251,CUST-10182,REST-DEL-001,Really good Chicken Tikka Masala  Tandoori Roti  Mango Lassi  and Chicken Biryani! The Chicken Tikka Masala was delicious. Slight delay in delivery but food quality made up for it.,4,2026-03-11T17:47:08.930309
REV-001475,ORD-20260308-466548,CUST-10435,REST-MUM-001,Appalling quality! Palak Paneer were swimming in oil. Palak Paneer was raw inside. Health hazard!,1,2026-03-11T18:48:37.930309
REV-001476,ORD-20260308-642235,CUST-10388,REST-MUM-001,Disaster! Malai Kofta and Paneer Tikka were all stale. Paneer Tikka had a weird smell. Completely unacceptable!,1,2026-03-11T18:55:18.930309
REV-001427,ORD-20260305-832528,CUST-10534,REST-MUM-001,Decent food but nothing special. Masala Chai  Paneer Tikka  Gulab Jamun (2 pcs)  Fresh Lime Soda  and Butter Naan were okay. Fresh Lime Soda lacked the punch I expected.,3,2026-03-11T19:11:20.930309
REV-001444,ORD-20260306-681164,CUST-10486,REST-DEL-001,Hands down the best Garlic Naan I've ever had! Garlic Naan  Mango Lassi  Fish Curry  Palak Paneer  and Chicken 65 were all prepared beautifully. Fresh and flavorful!,5,2026-03-11T19:42:35.930309
REV-001459,ORD-20260307-713144,CUST-10744,REST-DEL-002,Perfect in every way! Gulab Jamun (2 pcs)  Naan  and Chicken Biryani were all excellent. Gulab Jamun (2 pcs) stood out with its rich  authentic taste.,5,2026-03-11T19:47:18.930309
REV-001430,ORD-20260305-328030,CUST-10592,REST-DEL-002,Great food overall. Fish Curry  Palak Paneer  Vegetable Biryani  and Jeera Rice were tasty  especially the Fish Curry. Would order again!,4,2026-03-11T21:40:54.930309
REV-001432,ORD-20260306-326046,CUST-10790,REST-DEL-001,Incredible meal! Fresh Lime Soda  Lamb Rogan Josh  Paneer Butter Masala  Malai Kofta  and Tandoori Roti arrived hot and fresh. The Tandoori Roti was absolutely divine. Highly satisfied!,5,2026-03-12T10:20:59.930309
REV-001484,ORD-20260309-180169,CUST-10603,REST-DEL-002,Decent food but nothing special. Fresh Lime Soda  Samosa (2 pcs)  Sweet Lassi  and Gajar Halwa were okay. Samosa (2 pcs) lacked the punch I expected.,3,2026-03-12T11:04:21.930309
REV-001492,ORD-20260310-136452,CUST-10716,REST-MUM-002,Hands down the best Rasmalai (2 pcs) I've ever had! Malai Kofta  Rasmalai (2 pcs)  Jeera Rice  and Palak Paneer were all prepared beautifully. Fresh and flavorful!,5,2026-03-12T11:08:59.930309
REV-001415,ORD-20260305-586378,CUST-10872,REST-MUM-002,Solid experience. Tandoori Roti  Paneer Tikka  Mango Lassi  Kulfi  and Gajar Halwa were well-prepared. Kulfi had great flavor. Minor issues with packaging.,4,2026-03-12T11:09:35.930309
REV-001508,ORD-20260311-680816,CUST-10227,REST-MUM-001,Absolutely amazing Tandoori Roti  Chicken Seekh Kebab  Paneer Tikka  and Chicken Biryani! The Paneer Tikka was cooked to perfection. Fresh ingredients and authentic flavors. Highly recommend!,5,2026-03-12T11:21:02.930309
REV-001434,ORD-20260306-649581,CUST-10411,REST-MUM-002,Pleasant meal! Gajar Halwa  Mango Lassi  Vegetable Biryani  Butter Naan  and Chicken Biryani arrived warm. Gajar Halwa was tasty though not exceptional. Would order again.,4,2026-03-12T11:49:32.930309
REV-001436,ORD-20260306-541528,CUST-10576,REST-MUM-002,Outstanding experience! The Gajar Halwa  Rasmalai (2 pcs)  and Malai Kofta exceeded all expectations. Rasmalai (2 pcs) was the star of the meal. Will definitely order again!,5,2026-03-12T11:59:40.930309
REV-001509,ORD-20260311-548972,CUST-10919,REST-MUM-002,Pleasant meal! Lamb Rogan Josh  Palak Paneer  Butter Naan  Vegetable Biryani  and Butter Chicken arrived warm. Palak Paneer was tasty though not exceptional. Would order again.,4,2026-03-12T12:20:13.930309
REV-001417,ORD-20260305-918857,CUST-10948,REST-DEL-002,Absolutely amazing Malai Kofta  Chicken 65  Dal Makhani  and Aloo Tikki Chaat! The Chicken 65 was cooked to perfection. Fresh ingredients and authentic flavors. Highly recommend!,5,2026-03-12T12:41:48.930309
REV-001439,ORD-20260306-696659,CUST-10602,REST-MUM-002,Best Indian food in UAE! Masala Chai  Fresh Lime Soda  and Malai Kofta were incredible. Masala Chai had the perfect balance of spices. Five stars!,5,2026-03-12T13:14:29.930309
REV-001469,ORD-20260308-965196,CUST-10510,REST-BLR-001,Exceptional quality! Ordered Fish Curry and everything was delicious. The Fish Curry melted in my mouth. Perfect!,5,2026-03-12T14:01:21.930309
REV-001471,ORD-20260308-688253,CUST-10593,REST-BLR-001,Exceptional quality! Ordered Tandoori Roti and everything was delicious. The Tandoori Roti melted in my mouth. Perfect!,5,2026-03-12T16:08:03.930309
REV-001441,ORD-20260306-685166,CUST-10310,REST-MUM-002,Solid experience. Chicken Biryani  Paneer Tikka  Palak Paneer  Garlic Naan  and Lamb Rogan Josh were well-prepared. Palak Paneer had great flavor. Minor issues with packaging.,4,2026-03-12T16:29:34.930309
REV-001457,ORD-20260307-666593,CUST-10319,REST-DEL-002,Hands down the best Garlic Naan I've ever had! Paneer Butter Masala  Kulfi  Paneer Tikka  and Garlic Naan were all prepared beautifully. Fresh and flavorful!,5,2026-03-12T16:31:33.930309
REV-001516,ORD-20260311-656582,CUST-10255,REST-MUM-002,Unsatisfactory. Jeera Rice  Chicken 65  and Chicken Biryani were not fresh. Chicken 65 tasted reheated. Won't order again.,2,2026-03-12T17:44:27.930309
REV-001478,ORD-20260308-795807,CUST-10653,REST-DEL-001,Hands down the best Paneer Butter Masala I've ever had! Mango Lassi  Samosa (2 pcs)  Butter Chicken  and Paneer Butter Masala were all prepared beautifully. Fresh and flavorful!,5,2026-03-12T19:41:51.930309
REV-001428,ORD-20260305-732965,CUST-10111,REST-MUM-002,Wow! Just wow! Chicken Biryani  Malai Kofta  and Naan were all fantastic. Chicken Biryani was particularly memorable. Can't wait to order again!,5,2026-03-12T19:46:50.930309
REV-001499,ORD-20260310-380647,CUST-10983,REST-DEL-002,Pleasant meal! Gajar Halwa and Chicken Tikka Masala arrived warm. Gajar Halwa was tasty though not exceptional. Would order again.,4,2026-03-12T20:02:22.930309
REV-001502,ORD-20260310-206782,CUST-10722,REST-DEL-001,Best Indian food in UAE! Chicken Tikka Masala and Tandoori Roti were incredible. Tandoori Roti had the perfect balance of spices. Five stars!,5,2026-03-12T21:24:15.930309
REV-001447,ORD-20260306-974623,CUST-10643,REST-MUM-002,Exceptional quality! Ordered Chicken Tikka Masala  Palak Paneer  Aloo Tikki Chaat  and Kulfi and everything was delicious. The Aloo Tikki Chaat melted in my mouth. Perfect!,5,2026-03-12T22:09:42.930309
REV-001490,ORD-20260309-749930,CUST-10906,REST-BLR-001,Outstanding experience! The Tandoori Roti and Masala Chai exceeded all expectations. Masala Chai was the star of the meal. Will definitely order again!,5,2026-03-12T22:12:03.930309
REV-001448,ORD-20260306-163129,CUST-10466,REST-DEL-002,Really good Butter Naan  Jeera Rice  and Garlic Naan! The Butter Naan was delicious. Slight delay in delivery but food quality made up for it.,4,2026-03-12T22:32:54.930309
REV-001506,ORD-20260310-360666,CUST-10052,REST-DEL-001,Incredible meal! Chicken Biryani  Chole Bhature  Chicken Tikka Masala  Palak Paneer  and Lamb Rogan Josh arrived hot and fresh. The Chicken Biryani was absolutely divine. Highly satisfied!,5,2026-03-12T22:46:33.930309
REV-001431,ORD-20260306-606019,CUST-10242,REST-DEL-002,Wow! Just wow! Butter Chicken and Paneer Tikka were all fantastic. Paneer Tikka was particularly memorable. Can't wait to order again!,5,2026-03-13T10:12:33.930309
REV-001450,ORD-20260307-282943,CUST-10491,REST-DEL-001,It was okay. Fresh Lime Soda  Jeera Rice  and Butter Chicken arrived lukewarm. Fresh Lime Soda tasted fine but could be better.,3,2026-03-13T10:14:10.930309
REV-001464,ORD-20260308-264458,CUST-10500,REST-BLR-001,Great food overall. Fish Curry  Chicken Biryani  and Mango Lassi were tasty  especially the Fish Curry. Would order again!,4,2026-03-13T10:18:27.930309
REV-001433,ORD-20260306-756164,CUST-10835,REST-MUM-002,Incredible meal! Aloo Tikki Chaat  Vegetable Biryani  Samosa (2 pcs)  Butter Naan  and Chicken Seekh Kebab arrived hot and fresh. The Butter Naan was absolutely divine. Highly satisfied!,5,2026-03-13T10:31:55.930309
REV-001523,ORD-20260312-366755,CUST-10707,REST-MUM-001,Outstanding experience! The Sweet Lassi  Rasmalai (2 pcs)  Aloo Tikki Chaat  Kulfi  and Vegetable Biryani exceeded all expectations. Aloo Tikki Chaat was the star of the meal. Will definitely order again!,5,2026-03-13T10:44:58.930309
REV-001495,ORD-20260310-560758,CUST-10351,REST-BLR-001,Great food overall. Lamb Rogan Josh  Paneer Tikka  Samosa (2 pcs)  and Naan were tasty  especially the Lamb Rogan Josh. Would order again!,4,2026-03-13T12:49:32.930309
REV-001510,ORD-20260311-486593,CUST-10050,REST-DEL-001,Decent food but nothing special. Chole Bhature and Naan were okay. Chole Bhature lacked the punch I expected.,3,2026-03-13T14:03:00.930309
REV-001513,ORD-20260311-140846,CUST-10950,REST-DEL-002,Perfect in every way! Chicken Tikka Masala  Rasmalai (2 pcs)  and Vegetable Biryani were all excellent. Rasmalai (2 pcs) stood out with its rich  authentic taste.,5,2026-03-13T14:55:55.930309
REV-001497,ORD-20260310-618351,CUST-10865,REST-BLR-001,Pleasant meal! Garlic Naan  Chicken Seekh Kebab  Naan  and Gulab Jamun (2 pcs) arrived warm. Chicken Seekh Kebab was tasty though not exceptional. Would order again.,4,2026-03-13T14:56:55.930309
REV-001487,ORD-20260309-769728,CUST-10919,REST-MUM-001,Mixed feelings. Garlic Naan  Chicken 65  and Lamb Rogan Josh were acceptable. Chicken 65 was decent but portion was small for the price.,3,2026-03-13T16:01:33.930309
REV-001472,ORD-20260308-126804,CUST-10628,REST-MUM-002,Pleasant meal! Chicken Biryani  Vegetable Biryani  Fish Curry  Masala Chai  and Kulfi arrived warm. Vegetable Biryani was tasty though not exceptional. Would order again.,4,2026-03-13T16:14:08.930309
REV-001519,ORD-20260311-656253,CUST-10198,REST-MUM-001,Decent food but nothing special. Rasmalai (2 pcs) and Mango Lassi were okay. Mango Lassi lacked the punch I expected.,3,2026-03-13T19:33:42.930309
REV-001520,ORD-20260311-341906,CUST-10538,REST-DEL-002,Exceptional quality! Ordered Chicken Seekh Kebab  Kulfi  Rasmalai (2 pcs)  and Fish Curry and everything was delicious. The Kulfi melted in my mouth. Perfect!,5,2026-03-13T21:06:50.930309
REV-001503,ORD-20260310-987934,CUST-10327,REST-DEL-001,Hands down the best Fresh Lime Soda I've ever had! Vegetable Biryani  Fresh Lime Soda  Dal Makhani  and Paneer Butter Masala were all prepared beautifully. Fresh and flavorful!,5,2026-03-13T21:27:08.930309
REV-001504,ORD-20260310-235804,CUST-10967,REST-MUM-001,Average experience. Palak Paneer  Chole Bhature  and Chicken Seekh Kebab were fine but Chole Bhature was a bit bland. Room for improvement.,3,2026-03-13T21:55:05.930309
REV-001460,ORD-20260307-683553,CUST-10279,REST-MUM-002,Enjoyed the Chicken Tikka Masala  Paneer Tikka  Garlic Naan  and Jeera Rice! Garlic Naan was very good. Portion sizes were generous. Recommend!,4,2026-03-13T21:56:23.930309
REV-001446,ORD-20260306-175868,CUST-10982,REST-DEL-002,Absolutely amazing Chicken Tikka Masala  Gajar Halwa  Butter Chicken  Chicken 65  and Chicken Seekh Kebab! The Chicken 65 was cooked to perfection. Fresh ingredients and authentic flavors. Highly recommend!,5,2026-03-13T21:58:14.930309
REV-001521,ORD-20260312-564246,CUST-10576,REST-MUM-001,Disappointed with Samosa (2 pcs). Samosa (2 pcs) was cold when it arrived. Not worth the money.,2,2026-03-14T10:09:20.930309
REV-001507,ORD-20260311-428121,CUST-10803,REST-MUM-002,Not bad  not great. Chicken Biryani and Masala Chai were edible. Masala Chai needed more seasoning.,3,2026-03-14T10:50:39.930309
REV-001530,ORD-20260312-372161,CUST-10626,REST-DEL-001,Mediocre. Chicken Seekh Kebab  Chicken Tikka Masala  Aloo Tikki Chaat  Chole Bhature  and Garlic Naan were fine but forgettable. Garlic Naan didn't stand out.,3,2026-03-14T14:10:42.930309
REV-001454,ORD-20260307-174754,CUST-10429,REST-BLR-001,Good quality food. Butter Chicken and Paneer Butter Masala were nicely done. Paneer Butter Masala could have been slightly spicier but still good!,4,2026-03-14T15:06:24.930309
REV-001456,ORD-20260307-640115,CUST-10436,REST-MUM-002,Good quality food. Tandoori Roti  Fish Curry  and Chicken Seekh Kebab were nicely done. Fish Curry could have been slightly spicier but still good!,4,2026-03-14T15:49:21.930309
REV-001533,ORD-20260312-534320,CUST-10137,REST-MUM-002,Wow! Just wow! Rasmalai (2 pcs)  Tandoori Roti  Chicken 65  Vegetable Biryani  and Dal Makhani were all fantastic. Dal Makhani was particularly memorable. Can't wait to order again!,5,2026-03-14T17:31:04.930309
REV-001517,ORD-20260311-704257,CUST-10273,REST-MUM-001,Perfect in every way! Mango Lassi  Aloo Tikki Chaat  Vegetable Biryani  and Dal Makhani were all excellent. Dal Makhani stood out with its rich  authentic taste.,5,2026-03-14T17:56:43.930309
REV-001544,ORD-20260313-444414,CUST-10871,REST-DEL-002,Wow! Just wow! Jeera Rice were all fantastic. Jeera Rice was particularly memorable. Can't wait to order again!,5,2026-03-14T18:03:51.930309
REV-001518,ORD-20260311-847266,CUST-10582,REST-DEL-002,Best Indian food in UAE! Butter Chicken and Chole Bhature were incredible. Chole Bhature had the perfect balance of spices. Five stars!,5,2026-03-14T18:47:04.930309
REV-001477,ORD-20260308-420681,CUST-10607,REST-MUM-001,Good quality food. Naan  Chicken Biryani  Malai Kofta  Chicken Seekh Kebab  and Mango Lassi were nicely done. Naan could have been slightly spicier but still good!,4,2026-03-14T19:06:56.930309
REV-001479,ORD-20260308-785811,CUST-10368,REST-MUM-001,Best Indian food in UAE! Mango Lassi and Aloo Tikki Chaat were incredible. Mango Lassi had the perfect balance of spices. Five stars!,5,2026-03-14T20:21:49.930309
REV-001501,ORD-20260310-226344,CUST-10680,REST-DEL-002,Best Indian food in UAE! Gulab Jamun (2 pcs)  Malai Kofta  and Kulfi were incredible. Kulfi had the perfect balance of spices. Five stars!,5,2026-03-14T20:22:56.930309
REV-001537,ORD-20260312-983113,CUST-10874,REST-DEL-001,Absolutely horrible! Aloo Tikki Chaat arrived ice cold after 2 hour delay. Aloo Tikki Chaat was spoiled. Disgusting!,1,2026-03-14T20:41:44.930309
REV-001480,ORD-20260308-471951,CUST-10759,REST-MUM-002,Outstanding experience! The Paneer Tikka exceeded all expectations. Paneer Tikka was the star of the meal. Will definitely order again!,5,2026-03-14T20:51:27.930309
REV-001482,ORD-20260308-230381,CUST-10803,REST-BLR-001,Mediocre. Lamb Rogan Josh  Chicken Seekh Kebab  and Butter Chicken were fine but forgettable. Chicken Seekh Kebab didn't stand out.,3,2026-03-14T22:32:04.930309
REV-001461,ORD-20260307-419684,CUST-10240,REST-DEL-002,Good quality food. Vegetable Biryani  Gajar Halwa  Chicken Biryani  Chicken 65  and Dal Makhani were nicely done. Dal Makhani could have been slightly spicier but still good!,4,2026-03-14T22:48:49.930309
REV-001525,ORD-20260312-417097,CUST-10382,REST-MUM-002,Enjoyed the Paneer Tikka! Paneer Tikka was very good. Portion sizes were generous. Recommend!,4,2026-03-15T11:01:07.930309
REV-001483,ORD-20260309-803383,CUST-10341,REST-MUM-001,Hands down the best Samosa (2 pcs) I've ever had! Samosa (2 pcs) were all prepared beautifully. Fresh and flavorful!,5,2026-03-15T11:03:00.930309
REV-001539,ORD-20260313-131176,CUST-10360,REST-MUM-002,Disappointed with Tandoori Roti  Palak Paneer  Fish Curry  Rasmalai (2 pcs)  and Jeera Rice. Fish Curry was cold when it arrived. Not worth the money.,2,2026-03-15T11:17:58.930309
REV-001541,ORD-20260313-348866,CUST-10897,REST-DEL-002,Incredible meal! Chicken Tikka Masala  Naan  and Palak Paneer arrived hot and fresh. The Chicken Tikka Masala was absolutely divine. Highly satisfied!,5,2026-03-15T12:00:27.930309
REV-001466,ORD-20260308-236114,CUST-10180,REST-DEL-002,Pleasant meal! Aloo Tikki Chaat  Gulab Jamun (2 pcs)  Gajar Halwa  and Kulfi arrived warm. Kulfi was tasty though not exceptional. Would order again.,4,2026-03-15T12:22:23.930309
REV-001545,ORD-20260313-569715,CUST-10423,REST-DEL-002,Solid experience. Vegetable Biryani and Butter Naan were well-prepared. Vegetable Biryani had great flavor. Minor issues with packaging.,4,2026-03-15T19:21:03.930309
REV-001534,ORD-20260312-911926,CUST-10877,REST-MUM-001,Incredible meal! Chole Bhature  Butter Naan  and Malai Kofta arrived hot and fresh. The Butter Naan was absolutely divine. Highly satisfied!,5,2026-03-15T19:22:58.930309
REV-001481,ORD-20260308-454657,CUST-10564,REST-BLR-001,Mediocre. Aloo Tikki Chaat and Chicken Tikka Masala were fine but forgettable. Chicken Tikka Masala didn't stand out.,3,2026-03-15T21:11:51.930309
REV-001488,ORD-20260309-406556,CUST-10338,REST-DEL-001,Solid experience. Chicken Seekh Kebab were well-prepared. Chicken Seekh Kebab had great flavor. Minor issues with packaging.,4,2026-03-15T22:05:51.930309
REV-001565,ORD-20260314-743523,CUST-10143,REST-BLR-001,Incredible meal! Naan  Mango Lassi  Butter Naan  and Chicken 65 arrived hot and fresh. The Butter Naan was absolutely divine. Highly satisfied!,5,2026-03-15T22:11:02.930309
REV-001505,ORD-20260310-877031,CUST-10333,REST-BLR-001,Great food overall. Jeera Rice were tasty  especially the Jeera Rice. Would order again!,4,2026-03-15T22:32:37.930309
REV-001551,ORD-20260313-780551,CUST-10948,REST-MUM-002,Outstanding experience! The Fish Curry and Lamb Rogan Josh exceeded all expectations. Lamb Rogan Josh was the star of the meal. Will definitely order again!,5,2026-03-15T22:40:22.930309
REV-001494,ORD-20260310-284974,CUST-10120,REST-DEL-002,Good quality food. Aloo Tikki Chaat and Lamb Rogan Josh were nicely done. Lamb Rogan Josh could have been slightly spicier but still good!,4,2026-03-16T11:50:49.930309
REV-001528,ORD-20260312-149175,CUST-10652,REST-BLR-001,Outstanding experience! The Malai Kofta  Fresh Lime Soda  Tandoori Roti  Chole Bhature  and Kulfi exceeded all expectations. Kulfi was the star of the meal. Will definitely order again!,5,2026-03-16T12:48:31.930309
REV-001552,ORD-20260314-579110,CUST-10063,REST-DEL-001,Best Indian food in UAE! Naan  Lamb Rogan Josh  and Jeera Rice were incredible. Naan had the perfect balance of spices. Five stars!,5,2026-03-16T12:53:04.930309
REV-001532,ORD-20260312-732834,CUST-10239,REST-BLR-001,Mediocre. Malai Kofta and Paneer Butter Masala were fine but forgettable. Paneer Butter Masala didn't stand out.,3,2026-03-16T14:40:44.930309
REV-001486,ORD-20260309-906882,CUST-10274,REST-DEL-002,Very satisfied! Dal Makhani  Chicken 65  Gulab Jamun (2 pcs)  and Mango Lassi were fresh and flavorful. Gulab Jamun (2 pcs) was the standout dish.,4,2026-03-16T14:50:28.930309
REV-001576,ORD-20260315-568140,CUST-10293,REST-MUM-002,Appalling quality! Chole Bhature  Dal Makhani  and Aloo Tikki Chaat were swimming in oil. Chole Bhature was raw inside. Health hazard!,1,2026-03-16T16:11:01.930309
REV-001535,ORD-20260312-544483,CUST-10296,REST-DEL-001,Exceptional quality! Ordered Chicken 65  Paneer Tikka  Gulab Jamun (2 pcs)  Mango Lassi  and Naan and everything was delicious. The Gulab Jamun (2 pcs) melted in my mouth. Perfect!,5,2026-03-16T19:26:35.930309
REV-001548,ORD-20260313-629966,CUST-10182,REST-MUM-001,Wow! Just wow! Vegetable Biryani were all fantastic. Vegetable Biryani was particularly memorable. Can't wait to order again!,5,2026-03-16T21:14:42.930309
REV-001550,ORD-20260313-228481,CUST-10039,REST-BLR-001,Appalling quality! Lamb Rogan Josh  Fresh Lime Soda  Palak Paneer  Jeera Rice  and Rasmalai (2 pcs) were swimming in oil. Fresh Lime Soda was raw inside. Health hazard!,1,2026-03-16T21:29:39.930309
REV-001489,ORD-20260309-740877,CUST-10887,REST-MUM-002,Worst food ever! Gulab Jamun (2 pcs)  Paneer Tikka  Samosa (2 pcs)  and Malai Kofta were all wrong. Malai Kofta made me sick. Never ordering again!,1,2026-03-16T22:08:23.930309
REV-001538,ORD-20260313-502841,CUST-10863,REST-MUM-002,Average experience. Garlic Naan were fine but Garlic Naan was a bit bland. Room for improvement.,3,2026-03-17T10:39:27.930309
REV-001524,ORD-20260312-905962,CUST-10897,REST-MUM-002,Outstanding experience! The Mango Lassi  Gajar Halwa  Malai Kofta  Samosa (2 pcs)  and Lamb Rogan Josh exceeded all expectations. Lamb Rogan Josh was the star of the meal. Will definitely order again!,5,2026-03-17T10:54:13.930309
REV-001588,ORD-20260316-780117,CUST-10881,REST-MUM-001,Absolutely amazing Samosa (2 pcs)! The Samosa (2 pcs) was cooked to perfection. Fresh ingredients and authentic flavors. Highly recommend!,5,2026-03-17T11:54:29.930309
REV-001526,ORD-20260312-186304,CUST-10961,REST-DEL-002,Absolutely horrible! Tandoori Roti  Mango Lassi  Samosa (2 pcs)  and Palak Paneer arrived ice cold after 2 hour delay. Samosa (2 pcs) was spoiled. Disgusting!,1,2026-03-17T11:55:55.930309
REV-001511,ORD-20260311-505824,CUST-10431,REST-MUM-001,Not good. Tandoori Roti  Dal Makhani  Chole Bhature  Jeera Rice  and Lamb Rogan Josh arrived late and cold. Tandoori Roti had barely any flavor. Poor quality.,2,2026-03-17T14:11:33.930309
REV-001531,ORD-20260312-940148,CUST-10414,REST-BLR-001,Very satisfied! Vegetable Biryani were fresh and flavorful. Vegetable Biryani was the standout dish.,4,2026-03-17T14:38:16.930309
REV-001556,ORD-20260314-944431,CUST-10129,REST-DEL-002,Good quality food. Chicken Biryani  Paneer Tikka  Butter Chicken  Naan  and Palak Paneer were nicely done. Naan could have been slightly spicier but still good!,4,2026-03-17T14:47:50.930309
REV-001543,ORD-20260313-931025,CUST-10953,REST-DEL-001,Wow! Just wow! Garlic Naan  Naan  and Sweet Lassi were all fantastic. Garlic Naan was particularly memorable. Can't wait to order again!,5,2026-03-17T18:01:07.930309
REV-001578,ORD-20260315-938450,CUST-10047,REST-MUM-002,Great food overall. Lamb Rogan Josh were tasty  especially the Lamb Rogan Josh. Would order again!,4,2026-03-17T19:23:11.930309
REV-001500,ORD-20260310-124450,CUST-10691,REST-DEL-001,Wow! Just wow! Vegetable Biryani were all fantastic. Vegetable Biryani was particularly memorable. Can't wait to order again!,5,2026-03-17T20:11:12.930309
REV-001595,ORD-20260316-925078,CUST-10841,REST-DEL-001,Really good Jeera Rice  Fish Curry  Rasmalai (2 pcs)  Gajar Halwa  and Garlic Naan! The Fish Curry was delicious. Slight delay in delivery but food quality made up for it.,4,2026-03-17T21:28:26.930309
REV-001584,ORD-20260315-203574,CUST-10708,REST-MUM-001,Hands down the best Rasmalai (2 pcs) I've ever had! Fresh Lime Soda  Chole Bhature  Rasmalai (2 pcs)  Lamb Rogan Josh  and Fish Curry were all prepared beautifully. Fresh and flavorful!,5,2026-03-17T22:34:54.930309
REV-001586,ORD-20260316-123588,CUST-10867,REST-BLR-001,Absolutely amazing Dal Makhani and Mango Lassi! The Mango Lassi was cooked to perfection. Fresh ingredients and authentic flavors. Highly recommend!,5,2026-03-18T11:01:03.930309
REV-001540,ORD-20260313-826913,CUST-10414,REST-MUM-002,Wow! Just wow! Paneer Tikka and Fish Curry were all fantastic. Fish Curry was particularly memorable. Can't wait to order again!,5,2026-03-18T11:41:30.930309
REV-001527,ORD-20260312-897843,CUST-10919,REST-DEL-002,Incredible meal! Malai Kofta  Chole Bhature  Tandoori Roti  Mango Lassi  and Paneer Butter Masala arrived hot and fresh. The Paneer Butter Masala was absolutely divine. Highly satisfied!,5,2026-03-18T12:13:57.930309
REV-001591,ORD-20260316-180368,CUST-10404,REST-MUM-002,Absolutely amazing Chicken Tikka Masala! The Chicken Tikka Masala was cooked to perfection. Fresh ingredients and authentic flavors. Highly recommend!,5,2026-03-18T13:18:49.930309
REV-001529,ORD-20260312-347956,CUST-10498,REST-BLR-001,Very satisfied! Naan  Dal Makhani  Sweet Lassi  and Garlic Naan were fresh and flavorful. Sweet Lassi was the standout dish.,4,2026-03-18T14:07:02.930309
REV-001512,ORD-20260311-146846,CUST-10084,REST-MUM-002,Not good. Butter Naan  Paneer Tikka  Chole Bhature  and Fish Curry arrived late and cold. Butter Naan had barely any flavor. Poor quality.,2,2026-03-18T14:44:49.930309
REV-001574,ORD-20260315-334663,CUST-10259,REST-BLR-001,Outstanding experience! The Butter Chicken  Paneer Tikka  Kulfi  Chicken Tikka Masala  and Sweet Lassi exceeded all expectations. Butter Chicken was the star of the meal. Will definitely order again!,5,2026-03-18T15:36:09.930309
REV-001608,ORD-20260317-828137,CUST-10966,REST-MUM-002,Really good Gulab Jamun (2 pcs)! The Gulab Jamun (2 pcs) was delicious. Slight delay in delivery but food quality made up for it.,4,2026-03-18T16:09:20.930309
REV-001514,ORD-20260311-782380,CUST-10905,REST-DEL-001,Mediocre. Gulab Jamun (2 pcs)  Tandoori Roti  Fresh Lime Soda  and Malai Kofta were fine but forgettable. Malai Kofta didn't stand out.,3,2026-03-18T17:00:30.930309
REV-001515,ORD-20260311-435479,CUST-10381,REST-BLR-001,Exceptional quality! Ordered Dal Makhani  Mango Lassi  and Naan and everything was delicious. The Naan melted in my mouth. Perfect!,5,2026-03-18T17:13:23.930309
REV-001577,ORD-20260315-974647,CUST-10684,REST-DEL-002,Enjoyed the Naan and Jeera Rice! Jeera Rice was very good. Portion sizes were generous. Recommend!,4,2026-03-18T17:27:56.930309
REV-001560,ORD-20260314-338436,CUST-10451,REST-MUM-001,Incredible meal! Fresh Lime Soda  Malai Kofta  Lamb Rogan Josh  and Chicken Seekh Kebab arrived hot and fresh. The Malai Kofta was absolutely divine. Highly satisfied!,5,2026-03-18T20:33:52.930309
REV-001562,ORD-20260314-415248,CUST-10509,REST-DEL-001,Mixed feelings. Kulfi and Tandoori Roti were acceptable. Tandoori Roti was decent but portion was small for the price.,3,2026-03-18T21:08:16.930309
REV-001522,ORD-20260312-505530,CUST-10178,REST-DEL-001,Enjoyed the Samosa (2 pcs)  Chicken 65  and Butter Chicken! Samosa (2 pcs) was very good. Portion sizes were generous. Recommend!,4,2026-03-19T10:34:51.930309
REV-001567,ORD-20260315-155891,CUST-10326,REST-BLR-001,Hands down the best Gulab Jamun (2 pcs) I've ever had! Sweet Lassi  Butter Chicken  Gulab Jamun (2 pcs)  and Chicken Tikka Masala were all prepared beautifully. Fresh and flavorful!,5,2026-03-19T11:00:51.930309
REV-001571,ORD-20260315-508810,CUST-10262,REST-MUM-002,Pleasant meal! Paneer Butter Masala  Jeera Rice  and Tandoori Roti arrived warm. Tandoori Roti was tasty though not exceptional. Would order again.,4,2026-03-19T12:04:02.930309
REV-001553,ORD-20260314-244764,CUST-10477,REST-BLR-001,Decent food but nothing special. Chicken 65  Jeera Rice  Chicken Tikka Masala  Butter Naan  and Paneer Tikka were okay. Paneer Tikka lacked the punch I expected.,3,2026-03-19T13:02:03.930309
REV-001603,ORD-20260317-430567,CUST-10135,REST-DEL-001,Solid experience. Samosa (2 pcs)  Vegetable Biryani  Aloo Tikki Chaat  Dal Makhani  and Chicken Biryani were well-prepared. Samosa (2 pcs) had great flavor. Minor issues with packaging.,4,2026-03-19T13:05:48.930309
REV-001606,ORD-20260317-607962,CUST-10119,REST-DEL-002,Perfect in every way! Fish Curry  Paneer Butter Masala  Rasmalai (2 pcs)  and Vegetable Biryani were all excellent. Fish Curry stood out with its rich  authentic taste.,5,2026-03-19T14:11:44.930309
REV-001555,ORD-20260314-575298,CUST-10578,REST-MUM-002,Exceptional quality! Ordered Chicken Tikka Masala  Sweet Lassi  and Fish Curry and everything was delicious. The Fish Curry melted in my mouth. Perfect!,5,2026-03-19T14:18:01.930309
REV-001559,ORD-20260314-448685,CUST-10154,REST-BLR-001,Great food overall. Palak Paneer  Aloo Tikki Chaat  Dal Makhani  Butter Naan  and Chicken Tikka Masala were tasty  especially the Butter Naan. Would order again!,4,2026-03-19T19:57:31.930309
REV-001547,ORD-20260313-502883,CUST-10005,REST-DEL-001,Unsatisfactory. Paneer Butter Masala and Naan were not fresh. Paneer Butter Masala tasted reheated. Won't order again.,2,2026-03-19T20:23:53.930309
REV-001536,ORD-20260312-561669,CUST-10278,REST-MUM-001,Great food overall. Fresh Lime Soda  Chicken 65  Naan  Masala Chai  and Aloo Tikki Chaat were tasty  especially the Chicken 65. Would order again!,4,2026-03-19T20:40:08.930309
REV-001561,ORD-20260314-722601,CUST-10460,REST-BLR-001,Wow! Just wow! Chicken Seekh Kebab were all fantastic. Chicken Seekh Kebab was particularly memorable. Can't wait to order again!,5,2026-03-19T21:05:50.930309
REV-001581,ORD-20260315-379803,CUST-10622,REST-MUM-001,Absolutely amazing Rasmalai (2 pcs) and Malai Kofta! The Rasmalai (2 pcs) was cooked to perfection. Fresh ingredients and authentic flavors. Highly recommend!,5,2026-03-19T21:20:13.930309
REV-001596,ORD-20260316-337738,CUST-10697,REST-DEL-002,Exceptional quality! Ordered Aloo Tikki Chaat  Tandoori Roti  and Fresh Lime Soda and everything was delicious. The Fresh Lime Soda melted in my mouth. Perfect!,5,2026-03-19T21:37:46.930309
REV-001563,ORD-20260314-920144,CUST-10970,REST-BLR-001,Enjoyed the Chicken 65  Fresh Lime Soda  Malai Kofta  and Gajar Halwa! Fresh Lime Soda was very good. Portion sizes were generous. Recommend!,4,2026-03-19T21:38:01.930309
REV-001597,ORD-20260316-482188,CUST-10275,REST-MUM-002,Enjoyed the Chicken 65  Kulfi  and Samosa (2 pcs)! Chicken 65 was very good. Portion sizes were generous. Recommend!,4,2026-03-19T21:41:48.930309
REV-001583,ORD-20260315-994956,CUST-10023,REST-DEL-001,Perfect in every way! Samosa (2 pcs)  Gajar Halwa  and Jeera Rice were all excellent. Jeera Rice stood out with its rich  authentic taste.,5,2026-03-19T22:33:11.930309
REV-001630,ORD-20260319-532455,CUST-10587,REST-DEL-002,Average experience. Malai Kofta and Palak Paneer were fine but Malai Kofta was a bit bland. Room for improvement.,3,2026-03-20T10:44:22.930309
REV-001568,ORD-20260315-952566,CUST-10485,REST-MUM-001,Perfect in every way! Chole Bhature were all excellent. Chole Bhature stood out with its rich  authentic taste.,5,2026-03-20T11:02:44.930309
REV-001615,ORD-20260318-294709,CUST-10447,REST-DEL-002,Disappointed with Chicken Biryani. Chicken Biryani was cold when it arrived. Not worth the money.,2,2026-03-20T12:16:46.930309
REV-001602,ORD-20260317-406855,CUST-10305,REST-BLR-001,Really good Jeera Rice! The Jeera Rice was delicious. Slight delay in delivery but food quality made up for it.,4,2026-03-20T12:31:11.930309
REV-001554,ORD-20260314-669714,CUST-10386,REST-DEL-001,Disappointed with Chicken Tikka Masala  Naan  Gajar Halwa  Jeera Rice  and Chicken Seekh Kebab. Jeera Rice was cold when it arrived. Not worth the money.,2,2026-03-20T13:28:20.930309
REV-001605,ORD-20260317-272492,CUST-10394,REST-MUM-002,Average experience. Chole Bhature  Mango Lassi  Samosa (2 pcs)  Chicken 65  and Fish Curry were fine but Samosa (2 pcs) was a bit bland. Room for improvement.,3,2026-03-20T13:28:49.930309
REV-001617,ORD-20260318-857105,CUST-10445,REST-DEL-002,Pleasant meal! Kulfi  Malai Kofta  Butter Naan  Naan  and Aloo Tikki Chaat arrived warm. Naan was tasty though not exceptional. Would order again.,4,2026-03-20T15:05:09.930309
REV-001542,ORD-20260313-754612,CUST-10631,REST-DEL-002,Expected better. Paneer Tikka  Fish Curry  Garlic Naan  and Tandoori Roti were subpar. Fish Curry was too oily and greasy. Stomach upset followed.,2,2026-03-20T16:12:34.930309
REV-001557,ORD-20260314-843555,CUST-10742,REST-DEL-002,It was okay. Aloo Tikki Chaat  Garlic Naan  Mango Lassi  Gajar Halwa  and Tandoori Roti arrived lukewarm. Garlic Naan tasted fine but could be better.,3,2026-03-20T17:20:50.930309
REV-001609,ORD-20260317-329827,CUST-10259,REST-MUM-001,Outstanding experience! The Chicken Seekh Kebab  Palak Paneer  Rasmalai (2 pcs)  and Chole Bhature exceeded all expectations. Chole Bhature was the star of the meal. Will definitely order again!,5,2026-03-20T18:52:09.930309
REV-001593,ORD-20260316-314400,CUST-10159,REST-BLR-001,Outstanding experience! The Lamb Rogan Josh  Chicken Seekh Kebab  Chicken Tikka Masala  Aloo Tikki Chaat  and Sweet Lassi exceeded all expectations. Lamb Rogan Josh was the star of the meal. Will definitely order again!,5,2026-03-20T19:47:47.930309
REV-001624,ORD-20260318-428620,CUST-10938,REST-DEL-001,Incredible meal! Fish Curry  Paneer Tikka  and Dal Makhani arrived hot and fresh. The Fish Curry was absolutely divine. Highly satisfied!,5,2026-03-20T20:01:36.930309
REV-001546,ORD-20260313-912049,CUST-10239,REST-DEL-002,Incredible meal! Chicken 65 and Paneer Tikka arrived hot and fresh. The Paneer Tikka was absolutely divine. Highly satisfied!,5,2026-03-20T20:09:00.930309
REV-001580,ORD-20260315-284515,CUST-10818,REST-BLR-001,Best Indian food in UAE! Palak Paneer  Butter Naan  Paneer Tikka  Tandoori Roti  and Gajar Halwa were incredible. Gajar Halwa had the perfect balance of spices. Five stars!,5,2026-03-20T20:22:09.930309
REV-001643,ORD-20260319-164174,CUST-10880,REST-BLR-001,Exceptional quality! Ordered Chicken Seekh Kebab  Sweet Lassi  and Dal Makhani and everything was delicious. The Dal Makhani melted in my mouth. Perfect!,5,2026-03-20T20:32:35.930309
REV-001611,ORD-20260317-906686,CUST-10946,REST-DEL-001,Absolutely horrible! Chicken 65  Tandoori Roti  and Samosa (2 pcs) arrived ice cold after 2 hour delay. Tandoori Roti was spoiled. Disgusting!,1,2026-03-20T21:10:14.930309
REV-001549,ORD-20260313-195895,CUST-10199,REST-BLR-001,Good quality food. Gajar Halwa  Paneer Tikka  and Malai Kofta were nicely done. Paneer Tikka could have been slightly spicier but still good!,4,2026-03-20T21:28:21.930309
REV-001626,ORD-20260318-923423,CUST-10617,REST-BLR-001,Outstanding experience! The Chole Bhature  Fish Curry  Fresh Lime Soda  and Paneer Tikka exceeded all expectations. Fresh Lime Soda was the star of the meal. Will definitely order again!,5,2026-03-20T21:37:26.930309
REV-001627,ORD-20260318-821776,CUST-10593,REST-DEL-001,Hands down the best Kulfi I've ever had! Chicken Tikka Masala and Kulfi were all prepared beautifully. Fresh and flavorful!,5,2026-03-20T21:44:18.930309
REV-001564,ORD-20260314-379022,CUST-10079,REST-DEL-002,Absolutely amazing Jeera Rice! The Jeera Rice was cooked to perfection. Fresh ingredients and authentic flavors. Highly recommend!,5,2026-03-20T22:04:48.930309
REV-001582,ORD-20260315-823850,CUST-10550,REST-DEL-002,Great food overall. Rasmalai (2 pcs) and Gajar Halwa were tasty  especially the Rasmalai (2 pcs). Would order again!,4,2026-03-20T22:20:11.930309
REV-001566,ORD-20260314-463400,CUST-10916,REST-BLR-001,Outstanding experience! The Paneer Butter Masala  Rasmalai (2 pcs)  Chicken Tikka Masala  Kulfi  and Jeera Rice exceeded all expectations. Chicken Tikka Masala was the star of the meal. Will definitely order again!,5,2026-03-20T22:55:38.930309
REV-001585,ORD-20260316-730786,CUST-10997,REST-DEL-001,Below expectations. Samosa (2 pcs) were underwhelming. Samosa (2 pcs) was overcooked and dry.,2,2026-03-21T10:33:34.930309
REV-001587,ORD-20260316-560138,CUST-10110,REST-DEL-002,Wow! Just wow! Dal Makhani  Gajar Halwa  and Sweet Lassi were all fantastic. Sweet Lassi was particularly memorable. Can't wait to order again!,5,2026-03-21T11:40:30.930309
REV-001570,ORD-20260315-633676,CUST-10599,REST-MUM-002,Good quality food. Chicken Tikka Masala and Chicken 65 were nicely done. Chicken 65 could have been slightly spicier but still good!,4,2026-03-21T11:50:08.930309
REV-001632,ORD-20260319-385190,CUST-10516,REST-MUM-002,Very satisfied! Mango Lassi and Fresh Lime Soda were fresh and flavorful. Mango Lassi was the standout dish.,4,2026-03-21T12:14:22.930309
REV-001590,ORD-20260316-401001,CUST-10872,REST-MUM-001,Outstanding experience! The Chicken Biryani and Jeera Rice exceeded all expectations. Jeera Rice was the star of the meal. Will definitely order again!,5,2026-03-21T12:58:24.930309
REV-001572,ORD-20260315-484078,CUST-10507,REST-MUM-001,Great food overall. Gajar Halwa and Jeera Rice were tasty  especially the Gajar Halwa. Would order again!,4,2026-03-21T14:43:06.930309
REV-001634,ORD-20260319-615024,CUST-10920,REST-DEL-002,Hands down the best Rasmalai (2 pcs) I've ever had! Butter Naan and Rasmalai (2 pcs) were all prepared beautifully. Fresh and flavorful!,5,2026-03-21T14:52:06.930309
REV-001607,ORD-20260317-701942,CUST-10753,REST-DEL-002,Good quality food. Fish Curry and Mango Lassi were nicely done. Mango Lassi could have been slightly spicier but still good!,4,2026-03-21T15:37:16.930309
REV-001575,ORD-20260315-206319,CUST-10159,REST-DEL-001,Outstanding experience! The Lamb Rogan Josh  Rasmalai (2 pcs)  Chicken Biryani  Malai Kofta  and Samosa (2 pcs) exceeded all expectations. Chicken Biryani was the star of the meal. Will definitely order again!,5,2026-03-21T15:49:02.930309
REV-001621,ORD-20260318-205261,CUST-10695,REST-DEL-001,Good quality food. Butter Chicken and Butter Naan were nicely done. Butter Chicken could have been slightly spicier but still good!,4,2026-03-21T17:29:24.930309
REV-001639,ORD-20260319-364960,CUST-10575,REST-DEL-002,Perfect in every way! Gulab Jamun (2 pcs) and Paneer Butter Masala were all excellent. Paneer Butter Masala stood out with its rich  authentic taste.,5,2026-03-21T18:33:15.930309
REV-001558,ORD-20260314-955001,CUST-10372,REST-MUM-001,Outstanding experience! The Vegetable Biryani  Samosa (2 pcs)  Sweet Lassi  and Butter Naan exceeded all expectations. Sweet Lassi was the star of the meal. Will definitely order again!,5,2026-03-21T18:42:39.930309
REV-001579,ORD-20260315-424633,CUST-10541,REST-DEL-001,Outstanding experience! The Vegetable Biryani and Malai Kofta exceeded all expectations. Malai Kofta was the star of the meal. Will definitely order again!,5,2026-03-21T20:03:54.930309
REV-001628,ORD-20260318-903027,CUST-10039,REST-MUM-001,Exceptional quality! Ordered Fresh Lime Soda  Sweet Lassi  Mango Lassi  and Jeera Rice and everything was delicious. The Mango Lassi melted in my mouth. Perfect!,5,2026-03-21T21:46:05.930309
REV-001658,ORD-20260320-459905,CUST-10419,REST-DEL-001,Decent food but nothing special. Fresh Lime Soda were okay. Fresh Lime Soda lacked the punch I expected.,3,2026-03-21T22:31:06.930309
REV-001599,ORD-20260316-644438,CUST-10433,REST-MUM-001,Perfect in every way! Gulab Jamun (2 pcs)  Paneer Butter Masala  Garlic Naan  and Chicken 65 were all excellent. Garlic Naan stood out with its rich  authentic taste.,5,2026-03-21T22:34:24.930309
REV-001612,ORD-20260317-670086,CUST-10013,REST-MUM-001,Shocking! Fresh Lime Soda bore no resemblance to the menu description. Fresh Lime Soda was inedible. Refund demanded!,1,2026-03-21T22:36:44.930309
REV-001645,ORD-20260320-508404,CUST-10875,REST-DEL-001,Incredible meal! Chole Bhature  Fish Curry  Gajar Halwa  Jeera Rice  and Tandoori Roti arrived hot and fresh. The Tandoori Roti was absolutely divine. Highly satisfied!,5,2026-03-22T10:05:07.930309
REV-001646,ORD-20260320-490803,CUST-10117,REST-MUM-001,Hands down the best Chicken 65 I've ever had! Chicken 65 were all prepared beautifully. Fresh and flavorful!,5,2026-03-22T10:24:04.930309
REV-001601,ORD-20260317-835358,CUST-10415,REST-MUM-001,Pleasant meal! Sweet Lassi  Gajar Halwa  Chicken Biryani  and Butter Naan arrived warm. Gajar Halwa was tasty though not exceptional. Would order again.,4,2026-03-22T10:47:53.930309
REV-001648,ORD-20260320-799070,CUST-10814,REST-DEL-001,Enjoyed the Dal Makhani and Samosa (2 pcs)! Samosa (2 pcs) was very good. Portion sizes were generous. Recommend!,4,2026-03-22T11:08:53.930309
REV-001569,ORD-20260315-615854,CUST-10958,REST-DEL-002,Really good Paneer Butter Masala  Sweet Lassi  Jeera Rice  and Chicken Tikka Masala! The Paneer Butter Masala was delicious. Slight delay in delivery but food quality made up for it.,4,2026-03-22T11:24:30.930309
REV-001589,ORD-20260316-644005,CUST-10729,REST-DEL-002,Good quality food. Samosa (2 pcs) were nicely done. Samosa (2 pcs) could have been slightly spicier but still good!,4,2026-03-22T12:25:08.930309
REV-001661,ORD-20260321-601580,CUST-10806,REST-MUM-001,Really good Chicken Biryani and Garlic Naan! The Chicken Biryani was delicious. Slight delay in delivery but food quality made up for it.,4,2026-03-22T13:09:46.930309
REV-001604,ORD-20260317-693446,CUST-10206,REST-BLR-001,Enjoyed the Tandoori Roti and Gulab Jamun (2 pcs)! Tandoori Roti was very good. Portion sizes were generous. Recommend!,4,2026-03-22T13:10:14.930309
REV-001573,ORD-20260315-737028,CUST-10033,REST-DEL-002,Mixed feelings. Dal Makhani  Paneer Butter Masala  Sweet Lassi  and Palak Paneer were acceptable. Dal Makhani was decent but portion was small for the price.,3,2026-03-22T14:49:45.930309
REV-001620,ORD-20260318-755880,CUST-10119,REST-MUM-002,Really good Malai Kofta and Naan! The Naan was delicious. Slight delay in delivery but food quality made up for it.,4,2026-03-22T16:56:50.930309
REV-001667,ORD-20260321-458913,CUST-10509,REST-MUM-002,Outstanding experience! The Masala Chai  Fresh Lime Soda  Naan  and Gajar Halwa exceeded all expectations. Masala Chai was the star of the meal. Will definitely order again!,5,2026-03-22T17:32:04.930309
REV-001640,ORD-20260319-211511,CUST-10653,REST-MUM-002,Really good Garlic Naan and Chicken 65! The Chicken 65 was delicious. Slight delay in delivery but food quality made up for it.,4,2026-03-22T19:32:37.930309
REV-001670,ORD-20260321-987931,CUST-10501,REST-DEL-001,Best Indian food in UAE! Mango Lassi and Chicken 65 were incredible. Mango Lassi had the perfect balance of spices. Five stars!,5,2026-03-22T20:34:04.930309
REV-001598,ORD-20260316-360140,CUST-10636,REST-MUM-002,Best Indian food in UAE! Lamb Rogan Josh were incredible. Lamb Rogan Josh had the perfect balance of spices. Five stars!,5,2026-03-22T22:09:46.930309
REV-001629,ORD-20260318-259434,CUST-10894,REST-MUM-002,Wow! Just wow! Rasmalai (2 pcs) and Chicken Tikka Masala were all fantastic. Rasmalai (2 pcs) was particularly memorable. Can't wait to order again!,5,2026-03-22T22:23:44.930309
REV-001600,ORD-20260316-323325,CUST-10933,REST-DEL-001,Perfect in every way! Dal Makhani were all excellent. Dal Makhani stood out with its rich  authentic taste.,5,2026-03-22T22:52:05.930309
REV-001613,ORD-20260318-555744,CUST-10522,REST-MUM-002,Mediocre. Masala Chai were fine but forgettable. Masala Chai didn't stand out.,3,2026-03-23T10:11:24.930309
REV-001631,ORD-20260319-599851,CUST-10542,REST-MUM-002,Wow! Just wow! Samosa (2 pcs)  Kulfi  Dal Makhani  Chicken 65  and Lamb Rogan Josh were all fantastic. Dal Makhani was particularly memorable. Can't wait to order again!,5,2026-03-23T11:21:38.930309
REV-001650,ORD-20260320-610963,CUST-10661,REST-MUM-002,Expected better. Chole Bhature  Dal Makhani  Gajar Halwa  Mango Lassi  and Malai Kofta were subpar. Malai Kofta was too oily and greasy. Stomach upset followed.,2,2026-03-23T13:53:24.930309
REV-001682,ORD-20260322-354863,CUST-10579,REST-DEL-001,Best Indian food in UAE! Naan were incredible. Naan had the perfect balance of spices. Five stars!,5,2026-03-23T14:57:09.930309
REV-001683,ORD-20260322-232735,CUST-10793,REST-DEL-002,Absolutely amazing Dal Makhani and Fish Curry! The Dal Makhani was cooked to perfection. Fresh ingredients and authentic flavors. Highly recommend!,5,2026-03-23T15:37:43.930309
REV-001684,ORD-20260322-617321,CUST-10803,REST-BLR-001,Not bad  not great. Sweet Lassi  Malai Kofta  and Dal Makhani were edible. Sweet Lassi needed more seasoning.,3,2026-03-23T15:58:49.930309
REV-001654,ORD-20260320-620606,CUST-10078,REST-MUM-002,Appalling quality! Butter Naan  Samosa (2 pcs)  and Fish Curry were swimming in oil. Butter Naan was raw inside. Health hazard!,1,2026-03-23T16:01:45.930309
REV-001664,ORD-20260321-955580,CUST-10460,REST-DEL-002,Mediocre. Malai Kofta  Fresh Lime Soda  Samosa (2 pcs)  Masala Chai  and Lamb Rogan Josh were fine but forgettable. Samosa (2 pcs) didn't stand out.,3,2026-03-23T16:07:17.930309
REV-001655,ORD-20260320-410799,CUST-10708,REST-MUM-001,Wow! Just wow! Aloo Tikki Chaat and Fresh Lime Soda were all fantastic. Fresh Lime Soda was particularly memorable. Can't wait to order again!,5,2026-03-23T16:30:35.930309
REV-001592,ORD-20260316-568845,CUST-10299,REST-DEL-002,Absolutely horrible! Chicken Seekh Kebab and Paneer Butter Masala arrived ice cold after 2 hour delay. Chicken Seekh Kebab was spoiled. Disgusting!,1,2026-03-23T18:29:20.930309
REV-001623,ORD-20260318-934435,CUST-10183,REST-DEL-001,Average experience. Chole Bhature  Rasmalai (2 pcs)  and Butter Chicken were fine but Butter Chicken was a bit bland. Room for improvement.,3,2026-03-23T18:37:27.930309
REV-001656,ORD-20260320-937841,CUST-10641,REST-DEL-001,Exceptional quality! Ordered Butter Naan  Gajar Halwa  Jeera Rice  Dal Makhani  and Butter Chicken and everything was delicious. The Dal Makhani melted in my mouth. Perfect!,5,2026-03-23T19:07:37.930309
REV-001689,ORD-20260322-824718,CUST-10248,REST-DEL-001,Great food overall. Gulab Jamun (2 pcs) were tasty  especially the Gulab Jamun (2 pcs). Would order again!,4,2026-03-23T20:13:19.930309
REV-001594,ORD-20260316-682629,CUST-10283,REST-DEL-002,Best Indian food in UAE! Butter Chicken  Chicken Seekh Kebab  Masala Chai  Dal Makhani  and Malai Kofta were incredible. Masala Chai had the perfect balance of spices. Five stars!,5,2026-03-23T20:44:43.930309
REV-001625,ORD-20260318-491715,CUST-10290,REST-MUM-001,Good quality food. Chicken Tikka Masala were nicely done. Chicken Tikka Masala could have been slightly spicier but still good!,4,2026-03-23T20:52:32.930309
REV-001657,ORD-20260320-945507,CUST-10246,REST-MUM-002,Below expectations. Tandoori Roti  Paneer Butter Masala  and Chicken Biryani were underwhelming. Paneer Butter Masala was overcooked and dry.,2,2026-03-23T21:49:52.930309
REV-001614,ORD-20260318-394509,CUST-10312,REST-MUM-001,Very satisfied! Mango Lassi and Chole Bhature were fresh and flavorful. Chole Bhature was the standout dish.,4,2026-03-24T10:26:08.930309
REV-001647,ORD-20260320-138172,CUST-10414,REST-MUM-002,Pleasant meal! Aloo Tikki Chaat  Mango Lassi  Jeera Rice  and Sweet Lassi arrived warm. Aloo Tikki Chaat was tasty though not exceptional. Would order again.,4,2026-03-24T10:26:36.930309
REV-001659,ORD-20260321-623030,CUST-10363,REST-DEL-001,Very satisfied! Butter Chicken  Mango Lassi  Chicken Biryani  Masala Chai  and Chicken Tikka Masala were fresh and flavorful. Chicken Tikka Masala was the standout dish.,4,2026-03-24T11:20:11.930309
REV-001677,ORD-20260322-300008,CUST-10100,REST-DEL-002,Outstanding experience! The Fresh Lime Soda  Chicken 65  and Garlic Naan exceeded all expectations. Fresh Lime Soda was the star of the meal. Will definitely order again!,5,2026-03-24T12:20:34.930309
REV-001616,ORD-20260318-157198,CUST-10949,REST-MUM-001,Incredible meal! Masala Chai arrived hot and fresh. The Masala Chai was absolutely divine. Highly satisfied!,5,2026-03-24T13:54:11.930309
REV-001662,ORD-20260321-616012,CUST-10261,REST-DEL-002,Disappointed with Dal Makhani  Aloo Tikki Chaat  Chicken 65  Naan  and Gulab Jamun (2 pcs). Naan was cold when it arrived. Not worth the money.,2,2026-03-24T14:01:11.930309
REV-001619,ORD-20260318-987255,CUST-10943,REST-MUM-001,Really good Gajar Halwa and Chicken Tikka Masala! The Gajar Halwa was delicious. Slight delay in delivery but food quality made up for it.,4,2026-03-24T15:09:58.930309
REV-001635,ORD-20260319-864251,CUST-10115,REST-BLR-001,Unsatisfactory. Fresh Lime Soda  Samosa (2 pcs)  Sweet Lassi  and Mango Lassi were not fresh. Samosa (2 pcs) tasted reheated. Won't order again.,2,2026-03-24T15:18:16.930309
REV-001666,ORD-20260321-382039,CUST-10519,REST-DEL-002,Good quality food. Butter Chicken  Gulab Jamun (2 pcs)  Dal Makhani  Gajar Halwa  and Chicken Seekh Kebab were nicely done. Gajar Halwa could have been slightly spicier but still good!,4,2026-03-24T16:45:20.930309
REV-001637,ORD-20260319-504135,CUST-10415,REST-MUM-002,Absolutely amazing Malai Kofta! The Malai Kofta was cooked to perfection. Fresh ingredients and authentic flavors. Highly recommend!,5,2026-03-24T17:00:47.930309
REV-001638,ORD-20260319-790536,CUST-10483,REST-MUM-002,Enjoyed the Lamb Rogan Josh and Butter Chicken! Lamb Rogan Josh was very good. Portion sizes were generous. Recommend!,4,2026-03-24T17:27:07.930309
REV-001641,ORD-20260319-321143,CUST-10732,REST-BLR-001,Really good Tandoori Roti! The Tandoori Roti was delicious. Slight delay in delivery but food quality made up for it.,4,2026-03-24T19:34:57.930309
REV-001642,ORD-20260319-568239,CUST-10378,REST-MUM-002,Absolutely amazing Palak Paneer and Rasmalai (2 pcs)! The Rasmalai (2 pcs) was cooked to perfection. Fresh ingredients and authentic flavors. Highly recommend!,5,2026-03-24T19:59:58.930309
REV-001610,ORD-20260317-604125,CUST-10332,REST-DEL-001,Exceptional quality! Ordered Paneer Tikka and everything was delicious. The Paneer Tikka melted in my mouth. Perfect!,5,2026-03-24T20:09:12.930309
REV-001673,ORD-20260321-129993,CUST-10736,REST-MUM-001,Not bad  not great. Chicken 65 were edible. Chicken 65 needed more seasoning.,3,2026-03-24T22:10:17.930309
REV-001693,ORD-20260322-510920,CUST-10212,REST-MUM-001,Incredible meal! Aloo Tikki Chaat and Garlic Naan arrived hot and fresh. The Aloo Tikki Chaat was absolutely divine. Highly satisfied!,5,2026-03-24T22:25:36.930309
REV-001694,ORD-20260322-784376,CUST-10130,REST-DEL-001,Disappointed with Sweet Lassi and Masala Chai. Sweet Lassi was cold when it arrived. Not worth the money.,2,2026-03-24T22:41:29.930309
REV-001700,ORD-20260323-114116,CUST-10782,REST-DEL-002,Great food overall. Paneer Butter Masala  Fish Curry  and Fresh Lime Soda were tasty  especially the Fish Curry. Would order again!,4,2026-03-24T22:55:14.930309
REV-001701,ORD-20260324-227186,CUST-10650,REST-BLR-001,Exceptional quality! Ordered Palak Paneer and everything was delicious. The Palak Paneer melted in my mouth. Perfect!,5,2026-03-25T10:20:15.930309
REV-001633,ORD-20260319-549405,CUST-10577,REST-MUM-001,Best Indian food in UAE! Kulfi  Naan  Palak Paneer  Malai Kofta  and Lamb Rogan Josh were incredible. Naan had the perfect balance of spices. Five stars!,5,2026-03-25T12:34:34.930309
REV-001651,ORD-20260320-440550,CUST-10796,REST-MUM-001,Very satisfied! Garlic Naan were fresh and flavorful. Garlic Naan was the standout dish.,4,2026-03-25T14:08:05.930309
REV-001681,ORD-20260322-112703,CUST-10437,REST-BLR-001,Disappointed with Butter Chicken  Mango Lassi  Butter Naan  and Dal Makhani. Dal Makhani was cold when it arrived. Not worth the money.,2,2026-03-25T14:51:18.930309
REV-001618,ORD-20260318-274547,CUST-10199,REST-BLR-001,Really good Dal Makhani  Tandoori Roti  and Jeera Rice! The Tandoori Roti was delicious. Slight delay in delivery but food quality made up for it.,4,2026-03-25T15:07:36.930309
REV-001636,ORD-20260319-812024,CUST-10034,REST-DEL-001,Incredible meal! Butter Chicken  Aloo Tikki Chaat  Chicken Tikka Masala  Chole Bhature  and Chicken 65 arrived hot and fresh. The Chicken Tikka Masala was absolutely divine. Highly satisfied!,5,2026-03-25T16:00:37.930309
REV-001685,ORD-20260322-124058,CUST-10945,REST-MUM-001,Great food overall. Palak Paneer  Butter Chicken  and Paneer Tikka were tasty  especially the Butter Chicken. Would order again!,4,2026-03-25T16:55:39.930309
REV-001622,ORD-20260318-848676,CUST-10328,REST-MUM-001,Perfect in every way! Garlic Naan  Chicken Biryani  Malai Kofta  Gulab Jamun (2 pcs)  and Chole Bhature were all excellent. Malai Kofta stood out with its rich  authentic taste.,5,2026-03-25T17:49:33.930309
REV-001716,ORD-20260324-249928,CUST-10243,REST-BLR-001,Perfect in every way! Gajar Halwa  Palak Paneer  Fresh Lime Soda  and Chicken Seekh Kebab were all excellent. Fresh Lime Soda stood out with its rich  authentic taste.,5,2026-03-25T21:20:17.930309
REV-001672,ORD-20260321-386964,CUST-10949,REST-MUM-001,Really good Gajar Halwa  Palak Paneer  Dal Makhani  and Masala Chai! The Dal Makhani was delicious. Slight delay in delivery but food quality made up for it.,4,2026-03-25T21:47:16.930309
REV-001644,ORD-20260319-664461,CUST-10855,REST-DEL-001,Poor experience. Aloo Tikki Chaat  Gajar Halwa  Rasmalai (2 pcs)  Samosa (2 pcs)  and Chole Bhature were disappointing. Rasmalai (2 pcs) was burnt on the edges. Very unhappy.,2,2026-03-25T22:11:12.930309
REV-001676,ORD-20260322-981371,CUST-10696,REST-MUM-002,Hands down the best Fresh Lime Soda I've ever had! Fresh Lime Soda were all prepared beautifully. Fresh and flavorful!,5,2026-03-26T11:22:43.930309
REV-001660,ORD-20260321-975771,CUST-10995,REST-BLR-001,Outstanding experience! The Jeera Rice exceeded all expectations. Jeera Rice was the star of the meal. Will definitely order again!,5,2026-03-26T12:03:01.930309
REV-001718,ORD-20260325-627292,CUST-10015,REST-MUM-002,Very satisfied! Masala Chai and Chicken Tikka Masala were fresh and flavorful. Chicken Tikka Masala was the standout dish.,4,2026-03-26T12:09:57.930309
REV-001706,ORD-20260324-212374,CUST-10846,REST-MUM-002,Solid experience. Chicken Biryani were well-prepared. Chicken Biryani had great flavor. Minor issues with packaging.,4,2026-03-26T12:33:45.930309
REV-001680,ORD-20260322-967433,CUST-10931,REST-BLR-001,Really good Dal Makhani! The Dal Makhani was delicious. Slight delay in delivery but food quality made up for it.,4,2026-03-26T14:06:17.930309
REV-001722,ORD-20260325-573820,CUST-10065,REST-DEL-002,Hands down the best Palak Paneer I've ever had! Palak Paneer  Lamb Rogan Josh  Naan  and Garlic Naan were all prepared beautifully. Fresh and flavorful!,5,2026-03-26T15:25:58.930309
REV-001663,ORD-20260321-708867,CUST-10905,REST-DEL-001,Good quality food. Naan and Vegetable Biryani were nicely done. Vegetable Biryani could have been slightly spicier but still good!,4,2026-03-26T15:27:59.930309
REV-001696,ORD-20260323-815643,CUST-10509,REST-DEL-001,Mediocre. Jeera Rice were fine but forgettable. Jeera Rice didn't stand out.,3,2026-03-26T18:58:31.930309
REV-001697,ORD-20260323-353255,CUST-10050,REST-DEL-002,Outstanding experience! The Samosa (2 pcs) and Jeera Rice exceeded all expectations. Samosa (2 pcs) was the star of the meal. Will definitely order again!,5,2026-03-26T19:48:02.930309
REV-001692,ORD-20260322-408322,CUST-10643,REST-DEL-001,Very satisfied! Chole Bhature  Garlic Naan  Mango Lassi  Paneer Butter Masala  and Chicken Seekh Kebab were fresh and flavorful. Garlic Naan was the standout dish.,4,2026-03-26T21:57:00.930309
REV-001649,ORD-20260320-660407,CUST-10101,REST-BLR-001,Absolutely amazing Masala Chai  Aloo Tikki Chaat  Palak Paneer  and Chicken Biryani! The Chicken Biryani was cooked to perfection. Fresh ingredients and authentic flavors. Highly recommend!,5,2026-03-27T11:16:23.930309
REV-001652,ORD-20260320-578774,CUST-10220,REST-DEL-001,Mixed feelings. Kulfi and Dal Makhani were acceptable. Dal Makhani was decent but portion was small for the price.,3,2026-03-27T14:18:08.930309
REV-001707,ORD-20260324-272431,CUST-10924,REST-DEL-001,Outstanding experience! The Palak Paneer exceeded all expectations. Palak Paneer was the star of the meal. Will definitely order again!,5,2026-03-27T14:28:33.930309
REV-001653,ORD-20260320-475951,CUST-10550,REST-MUM-001,Best Indian food in UAE! Garlic Naan and Dal Makhani were incredible. Garlic Naan had the perfect balance of spices. Five stars!,5,2026-03-27T14:44:42.930309
REV-001723,ORD-20260325-421538,CUST-10543,REST-MUM-001,Enjoyed the Garlic Naan  Chicken 65  Aloo Tikki Chaat  Naan  and Mango Lassi! Naan was very good. Portion sizes were generous. Recommend!,4,2026-03-27T15:36:42.930309
REV-001710,ORD-20260324-831489,CUST-10208,REST-DEL-001,Mediocre. Tandoori Roti and Jeera Rice were fine but forgettable. Jeera Rice didn't stand out.,3,2026-03-27T16:58:24.930309
REV-001747,ORD-20260326-201825,CUST-10247,REST-DEL-002,Good quality food. Gajar Halwa and Garlic Naan were nicely done. Gajar Halwa could have been slightly spicier but still good!,4,2026-03-27T17:27:37.930309
REV-001726,ORD-20260325-335012,CUST-10648,REST-DEL-001,Enjoyed the Butter Naan! Butter Naan was very good. Portion sizes were generous. Recommend!,4,2026-03-27T17:38:35.930309
REV-001727,ORD-20260325-364847,CUST-10208,REST-MUM-001,Exceptional quality! Ordered Rasmalai (2 pcs)  Kulfi  Tandoori Roti  and Paneer Butter Masala and everything was delicious. The Rasmalai (2 pcs) melted in my mouth. Perfect!,5,2026-03-27T17:44:35.930309
REV-001687,ORD-20260322-788616,CUST-10662,REST-MUM-002,Perfect in every way! Chicken Seekh Kebab  Fresh Lime Soda  Fish Curry  Aloo Tikki Chaat  and Butter Naan were all excellent. Chicken Seekh Kebab stood out with its rich  authentic taste.,5,2026-03-27T17:45:26.930309
REV-001748,ORD-20260326-511178,CUST-10768,REST-BLR-001,Incredible meal! Butter Chicken and Lamb Rogan Josh arrived hot and fresh. The Lamb Rogan Josh was absolutely divine. Highly satisfied!,5,2026-03-27T18:04:02.930309
REV-001730,ORD-20260325-745966,CUST-10507,REST-MUM-001,Pleasant meal! Chicken Biryani  Jeera Rice  Chole Bhature  and Gajar Halwa arrived warm. Jeera Rice was tasty though not exceptional. Would order again.,4,2026-03-27T18:04:19.930309
REV-001668,ORD-20260321-874502,CUST-10273,REST-BLR-001,Expected better. Paneer Butter Masala  Chicken Seekh Kebab  Sweet Lassi  Gulab Jamun (2 pcs)  and Palak Paneer were subpar. Paneer Butter Masala was too oily and greasy. Stomach upset followed.,2,2026-03-27T18:51:48.930309
REV-001698,ORD-20260323-780063,CUST-10870,REST-BLR-001,Exceptional quality! Ordered Palak Paneer and everything was delicious. The Palak Paneer melted in my mouth. Perfect!,5,2026-03-27T20:21:55.930309
REV-001690,ORD-20260322-838926,CUST-10541,REST-DEL-002,Wow! Just wow! Palak Paneer  Malai Kofta  Dal Makhani  Chicken Biryani  and Gulab Jamun (2 pcs) were all fantastic. Chicken Biryani was particularly memorable. Can't wait to order again!,5,2026-03-27T20:43:43.930309
REV-001715,ORD-20260324-207515,CUST-10233,REST-BLR-001,Really good Lamb Rogan Josh  Garlic Naan  Mango Lassi  and Tandoori Roti! The Tandoori Roti was delicious. Slight delay in delivery but food quality made up for it.,4,2026-03-27T20:49:51.930309
REV-001674,ORD-20260321-454659,CUST-10745,REST-DEL-001,Very satisfied! Paneer Butter Masala and Vegetable Biryani were fresh and flavorful. Vegetable Biryani was the standout dish.,4,2026-03-27T22:52:19.930309
REV-001702,ORD-20260324-237220,CUST-10592,REST-DEL-002,Best Indian food in UAE! Paneer Tikka  Chicken Biryani  Chicken Tikka Masala  Aloo Tikki Chaat  and Sweet Lassi were incredible. Sweet Lassi had the perfect balance of spices. Five stars!,5,2026-03-28T10:21:14.930309
REV-001675,ORD-20260322-743814,CUST-10743,REST-BLR-001,Best Indian food in UAE! Samosa (2 pcs)  Masala Chai  Chicken 65  and Tandoori Roti were incredible. Tandoori Roti had the perfect balance of spices. Five stars!,5,2026-03-28T10:22:50.930309
REV-001705,ORD-20260324-402721,CUST-10684,REST-DEL-001,Shocking! Tandoori Roti bore no resemblance to the menu description. Tandoori Roti was inedible. Refund demanded!,1,2026-03-28T12:19:27.930309
REV-001756,ORD-20260327-790583,CUST-10880,REST-DEL-001,Exceptional quality! Ordered Mango Lassi  Paneer Tikka  Fresh Lime Soda  Garlic Naan  and Kulfi and everything was delicious. The Kulfi melted in my mouth. Perfect!,5,2026-03-28T12:25:36.930309
REV-001678,ORD-20260322-163704,CUST-10072,REST-DEL-002,Wow! Just wow! Masala Chai  Samosa (2 pcs)  and Jeera Rice were all fantastic. Jeera Rice was particularly memorable. Can't wait to order again!,5,2026-03-28T13:10:00.930309
REV-001679,ORD-20260322-841166,CUST-10253,REST-BLR-001,Great food overall. Tandoori Roti  Malai Kofta  Gajar Halwa  Gulab Jamun (2 pcs)  and Lamb Rogan Josh were tasty  especially the Tandoori Roti. Would order again!,4,2026-03-28T13:34:06.930309
REV-001708,ORD-20260324-870615,CUST-10662,REST-MUM-001,Really good Fish Curry! The Fish Curry was delicious. Slight delay in delivery but food quality made up for it.,4,2026-03-28T15:03:02.930309
REV-001724,ORD-20260325-983063,CUST-10455,REST-MUM-002,Poor experience. Malai Kofta  Dal Makhani  Gajar Halwa  and Chicken 65 were disappointing. Chicken 65 was burnt on the edges. Very unhappy.,2,2026-03-28T15:38:07.930309
REV-001759,ORD-20260327-801597,CUST-10014,REST-DEL-001,Absolutely amazing Butter Naan  Garlic Naan  Gulab Jamun (2 pcs)  Mango Lassi  and Jeera Rice! The Butter Naan was cooked to perfection. Fresh ingredients and authentic flavors. Highly recommend!,5,2026-03-28T16:22:20.930309
REV-001665,ORD-20260321-436336,CUST-10833,REST-MUM-001,Enjoyed the Malai Kofta  Tandoori Roti  Garlic Naan  and Dal Makhani! Dal Makhani was very good. Portion sizes were generous. Recommend!,4,2026-03-28T16:28:37.930309
REV-001744,ORD-20260326-970769,CUST-10226,REST-MUM-002,Expected better. Fish Curry  Aloo Tikki Chaat  Chicken Biryani  Vegetable Biryani  and Palak Paneer were subpar. Vegetable Biryani was too oily and greasy. Stomach upset followed.,2,2026-03-28T16:52:54.930309
REV-001762,ORD-20260327-560884,CUST-10907,REST-MUM-002,Absolutely amazing Naan and Sweet Lassi! The Sweet Lassi was cooked to perfection. Fresh ingredients and authentic flavors. Highly recommend!,5,2026-03-28T17:40:33.930309
REV-001688,ORD-20260322-977307,CUST-10652,REST-MUM-002,Perfect in every way! Vegetable Biryani were all excellent. Vegetable Biryani stood out with its rich  authentic taste.,5,2026-03-28T18:26:49.930309
REV-001749,ORD-20260326-782609,CUST-10048,REST-DEL-001,Not good. Fish Curry  Sweet Lassi  Aloo Tikki Chaat  and Gajar Halwa arrived late and cold. Gajar Halwa had barely any flavor. Poor quality.,2,2026-03-28T18:51:48.930309
REV-001669,ORD-20260321-941664,CUST-10740,REST-MUM-001,Solid experience. Fish Curry and Gajar Halwa were well-prepared. Gajar Halwa had great flavor. Minor issues with packaging.,4,2026-03-28T20:00:41.930309
REV-001731,ORD-20260325-668569,CUST-10243,REST-DEL-001,Absolutely amazing Masala Chai! The Masala Chai was cooked to perfection. Fresh ingredients and authentic flavors. Highly recommend!,5,2026-03-28T20:58:17.930309
REV-001671,ORD-20260321-981685,CUST-10726,REST-MUM-002,Wow! Just wow! Gajar Halwa  Masala Chai  Rasmalai (2 pcs)  Fish Curry  and Chicken Seekh Kebab were all fantastic. Fish Curry was particularly memorable. Can't wait to order again!,5,2026-03-28T21:20:23.930309
REV-001719,ORD-20260325-440594,CUST-10934,REST-DEL-002,Hands down the best Malai Kofta I've ever had! Chicken Seekh Kebab  Fresh Lime Soda  Malai Kofta  and Lamb Rogan Josh were all prepared beautifully. Fresh and flavorful!,5,2026-03-29T12:42:31.930309
REV-001720,ORD-20260325-786474,CUST-10413,REST-MUM-001,Incredible meal! Chole Bhature  Paneer Butter Masala  and Lamb Rogan Josh arrived hot and fresh. The Chole Bhature was absolutely divine. Highly satisfied!,5,2026-03-29T13:04:53.930309
REV-001775,ORD-20260328-497759,CUST-10945,REST-DEL-001,Shocking! Chicken 65 and Chicken Biryani bore no resemblance to the menu description. Chicken 65 was inedible. Refund demanded!,1,2026-03-29T16:55:32.930309
REV-001776,ORD-20260328-860600,CUST-10840,REST-DEL-001,Good quality food. Butter Chicken  Tandoori Roti  and Fresh Lime Soda were nicely done. Tandoori Roti could have been slightly spicier but still good!,4,2026-03-29T17:00:37.930309
REV-001686,ORD-20260322-454494,CUST-10766,REST-BLR-001,Incredible meal! Naan arrived hot and fresh. The Naan was absolutely divine. Highly satisfied!,5,2026-03-29T17:14:07.930309
REV-001777,ORD-20260328-714985,CUST-10329,REST-MUM-002,Good quality food. Fresh Lime Soda and Chicken Seekh Kebab were nicely done. Chicken Seekh Kebab could have been slightly spicier but still good!,4,2026-03-29T17:24:24.930309
REV-001711,ORD-20260324-649882,CUST-10338,REST-MUM-001,Not bad  not great. Butter Naan  Chicken 65  Fish Curry  Gajar Halwa  and Jeera Rice were edible. Gajar Halwa needed more seasoning.,3,2026-03-29T17:29:34.930309
REV-001763,ORD-20260327-208339,CUST-10511,REST-MUM-002,It was okay. Vegetable Biryani  Chole Bhature  Jeera Rice  and Garlic Naan arrived lukewarm. Vegetable Biryani tasted fine but could be better.,3,2026-03-29T18:24:45.930309
REV-001764,ORD-20260327-561548,CUST-10966,REST-DEL-001,Exceptional quality! Ordered Fresh Lime Soda  Tandoori Roti  Chicken Tikka Masala  Jeera Rice  and Dal Makhani and everything was delicious. The Fresh Lime Soda melted in my mouth. Perfect!,5,2026-03-29T19:52:20.930309
REV-001753,ORD-20260326-257189,CUST-10093,REST-DEL-002,Incredible meal! Fish Curry arrived hot and fresh. The Fish Curry was absolutely divine. Highly satisfied!,5,2026-03-29T20:48:35.930309
REV-001691,ORD-20260322-184457,CUST-10006,REST-MUM-002,Great food overall. Samosa (2 pcs) and Sweet Lassi were tasty  especially the Sweet Lassi. Would order again!,4,2026-03-29T21:04:14.930309
REV-001735,ORD-20260326-116082,CUST-10868,REST-MUM-002,Pleasant meal! Chole Bhature arrived warm. Chole Bhature was tasty though not exceptional. Would order again.,4,2026-03-30T10:31:36.930309
REV-001781,ORD-20260329-771961,CUST-10931,REST-DEL-001,Great food overall. Paneer Tikka  Fresh Lime Soda  Palak Paneer  Dal Makhani  and Chicken Seekh Kebab were tasty  especially the Paneer Tikka. Would order again!,4,2026-03-30T11:23:54.930309
REV-001703,ORD-20260324-739619,CUST-10343,REST-DEL-001,Wow! Just wow! Aloo Tikki Chaat  Fresh Lime Soda  and Chole Bhature were all fantastic. Chole Bhature was particularly memorable. Can't wait to order again!,5,2026-03-30T12:00:32.930309
REV-001768,ORD-20260328-846312,CUST-10735,REST-MUM-002,Pleasant meal! Chole Bhature  Paneer Butter Masala  Chicken Seekh Kebab  Gajar Halwa  and Malai Kofta arrived warm. Chole Bhature was tasty though not exceptional. Would order again.,4,2026-03-30T12:11:55.930309
REV-001721,ORD-20260325-474394,CUST-10734,REST-MUM-001,Best Indian food in UAE! Palak Paneer  Paneer Butter Masala  and Malai Kofta were incredible. Malai Kofta had the perfect balance of spices. Five stars!,5,2026-03-30T13:40:16.930309
REV-001758,ORD-20260327-652604,CUST-10358,REST-MUM-002,Absolutely amazing Sweet Lassi  Chicken Tikka Masala  Paneer Tikka  and Jeera Rice! The Jeera Rice was cooked to perfection. Fresh ingredients and authentic flavors. Highly recommend!,5,2026-03-30T13:46:15.930309
REV-001695,ORD-20260323-385017,CUST-10464,REST-BLR-001,Best Indian food in UAE! Chole Bhature were incredible. Chole Bhature had the perfect balance of spices. Five stars!,5,2026-03-30T13:53:07.930309
REV-001770,ORD-20260328-934154,CUST-10681,REST-MUM-001,Best Indian food in UAE! Paneer Tikka  Butter Naan  Rasmalai (2 pcs)  Malai Kofta  and Dal Makhani were incredible. Paneer Tikka had the perfect balance of spices. Five stars!,5,2026-03-30T15:22:56.930309
REV-001771,ORD-20260328-193855,CUST-10581,REST-DEL-002,Disaster! Malai Kofta  Chole Bhature  and Paneer Butter Masala were all stale. Malai Kofta had a weird smell. Completely unacceptable!,1,2026-03-30T16:11:13.930309
REV-001729,ORD-20260325-971365,CUST-10951,REST-BLR-001,Hands down the best Aloo Tikki Chaat I've ever had! Aloo Tikki Chaat  Lamb Rogan Josh  Garlic Naan  and Fresh Lime Soda were all prepared beautifully. Fresh and flavorful!,5,2026-03-30T17:55:20.930309
REV-001751,ORD-20260326-498709,CUST-10534,REST-BLR-001,Great food overall. Gajar Halwa  Masala Chai  Lamb Rogan Josh  Butter Chicken  and Mango Lassi were tasty  especially the Butter Chicken. Would order again!,4,2026-03-30T19:04:44.930309
REV-001714,ORD-20260324-807494,CUST-10513,REST-MUM-002,Incredible meal! Paneer Tikka  Kulfi  Vegetable Biryani  and Mango Lassi arrived hot and fresh. The Kulfi was absolutely divine. Highly satisfied!,5,2026-03-30T20:19:09.930309
REV-001699,ORD-20260323-288443,CUST-10699,REST-BLR-001,Hands down the best Samosa (2 pcs) I've ever had! Gajar Halwa  Samosa (2 pcs)  Gulab Jamun (2 pcs)  and Sweet Lassi were all prepared beautifully. Fresh and flavorful!,5,2026-03-30T21:25:52.930309
REV-001717,ORD-20260324-515885,CUST-10397,REST-MUM-002,Hands down the best Paneer Butter Masala I've ever had! Paneer Butter Masala and Chicken 65 were all prepared beautifully. Fresh and flavorful!,5,2026-03-30T21:35:06.930309
REV-001732,ORD-20260325-572266,CUST-10808,REST-DEL-001,Good quality food. Garlic Naan and Chicken 65 were nicely done. Garlic Naan could have been slightly spicier but still good!,4,2026-03-30T21:42:25.930309
REV-001755,ORD-20260326-648134,CUST-10602,REST-DEL-002,Pleasant meal! Garlic Naan  Butter Chicken  Masala Chai  and Fish Curry arrived warm. Fish Curry was tasty though not exceptional. Would order again.,4,2026-03-30T21:50:11.930309
REV-001736,ORD-20260326-498282,CUST-10803,REST-MUM-002,Wow! Just wow! Chicken Tikka Masala  Gulab Jamun (2 pcs)  Mango Lassi  and Jeera Rice were all fantastic. Mango Lassi was particularly memorable. Can't wait to order again!,5,2026-03-31T10:45:40.930309
REV-001737,ORD-20260326-120662,CUST-10755,REST-DEL-001,Hands down the best Palak Paneer I've ever had! Chicken 65  Palak Paneer  Malai Kofta  and Tandoori Roti were all prepared beautifully. Fresh and flavorful!,5,2026-03-31T11:44:30.930309
REV-001738,ORD-20260326-106807,CUST-10152,REST-DEL-002,Disaster! Palak Paneer  Samosa (2 pcs)  Vegetable Biryani  Naan  and Butter Naan were all stale. Samosa (2 pcs) had a weird smell. Completely unacceptable!,1,2026-03-31T12:05:22.930309
REV-001704,ORD-20260324-877806,CUST-10013,REST-DEL-002,Wow! Just wow! Fresh Lime Soda  Chicken Biryani  Vegetable Biryani  and Chicken Seekh Kebab were all fantastic. Vegetable Biryani was particularly memorable. Can't wait to order again!,5,2026-03-31T12:16:01.930309
REV-001740,ORD-20260326-625614,CUST-10901,REST-MUM-001,Great food overall. Vegetable Biryani  Chicken Biryani  Aloo Tikki Chaat  and Kulfi were tasty  especially the Chicken Biryani. Would order again!,4,2026-03-31T12:33:40.930309
REV-001725,ORD-20260325-303833,CUST-10037,REST-DEL-002,Best Indian food in UAE! Paneer Butter Masala  Chicken Seekh Kebab  and Malai Kofta were incredible. Malai Kofta had the perfect balance of spices. Five stars!,5,2026-03-31T16:08:15.930309
REV-001773,ORD-20260328-674907,CUST-10437,REST-BLR-001,Best Indian food in UAE! Chicken 65  Mango Lassi  Masala Chai  and Chicken Biryani were incredible. Masala Chai had the perfect balance of spices. Five stars!,5,2026-03-31T16:33:19.930309
REV-001709,ORD-20260324-460055,CUST-10142,REST-DEL-002,Incredible meal! Palak Paneer and Malai Kofta arrived hot and fresh. The Palak Paneer was absolutely divine. Highly satisfied!,5,2026-03-31T16:53:31.930309
REV-001728,ORD-20260325-883275,CUST-10571,REST-DEL-001,Outstanding experience! The Dal Makhani  Chicken 65  Vegetable Biryani  Lamb Rogan Josh  and Chicken Tikka Masala exceeded all expectations. Vegetable Biryani was the star of the meal. Will definitely order again!,5,2026-03-31T17:53:09.930309
REV-001712,ORD-20260324-959081,CUST-10841,REST-MUM-002,Hands down the best Chicken Biryani I've ever had! Rasmalai (2 pcs) and Chicken Biryani were all prepared beautifully. Fresh and flavorful!,5,2026-03-31T18:39:07.930309
REV-001750,ORD-20260326-262590,CUST-10358,REST-BLR-001,Best Indian food in UAE! Mango Lassi and Chicken Biryani were incredible. Chicken Biryani had the perfect balance of spices. Five stars!,5,2026-03-31T18:52:45.930309
REV-001713,ORD-20260324-574803,CUST-10786,REST-BLR-001,Outstanding experience! The Rasmalai (2 pcs)  Chicken Biryani  Vegetable Biryani  and Samosa (2 pcs) exceeded all expectations. Vegetable Biryani was the star of the meal. Will definitely order again!,5,2026-03-31T19:52:49.930309
REV-001766,ORD-20260327-953930,CUST-10888,REST-MUM-002,Best Indian food in UAE! Vegetable Biryani  Butter Chicken  Paneer Butter Masala  and Palak Paneer were incredible. Paneer Butter Masala had the perfect balance of spices. Five stars!,5,2026-03-31T22:00:47.930309
REV-001808,ORD-20260331-108482,CUST-10594,REST-BLR-001,Really good Paneer Tikka  Gulab Jamun (2 pcs)  Chicken Tikka Masala  and Rasmalai (2 pcs)! The Gulab Jamun (2 pcs) was delicious. Slight delay in delivery but food quality made up for it.,4,2026-04-01T10:55:13.930309
REV-001794,ORD-20260330-207540,CUST-10562,REST-MUM-002,Enjoyed the Gulab Jamun (2 pcs)! Gulab Jamun (2 pcs) was very good. Portion sizes were generous. Recommend!,4,2026-04-01T11:24:01.930309
REV-001742,ORD-20260326-759847,CUST-10192,REST-DEL-002,It was okay. Chicken Tikka Masala  Chicken 65  and Aloo Tikki Chaat arrived lukewarm. Chicken Tikka Masala tasted fine but could be better.,3,2026-04-01T13:03:04.930309
REV-001757,ORD-20260327-510206,CUST-10246,REST-MUM-002,Wow! Just wow! Gajar Halwa and Paneer Butter Masala were all fantastic. Gajar Halwa was particularly memorable. Can't wait to order again!,5,2026-04-01T13:42:37.930309
REV-001816,ORD-20260331-889243,CUST-10605,REST-BLR-001,Enjoyed the Butter Chicken  Paneer Butter Masala  and Chicken Biryani! Butter Chicken was very good. Portion sizes were generous. Recommend!,4,2026-04-01T16:40:01.930309
REV-001761,ORD-20260327-737400,CUST-10769,REST-MUM-002,Good quality food. Aloo Tikki Chaat were nicely done. Aloo Tikki Chaat could have been slightly spicier but still good!,4,2026-04-01T17:05:16.930309
REV-001817,ORD-20260331-174607,CUST-10880,REST-MUM-002,Exceptional quality! Ordered Butter Chicken  Samosa (2 pcs)  Sweet Lassi  Jeera Rice  and Fish Curry and everything was delicious. The Sweet Lassi melted in my mouth. Perfect!,5,2026-04-01T17:08:22.930309
REV-001752,ORD-20260326-533939,CUST-10975,REST-BLR-001,Best Indian food in UAE! Kulfi  Lamb Rogan Josh  Aloo Tikki Chaat  Chicken 65  and Masala Chai were incredible. Lamb Rogan Josh had the perfect balance of spices. Five stars!,5,2026-04-01T19:38:18.930309
REV-001803,ORD-20260330-240163,CUST-10184,REST-BLR-001,Outstanding experience! The Garlic Naan  Gajar Halwa  Rasmalai (2 pcs)  and Gulab Jamun (2 pcs) exceeded all expectations. Rasmalai (2 pcs) was the star of the meal. Will definitely order again!,5,2026-04-01T19:42:35.930309
REV-001765,ORD-20260327-898283,CUST-10534,REST-DEL-001,Outstanding experience! The Garlic Naan  Rasmalai (2 pcs)  and Samosa (2 pcs) exceeded all expectations. Garlic Naan was the star of the meal. Will definitely order again!,5,2026-04-01T20:13:46.930309
REV-001754,ORD-20260326-291044,CUST-10926,REST-MUM-002,Perfect in every way! Mango Lassi  Chicken Tikka Masala  Aloo Tikki Chaat  and Fish Curry were all excellent. Chicken Tikka Masala stood out with its rich  authentic taste.,5,2026-04-01T20:51:20.930309
REV-001822,ORD-20260331-273496,CUST-10440,REST-MUM-002,Solid experience. Naan were well-prepared. Naan had great flavor. Minor issues with packaging.,4,2026-04-01T21:50:15.930309
REV-001733,ORD-20260325-588754,CUST-10884,REST-MUM-002,Exceptional quality! Ordered Rasmalai (2 pcs) and Masala Chai and everything was delicious. The Masala Chai melted in my mouth. Perfect!,5,2026-04-01T22:08:37.930309
REV-001734,ORD-20260325-727409,CUST-10269,REST-DEL-001,Perfect in every way! Paneer Butter Masala and Sweet Lassi were all excellent. Paneer Butter Masala stood out with its rich  authentic taste.,5,2026-04-01T22:13:22.930309
REV-001779,ORD-20260329-554161,CUST-10552,REST-DEL-002,Exceptional quality! Ordered Chicken 65  Garlic Naan  Rasmalai (2 pcs)  and Chicken Biryani and everything was delicious. The Chicken Biryani melted in my mouth. Perfect!,5,2026-04-02T10:28:03.930309
REV-001767,ORD-20260328-823678,CUST-10414,REST-MUM-002,It was okay. Chicken Biryani  Paneer Tikka  Samosa (2 pcs)  Butter Naan  and Kulfi arrived lukewarm. Samosa (2 pcs) tasted fine but could be better.,3,2026-04-02T11:22:19.930309
REV-001739,ORD-20260326-568912,CUST-10527,REST-MUM-001,Appalling quality! Jeera Rice  Vegetable Biryani  and Naan were swimming in oil. Naan was raw inside. Health hazard!,1,2026-04-02T12:05:29.930309
REV-001795,ORD-20260330-135447,CUST-10391,REST-MUM-001,Absolutely amazing Palak Paneer and Gulab Jamun (2 pcs)! The Palak Paneer was cooked to perfection. Fresh ingredients and authentic flavors. Highly recommend!,5,2026-04-02T12:34:31.930309
REV-001796,ORD-20260330-387468,CUST-10941,REST-MUM-001,Exceptional quality! Ordered Fresh Lime Soda and Dal Makhani and everything was delicious. The Dal Makhani melted in my mouth. Perfect!,5,2026-04-02T12:39:38.930309
REV-001797,ORD-20260330-256642,CUST-10580,REST-BLR-001,Exceptional quality! Ordered Tandoori Roti  Jeera Rice  and Garlic Naan and everything was delicious. The Jeera Rice melted in my mouth. Perfect!,5,2026-04-02T12:48:25.930309
REV-001741,ORD-20260326-549320,CUST-10619,REST-DEL-002,Absolutely amazing Samosa (2 pcs)  Chicken 65  Chicken Biryani  Malai Kofta  and Paneer Tikka! The Malai Kofta was cooked to perfection. Fresh ingredients and authentic flavors. Highly recommend!,5,2026-04-02T12:56:18.930309
REV-001811,ORD-20260331-231496,CUST-10869,REST-MUM-001,Best Indian food in UAE! Lamb Rogan Josh and Paneer Tikka were incredible. Lamb Rogan Josh had the perfect balance of spices. Five stars!,5,2026-04-02T14:17:03.930309
REV-001828,ORD-20260401-322012,CUST-10896,REST-BLR-001,Average experience. Kulfi  Gajar Halwa  Chicken Seekh Kebab  Chicken 65  and Chicken Biryani were fine but Kulfi was a bit bland. Room for improvement.,3,2026-04-02T15:04:07.930309
REV-001743,ORD-20260326-445215,CUST-10116,REST-DEL-001,Very satisfied! Paneer Butter Masala and Gulab Jamun (2 pcs) were fresh and flavorful. Paneer Butter Masala was the standout dish.,4,2026-04-02T15:41:28.930309
REV-001799,ORD-20260330-527071,CUST-10225,REST-MUM-002,Outstanding experience! The Gajar Halwa  Jeera Rice  Chicken 65  Rasmalai (2 pcs)  and Paneer Butter Masala exceeded all expectations. Rasmalai (2 pcs) was the star of the meal. Will definitely order again!,5,2026-04-02T15:42:58.930309
REV-001772,ORD-20260328-295608,CUST-10421,REST-DEL-002,Wow! Just wow! Aloo Tikki Chaat were all fantastic. Aloo Tikki Chaat was particularly memorable. Can't wait to order again!,5,2026-04-02T16:17:06.930309
REV-001760,ORD-20260327-671095,CUST-10659,REST-BLR-001,Very satisfied! Garlic Naan  Chicken Biryani  Samosa (2 pcs)  and Lamb Rogan Josh were fresh and flavorful. Lamb Rogan Josh was the standout dish.,4,2026-04-02T16:51:21.930309
REV-001745,ORD-20260326-625287,CUST-10699,REST-MUM-001,Shocking! Chicken Seekh Kebab  Tandoori Roti  Chole Bhature  Paneer Butter Masala  and Palak Paneer bore no resemblance to the menu description. Paneer Butter Masala was inedible. Refund demanded!,1,2026-04-02T16:58:00.930309
REV-001746,ORD-20260326-372491,CUST-10135,REST-MUM-001,Disappointed with Paneer Tikka  Butter Naan  and Masala Chai. Paneer Tikka was cold when it arrived. Not worth the money.,2,2026-04-02T17:19:46.930309
REV-001786,ORD-20260329-904397,CUST-10736,REST-MUM-002,Best Indian food in UAE! Chicken Tikka Masala were incredible. Chicken Tikka Masala had the perfect balance of spices. Five stars!,5,2026-04-02T17:48:06.930309
REV-001800,ORD-20260330-409100,CUST-10569,REST-DEL-001,Wow! Just wow! Masala Chai were all fantastic. Masala Chai was particularly memorable. Can't wait to order again!,5,2026-04-02T18:22:45.930309
REV-001832,ORD-20260401-641899,CUST-10239,REST-DEL-002,Perfect in every way! Jeera Rice and Tandoori Roti were all excellent. Jeera Rice stood out with its rich  authentic taste.,5,2026-04-02T19:26:42.930309
REV-001790,ORD-20260329-609073,CUST-10113,REST-MUM-002,Enjoyed the Naan  Chicken 65  Chicken Tikka Masala  Malai Kofta  and Jeera Rice! Chicken 65 was very good. Portion sizes were generous. Recommend!,4,2026-04-02T22:43:32.930309
REV-001806,ORD-20260331-280508,CUST-10149,REST-BLR-001,Really good Jeera Rice  Butter Naan  Masala Chai  Mango Lassi  and Kulfi! The Masala Chai was delicious. Slight delay in delivery but food quality made up for it.,4,2026-04-03T10:15:54.930309
REV-001839,ORD-20260402-418584,CUST-10185,REST-BLR-001,It was okay. Dal Makhani  Kulfi  Masala Chai  Fish Curry  and Butter Naan arrived lukewarm. Dal Makhani tasted fine but could be better.,3,2026-04-03T12:20:02.930309
REV-001785,ORD-20260329-742247,CUST-10706,REST-MUM-002,Unsatisfactory. Dal Makhani were not fresh. Dal Makhani tasted reheated. Won't order again.,2,2026-04-03T14:10:27.930309
REV-001798,ORD-20260330-249593,CUST-10744,REST-DEL-002,Best Indian food in UAE! Chicken 65  Lamb Rogan Josh  Butter Chicken  and Sweet Lassi were incredible. Butter Chicken had the perfect balance of spices. Five stars!,5,2026-04-03T14:44:24.930309
REV-001827,ORD-20260401-592005,CUST-10934,REST-DEL-001,Hands down the best Samosa (2 pcs) I've ever had! Sweet Lassi and Samosa (2 pcs) were all prepared beautifully. Fresh and flavorful!,5,2026-04-03T14:46:20.930309
REV-001844,ORD-20260402-801319,CUST-10301,REST-DEL-002,Disaster! Lamb Rogan Josh  Paneer Butter Masala  and Tandoori Roti were all stale. Paneer Butter Masala had a weird smell. Completely unacceptable!,1,2026-04-03T15:53:06.930309
REV-001774,ORD-20260328-395619,CUST-10890,REST-DEL-002,Wow! Just wow! Gajar Halwa  Chicken Biryani  Malai Kofta  Kulfi  and Tandoori Roti were all fantastic. Kulfi was particularly memorable. Can't wait to order again!,5,2026-04-03T16:50:38.930309
REV-001778,ORD-20260328-151777,CUST-10615,REST-MUM-002,Very satisfied! Rasmalai (2 pcs) and Butter Chicken were fresh and flavorful. Butter Chicken was the standout dish.,4,2026-04-03T17:58:49.930309
REV-001831,ORD-20260401-544300,CUST-10189,REST-DEL-001,Great food overall. Vegetable Biryani and Lamb Rogan Josh were tasty  especially the Lamb Rogan Josh. Would order again!,4,2026-04-03T18:47:10.930309
REV-001847,ORD-20260402-463152,CUST-10470,REST-DEL-001,Really good Paneer Tikka! The Paneer Tikka was delicious. Slight delay in delivery but food quality made up for it.,4,2026-04-03T19:11:39.930309
REV-001788,ORD-20260329-740482,CUST-10776,REST-MUM-001,It was okay. Aloo Tikki Chaat  Butter Chicken  Lamb Rogan Josh  and Sweet Lassi arrived lukewarm. Lamb Rogan Josh tasted fine but could be better.,3,2026-04-03T19:42:48.930309
REV-001849,ORD-20260402-711044,CUST-10426,REST-DEL-001,Average experience. Malai Kofta  Sweet Lassi  Dal Makhani  Chicken Tikka Masala  and Paneer Tikka were fine but Sweet Lassi was a bit bland. Room for improvement.,3,2026-04-03T20:09:49.930309
REV-001789,ORD-20260329-852748,CUST-10982,REST-DEL-002,Good quality food. Chicken Biryani were nicely done. Chicken Biryani could have been slightly spicier but still good!,4,2026-04-03T20:22:35.930309
REV-001834,ORD-20260401-705690,CUST-10959,REST-MUM-002,Mixed feelings. Garlic Naan  Gajar Halwa  and Naan were acceptable. Gajar Halwa was decent but portion was small for the price.,3,2026-04-03T22:19:34.930309
REV-001835,ORD-20260401-541185,CUST-10543,REST-MUM-001,Incredible meal! Tandoori Roti and Lamb Rogan Josh arrived hot and fresh. The Tandoori Roti was absolutely divine. Highly satisfied!,5,2026-04-03T22:31:33.930309
REV-001852,ORD-20260402-317494,CUST-10994,REST-DEL-001,Absolutely amazing Chicken Tikka Masala! The Chicken Tikka Masala was cooked to perfection. Fresh ingredients and authentic flavors. Highly recommend!,5,2026-04-03T22:58:55.930309
REV-001791,ORD-20260330-350755,CUST-10282,REST-DEL-002,Exceptional quality! Ordered Rasmalai (2 pcs)  Mango Lassi  Chicken 65  Jeera Rice  and Masala Chai and everything was delicious. The Jeera Rice melted in my mouth. Perfect!,5,2026-04-04T10:20:43.930309
REV-001780,ORD-20260329-792857,CUST-10813,REST-MUM-001,Unsatisfactory. Masala Chai  Vegetable Biryani  Gajar Halwa  and Dal Makhani were not fresh. Gajar Halwa tasted reheated. Won't order again.,2,2026-04-04T10:56:47.930309
REV-001837,ORD-20260402-889917,CUST-10757,REST-DEL-001,Not good. Vegetable Biryani  Dal Makhani  Fresh Lime Soda  and Paneer Tikka arrived late and cold. Fresh Lime Soda had barely any flavor. Poor quality.,2,2026-04-04T11:05:39.930309
REV-001840,ORD-20260402-889429,CUST-10406,REST-MUM-002,Very satisfied! Chicken Seekh Kebab and Kulfi were fresh and flavorful. Chicken Seekh Kebab was the standout dish.,4,2026-04-04T12:54:55.930309
REV-001783,ORD-20260329-218681,CUST-10682,REST-MUM-002,Hands down the best Aloo Tikki Chaat I've ever had! Garlic Naan and Aloo Tikki Chaat were all prepared beautifully. Fresh and flavorful!,5,2026-04-04T13:10:31.930309
REV-001769,ORD-20260328-809196,CUST-10586,REST-DEL-001,Absolutely amazing Palak Paneer and Kulfi! The Kulfi was cooked to perfection. Fresh ingredients and authentic flavors. Highly recommend!,5,2026-04-04T13:13:19.930309
REV-001858,ORD-20260403-361730,CUST-10484,REST-MUM-002,Terrible experience! Chole Bhature  Jeera Rice  and Tandoori Roti were all inedible. Jeera Rice was completely burnt. Waste of money!,1,2026-04-04T14:19:43.930309
REV-001859,ORD-20260403-708355,CUST-10541,REST-MUM-002,Pleasant meal! Rasmalai (2 pcs)  Chicken Biryani  Naan  Sweet Lassi  and Samosa (2 pcs) arrived warm. Samosa (2 pcs) was tasty though not exceptional. Would order again.,4,2026-04-04T14:53:33.930309
REV-001815,ORD-20260331-484574,CUST-10429,REST-MUM-001,Enjoyed the Kulfi! Kulfi was very good. Portion sizes were generous. Recommend!,4,2026-04-04T15:47:55.930309
REV-001829,ORD-20260401-430937,CUST-10954,REST-BLR-001,Unsatisfactory. Dal Makhani  Chicken Seekh Kebab  Jeera Rice  Aloo Tikki Chaat  and Garlic Naan were not fresh. Chicken Seekh Kebab tasted reheated. Won't order again.,2,2026-04-04T17:33:23.930309
REV-001845,ORD-20260402-206465,CUST-10731,REST-BLR-001,Perfect in every way! Fresh Lime Soda  Fish Curry  Butter Chicken  and Chicken 65 were all excellent. Butter Chicken stood out with its rich  authentic taste.,5,2026-04-04T17:34:25.930309
REV-001818,ORD-20260331-689875,CUST-10414,REST-MUM-001,Wow! Just wow! Fresh Lime Soda  Samosa (2 pcs)  Chicken Seekh Kebab  and Jeera Rice were all fantastic. Chicken Seekh Kebab was particularly memorable. Can't wait to order again!,5,2026-04-04T18:41:14.930309
REV-001801,ORD-20260330-681526,CUST-10160,REST-MUM-002,Poor experience. Chicken Tikka Masala and Chicken 65 were disappointing. Chicken 65 was burnt on the edges. Very unhappy.,2,2026-04-04T19:05:02.930309
REV-001819,ORD-20260331-288124,CUST-10914,REST-BLR-001,Exceptional quality! Ordered Mango Lassi  Vegetable Biryani  Chicken Seekh Kebab  Chicken Biryani  and Dal Makhani and everything was delicious. The Mango Lassi melted in my mouth. Perfect!,5,2026-04-04T19:21:12.930309
REV-001833,ORD-20260401-252231,CUST-10055,REST-MUM-001,Incredible meal! Butter Chicken and Paneer Tikka arrived hot and fresh. The Paneer Tikka was absolutely divine. Highly satisfied!,5,2026-04-04T22:17:31.930309
REV-001805,ORD-20260330-492904,CUST-10313,REST-MUM-001,Best Indian food in UAE! Chicken 65  Paneer Tikka  and Tandoori Roti were incredible. Tandoori Roti had the perfect balance of spices. Five stars!,5,2026-04-04T22:46:36.930309
REV-001793,ORD-20260330-268293,CUST-10352,REST-BLR-001,Not bad  not great. Mango Lassi  Jeera Rice  and Chicken 65 were edible. Mango Lassi needed more seasoning.,3,2026-04-05T10:52:45.930309
REV-001823,ORD-20260401-145135,CUST-10218,REST-MUM-001,Outstanding experience! The Paneer Butter Masala and Malai Kofta exceeded all expectations. Paneer Butter Masala was the star of the meal. Will definitely order again!,5,2026-04-05T12:16:14.930309
REV-001782,ORD-20260329-472591,CUST-10804,REST-DEL-002,Really good Rasmalai (2 pcs)  Butter Chicken  Paneer Butter Masala  and Vegetable Biryani! The Paneer Butter Masala was delicious. Slight delay in delivery but food quality made up for it.,4,2026-04-05T12:50:20.930309
REV-001841,ORD-20260402-132913,CUST-10133,REST-MUM-001,Pleasant meal! Vegetable Biryani  Fresh Lime Soda  Chole Bhature  Gajar Halwa  and Garlic Naan arrived warm. Vegetable Biryani was tasty though not exceptional. Would order again.,4,2026-04-05T13:08:58.930309
REV-001784,ORD-20260329-718372,CUST-10459,REST-DEL-001,Incredible meal! Lamb Rogan Josh  Chole Bhature  Jeera Rice  Tandoori Roti  and Chicken Biryani arrived hot and fresh. The Tandoori Roti was absolutely divine. Highly satisfied!,5,2026-04-05T13:22:29.930309
REV-001842,ORD-20260402-844005,CUST-10307,REST-BLR-001,Good quality food. Aloo Tikki Chaat  Samosa (2 pcs)  Fish Curry  Chole Bhature  and Butter Naan were nicely done. Butter Naan could have been slightly spicier but still good!,4,2026-04-05T14:41:25.930309
REV-001862,ORD-20260403-651746,CUST-10331,REST-BLR-001,Not good. Sweet Lassi and Jeera Rice arrived late and cold. Sweet Lassi had barely any flavor. Poor quality.,2,2026-04-05T15:54:42.930309
REV-001887,ORD-20260404-501760,CUST-10945,REST-MUM-001,Hands down the best Mango Lassi I've ever had! Mango Lassi  Fresh Lime Soda  and Butter Chicken were all prepared beautifully. Fresh and flavorful!,5,2026-04-05T18:58:37.930309
REV-001848,ORD-20260402-687072,CUST-10496,REST-DEL-001,Incredible meal! Tandoori Roti  Gajar Halwa  Paneer Butter Masala  Chicken Tikka Masala  and Garlic Naan arrived hot and fresh. The Chicken Tikka Masala was absolutely divine. Highly satisfied!,5,2026-04-05T19:21:01.930309
REV-001787,ORD-20260329-142349,CUST-10918,REST-MUM-001,Incredible meal! Tandoori Roti and Gajar Halwa arrived hot and fresh. The Tandoori Roti was absolutely divine. Highly satisfied!,5,2026-04-05T19:38:13.930309
REV-001802,ORD-20260330-829270,CUST-10851,REST-DEL-001,Absolutely amazing Palak Paneer  Gajar Halwa  and Paneer Butter Masala! The Palak Paneer was cooked to perfection. Fresh ingredients and authentic flavors. Highly recommend!,5,2026-04-05T19:41:44.930309
REV-001870,ORD-20260403-387025,CUST-10669,REST-MUM-001,Average experience. Paneer Butter Masala and Gajar Halwa were fine but Gajar Halwa was a bit bland. Room for improvement.,3,2026-04-05T21:10:28.930309
REV-001851,ORD-20260402-172195,CUST-10454,REST-DEL-002,Outstanding experience! The Fresh Lime Soda  Palak Paneer  Chicken Seekh Kebab  Tandoori Roti  and Aloo Tikki Chaat exceeded all expectations. Aloo Tikki Chaat was the star of the meal. Will definitely order again!,5,2026-04-05T21:11:05.930309
REV-001807,ORD-20260331-302241,CUST-10578,REST-MUM-002,Outstanding experience! The Jeera Rice  Kulfi  Chicken Biryani  and Paneer Butter Masala exceeded all expectations. Kulfi was the star of the meal. Will definitely order again!,5,2026-04-06T10:32:24.930309
REV-001792,ORD-20260330-808132,CUST-10760,REST-DEL-001,Best Indian food in UAE! Garlic Naan  Rasmalai (2 pcs)  and Lamb Rogan Josh were incredible. Rasmalai (2 pcs) had the perfect balance of spices. Five stars!,5,2026-04-06T10:40:55.930309
REV-001809,ORD-20260331-775878,CUST-10107,REST-DEL-002,Appalling quality! Paneer Tikka  Palak Paneer  Sweet Lassi  and Vegetable Biryani were swimming in oil. Sweet Lassi was raw inside. Health hazard!,1,2026-04-06T12:29:37.930309
REV-001824,ORD-20260401-250410,CUST-10531,REST-MUM-002,Incredible meal! Kulfi  Palak Paneer  Butter Chicken  Garlic Naan  and Gajar Halwa arrived hot and fresh. The Palak Paneer was absolutely divine. Highly satisfied!,5,2026-04-06T13:00:24.930309
REV-001856,ORD-20260403-273188,CUST-10379,REST-DEL-001,Incredible meal! Samosa (2 pcs) arrived hot and fresh. The Samosa (2 pcs) was absolutely divine. Highly satisfied!,5,2026-04-06T13:16:56.930309
REV-001810,ORD-20260331-976876,CUST-10349,REST-BLR-001,Poor experience. Garlic Naan  Tandoori Roti  Fresh Lime Soda  Vegetable Biryani  and Chicken Biryani were disappointing. Fresh Lime Soda was burnt on the edges. Very unhappy.,2,2026-04-06T13:39:58.930309
REV-001857,ORD-20260403-338095,CUST-10349,REST-DEL-002,Exceptional quality! Ordered Sweet Lassi  Tandoori Roti  Chole Bhature  Mango Lassi  and Jeera Rice and everything was delicious. The Chole Bhature melted in my mouth. Perfect!,5,2026-04-06T13:51:47.930309
REV-001860,ORD-20260403-603283,CUST-10209,REST-DEL-001,Very satisfied! Mango Lassi and Gajar Halwa were fresh and flavorful. Mango Lassi was the standout dish.,4,2026-04-06T14:59:39.930309
REV-001881,ORD-20260404-629198,CUST-10762,REST-BLR-001,Wow! Just wow! Butter Naan  Dal Makhani  and Palak Paneer were all fantastic. Dal Makhani was particularly memorable. Can't wait to order again!,5,2026-04-06T15:15:51.930309
REV-001882,ORD-20260404-123964,CUST-10020,REST-DEL-001,Unsatisfactory. Jeera Rice were not fresh. Jeera Rice tasted reheated. Won't order again.,2,2026-04-06T15:20:32.930309
REV-001812,ORD-20260331-712703,CUST-10863,REST-MUM-001,Exceptional quality! Ordered Garlic Naan and everything was delicious. The Garlic Naan melted in my mouth. Perfect!,5,2026-04-06T15:35:55.930309
REV-001813,ORD-20260331-406847,CUST-10669,REST-DEL-002,Disappointed with Chicken Seekh Kebab. Chicken Seekh Kebab was cold when it arrived. Not worth the money.,2,2026-04-06T15:38:31.930309
REV-001814,ORD-20260331-810593,CUST-10155,REST-MUM-001,Hands down the best Chicken Seekh Kebab I've ever had! Chicken Seekh Kebab and Paneer Butter Masala were all prepared beautifully. Fresh and flavorful!,5,2026-04-06T15:38:40.930309
REV-001864,ORD-20260403-507294,CUST-10236,REST-DEL-001,Poor experience. Vegetable Biryani  Jeera Rice  and Sweet Lassi were disappointing. Vegetable Biryani was burnt on the edges. Very unhappy.,2,2026-04-06T16:40:04.930309
REV-001865,ORD-20260403-761829,CUST-10614,REST-DEL-002,Perfect in every way! Dal Makhani  Chicken Biryani  Fresh Lime Soda  and Gajar Halwa were all excellent. Dal Makhani stood out with its rich  authentic taste.,5,2026-04-06T17:46:29.930309
REV-001888,ORD-20260404-588831,CUST-10121,REST-MUM-001,Poor experience. Palak Paneer  Sweet Lassi  Gajar Halwa  Masala Chai  and Naan were disappointing. Naan was burnt on the edges. Very unhappy.,2,2026-04-06T19:26:42.930309
REV-001804,ORD-20260330-962351,CUST-10231,REST-DEL-002,Outstanding experience! The Tandoori Roti  Masala Chai  and Gajar Halwa exceeded all expectations. Masala Chai was the star of the meal. Will definitely order again!,5,2026-04-06T20:32:44.930309
REV-001893,ORD-20260404-297071,CUST-10035,REST-MUM-001,Decent food but nothing special. Garlic Naan and Rasmalai (2 pcs) were okay. Garlic Naan lacked the punch I expected.,3,2026-04-06T22:16:38.930309
REV-001905,ORD-20260406-992576,CUST-10741,REST-DEL-002,Expected better. Garlic Naan  Samosa (2 pcs)  Masala Chai  Chicken Biryani  and Gulab Jamun (2 pcs) were subpar. Samosa (2 pcs) was too oily and greasy. Stomach upset followed.,2,2026-04-07T10:03:56.930309
REV-001874,ORD-20260404-490829,CUST-10325,REST-MUM-002,Incredible meal! Gajar Halwa arrived hot and fresh. The Gajar Halwa was absolutely divine. Highly satisfied!,5,2026-04-07T10:15:44.930309
REV-001908,ORD-20260406-653286,CUST-10215,REST-DEL-002,Terrible experience! Masala Chai  Gulab Jamun (2 pcs)  and Vegetable Biryani were all inedible. Masala Chai was completely burnt. Waste of money!,1,2026-04-07T11:22:42.930309
REV-001878,ORD-20260404-141517,CUST-10720,REST-MUM-001,Absolutely amazing Paneer Butter Masala! The Paneer Butter Masala was cooked to perfection. Fresh ingredients and authentic flavors. Highly recommend!,5,2026-04-07T13:28:44.930309
REV-001826,ORD-20260401-267490,CUST-10942,REST-MUM-002,Decent food but nothing special. Lamb Rogan Josh  Aloo Tikki Chaat  Sweet Lassi  and Paneer Butter Masala were okay. Aloo Tikki Chaat lacked the punch I expected.,3,2026-04-07T13:58:18.930309
REV-001880,ORD-20260404-562074,CUST-10182,REST-BLR-001,Shocking! Naan bore no resemblance to the menu description. Naan was inedible. Refund demanded!,1,2026-04-07T14:35:15.930309
REV-001901,ORD-20260405-469213,CUST-10501,REST-DEL-002,Solid experience. Fish Curry  Palak Paneer  Garlic Naan  and Kulfi were well-prepared. Fish Curry had great flavor. Minor issues with packaging.,4,2026-04-07T15:39:47.930309
REV-001885,ORD-20260404-704538,CUST-10483,REST-MUM-001,Mixed feelings. Dal Makhani  Naan  Kulfi  and Chicken Biryani were acceptable. Dal Makhani was decent but portion was small for the price.,3,2026-04-07T17:30:58.930309
REV-001866,ORD-20260403-957600,CUST-10552,REST-MUM-002,Great food overall. Kulfi were tasty  especially the Kulfi. Would order again!,4,2026-04-07T18:11:10.930309
REV-001867,ORD-20260403-400256,CUST-10372,REST-BLR-001,Outstanding experience! The Vegetable Biryani and Lamb Rogan Josh exceeded all expectations. Lamb Rogan Josh was the star of the meal. Will definitely order again!,5,2026-04-07T18:44:17.930309
REV-001889,ORD-20260404-408944,CUST-10252,REST-DEL-002,Wow! Just wow! Sweet Lassi  Rasmalai (2 pcs)  Paneer Butter Masala  and Jeera Rice were all fantastic. Rasmalai (2 pcs) was particularly memorable. Can't wait to order again!,5,2026-04-07T19:34:20.930309
REV-001850,ORD-20260402-268175,CUST-10807,REST-MUM-002,Best Indian food in UAE! Gulab Jamun (2 pcs) were incredible. Gulab Jamun (2 pcs) had the perfect balance of spices. Five stars!,5,2026-04-07T20:43:51.930309
REV-001920,ORD-20260406-689720,CUST-10020,REST-DEL-002,Outstanding experience! The Jeera Rice and Paneer Butter Masala exceeded all expectations. Paneer Butter Masala was the star of the meal. Will definitely order again!,5,2026-04-07T20:48:10.930309
REV-001820,ORD-20260331-425677,CUST-10464,REST-MUM-002,Absolutely amazing Butter Chicken  Masala Chai  Vegetable Biryani  and Chicken Seekh Kebab! The Masala Chai was cooked to perfection. Fresh ingredients and authentic flavors. Highly recommend!,5,2026-04-07T21:13:39.930309
REV-001821,ORD-20260331-185281,CUST-10938,REST-MUM-001,Hands down the best Tandoori Roti I've ever had! Tandoori Roti  Dal Makhani  and Garlic Naan were all prepared beautifully. Fresh and flavorful!,5,2026-04-07T21:24:58.930309
REV-001892,ORD-20260404-391493,CUST-10573,REST-DEL-002,Great food overall. Palak Paneer were tasty  especially the Palak Paneer. Would order again!,4,2026-04-07T21:46:35.930309
REV-001872,ORD-20260403-668767,CUST-10689,REST-MUM-001,Exceptional quality! Ordered Sweet Lassi  Mango Lassi  Jeera Rice  Kulfi  and Paneer Butter Masala and everything was delicious. The Kulfi melted in my mouth. Perfect!,5,2026-04-07T21:47:00.930309
REV-001873,ORD-20260403-626116,CUST-10571,REST-DEL-001,Pleasant meal! Vegetable Biryani  Kulfi  and Sweet Lassi arrived warm. Vegetable Biryani was tasty though not exceptional. Would order again.,4,2026-04-07T22:38:03.930309
REV-001836,ORD-20260402-201678,CUST-10870,REST-MUM-001,Not good. Paneer Tikka  Palak Paneer  and Mango Lassi arrived late and cold. Palak Paneer had barely any flavor. Poor quality.,2,2026-04-08T10:47:28.930309
REV-001875,ORD-20260404-732504,CUST-10467,REST-MUM-002,Hands down the best Butter Naan I've ever had! Sweet Lassi  Chicken Seekh Kebab  and Butter Naan were all prepared beautifully. Fresh and flavorful!,5,2026-04-08T11:24:22.930309
REV-001876,ORD-20260404-494648,CUST-10860,REST-DEL-002,Enjoyed the Sweet Lassi  Chole Bhature  Chicken Biryani  Vegetable Biryani  and Tandoori Roti! Vegetable Biryani was very good. Portion sizes were generous. Recommend!,4,2026-04-08T12:18:02.930309
REV-001909,ORD-20260406-690158,CUST-10444,REST-MUM-001,Terrible experience! Gulab Jamun (2 pcs)  Fresh Lime Soda  Fish Curry  Chicken 65  and Garlic Naan were all inedible. Gulab Jamun (2 pcs) was completely burnt. Waste of money!,1,2026-04-08T12:18:55.930309
REV-001855,ORD-20260403-719789,CUST-10411,REST-MUM-001,Terrible experience! Fish Curry and Lamb Rogan Josh were all inedible. Fish Curry was completely burnt. Waste of money!,1,2026-04-08T12:20:44.930309
REV-001825,ORD-20260401-249753,CUST-10443,REST-MUM-002,Mixed feelings. Dal Makhani and Samosa (2 pcs) were acceptable. Samosa (2 pcs) was decent but portion was small for the price.,3,2026-04-08T13:15:19.930309
REV-001900,ORD-20260405-600708,CUST-10703,REST-BLR-001,Great food overall. Gulab Jamun (2 pcs)  Paneer Tikka  and Jeera Rice were tasty  especially the Gulab Jamun (2 pcs). Would order again!,4,2026-04-08T13:50:13.930309
REV-001843,ORD-20260402-708216,CUST-10781,REST-MUM-001,Great food overall. Lamb Rogan Josh were tasty  especially the Lamb Rogan Josh. Would order again!,4,2026-04-08T15:22:16.930309
REV-001830,ORD-20260401-839446,CUST-10989,REST-BLR-001,Hands down the best Sweet Lassi I've ever had! Sweet Lassi and Butter Chicken were all prepared beautifully. Fresh and flavorful!,5,2026-04-08T18:17:42.930309
REV-001936,ORD-20260407-677986,CUST-10400,REST-MUM-002,Enjoyed the Rasmalai (2 pcs) and Butter Chicken! Rasmalai (2 pcs) was very good. Portion sizes were generous. Recommend!,4,2026-04-08T18:27:52.930309
REV-001868,ORD-20260403-863651,CUST-10889,REST-DEL-002,Really good Gajar Halwa  Butter Naan  and Butter Chicken! The Butter Naan was delicious. Slight delay in delivery but food quality made up for it.,4,2026-04-08T19:23:16.930309
REV-001904,ORD-20260405-183449,CUST-10041,REST-DEL-001,Mixed feelings. Samosa (2 pcs) were acceptable. Samosa (2 pcs) was decent but portion was small for the price.,3,2026-04-08T20:09:56.930309
REV-001871,ORD-20260403-848645,CUST-10591,REST-MUM-001,Enjoyed the Sweet Lassi! Sweet Lassi was very good. Portion sizes were generous. Recommend!,4,2026-04-08T21:25:20.930309
REV-001940,ORD-20260407-832627,CUST-10657,REST-DEL-001,Outstanding experience! The Tandoori Roti  Mango Lassi  and Naan exceeded all expectations. Mango Lassi was the star of the meal. Will definitely order again!,5,2026-04-08T22:25:05.930309
REV-001907,ORD-20260406-150079,CUST-10853,REST-DEL-001,Solid experience. Lamb Rogan Josh and Tandoori Roti were well-prepared. Lamb Rogan Josh had great flavor. Minor issues with packaging.,4,2026-04-09T10:53:12.930309
REV-001838,ORD-20260402-349693,CUST-10667,REST-MUM-002,Perfect in every way! Garlic Naan were all excellent. Garlic Naan stood out with its rich  authentic taste.,5,2026-04-09T11:33:37.930309
REV-001854,ORD-20260403-785194,CUST-10592,REST-DEL-002,Perfect in every way! Paneer Tikka  Gulab Jamun (2 pcs)  Chicken 65  Chicken Seekh Kebab  and Chole Bhature were all excellent. Gulab Jamun (2 pcs) stood out with its rich  authentic taste.,5,2026-04-09T12:18:08.930309
REV-001896,ORD-20260405-510667,CUST-10295,REST-MUM-002,Hands down the best Chicken Seekh Kebab I've ever had! Chole Bhature and Chicken Seekh Kebab were all prepared beautifully. Fresh and flavorful!,5,2026-04-09T12:28:11.930309
REV-001877,ORD-20260404-467493,CUST-10743,REST-MUM-002,Absolutely amazing Paneer Butter Masala! The Paneer Butter Masala was cooked to perfection. Fresh ingredients and authentic flavors. Highly recommend!,5,2026-04-09T12:32:40.930309
REV-001898,ORD-20260405-697760,CUST-10540,REST-DEL-001,Perfect in every way! Paneer Tikka were all excellent. Paneer Tikka stood out with its rich  authentic taste.,5,2026-04-09T13:22:26.930309
REV-001912,ORD-20260406-856109,CUST-10295,REST-MUM-001,Exceptional quality! Ordered Rasmalai (2 pcs)  Malai Kofta  Gulab Jamun (2 pcs)  Butter Chicken  and Sweet Lassi and everything was delicious. The Gulab Jamun (2 pcs) melted in my mouth. Perfect!,5,2026-04-09T15:01:48.930309
REV-001883,ORD-20260404-154375,CUST-10470,REST-MUM-001,Best Indian food in UAE! Chicken Tikka Masala were incredible. Chicken Tikka Masala had the perfect balance of spices. Five stars!,5,2026-04-09T16:38:20.930309
REV-001950,ORD-20260408-977177,CUST-10545,REST-BLR-001,Hands down the best Palak Paneer I've ever had! Palak Paneer  Aloo Tikki Chaat  and Malai Kofta were all prepared beautifully. Fresh and flavorful!,5,2026-04-09T17:03:41.930309
REV-001903,ORD-20260405-689598,CUST-10704,REST-MUM-002,Below expectations. Aloo Tikki Chaat  Sweet Lassi  and Fresh Lime Soda were underwhelming. Fresh Lime Soda was overcooked and dry.,2,2026-04-09T17:47:09.930309
REV-001846,ORD-20260402-692689,CUST-10986,REST-DEL-002,Outstanding experience! The Malai Kofta  Paneer Butter Masala  Mango Lassi  Chole Bhature  and Rasmalai (2 pcs) exceeded all expectations. Rasmalai (2 pcs) was the star of the meal. Will definitely order again!,5,2026-04-09T17:52:37.930309
REV-001915,ORD-20260406-634094,CUST-10275,REST-DEL-001,Poor experience. Naan  Rasmalai (2 pcs)  Palak Paneer  Chole Bhature  and Paneer Tikka were disappointing. Paneer Tikka was burnt on the edges. Very unhappy.,2,2026-04-09T18:02:50.930309
REV-001916,ORD-20260406-833905,CUST-10474,REST-MUM-002,Appalling quality! Paneer Butter Masala and Butter Chicken were swimming in oil. Butter Chicken was raw inside. Health hazard!,1,2026-04-09T18:13:58.930309
REV-001886,ORD-20260404-219886,CUST-10895,REST-BLR-001,Very satisfied! Gajar Halwa and Chicken Tikka Masala were fresh and flavorful. Gajar Halwa was the standout dish.,4,2026-04-09T18:22:41.930309
REV-001869,ORD-20260403-982567,CUST-10400,REST-DEL-002,Perfect in every way! Butter Chicken were all excellent. Butter Chicken stood out with its rich  authentic taste.,5,2026-04-09T19:53:17.930309
REV-001922,ORD-20260406-217141,CUST-10836,REST-DEL-002,Best Indian food in UAE! Naan were incredible. Naan had the perfect balance of spices. Five stars!,5,2026-04-09T21:46:35.930309
REV-001957,ORD-20260408-798041,CUST-10266,REST-BLR-001,Best Indian food in UAE! Masala Chai  Palak Paneer  and Vegetable Biryani were incredible. Vegetable Biryani had the perfect balance of spices. Five stars!,5,2026-04-09T21:53:09.930309
REV-001925,ORD-20260407-389651,CUST-10637,REST-DEL-001,Outstanding experience! The Chicken 65  Chole Bhature  Vegetable Biryani  Dal Makhani  and Masala Chai exceeded all expectations. Chole Bhature was the star of the meal. Will definitely order again!,5,2026-04-10T10:02:15.930309
REV-001853,ORD-20260403-628826,CUST-10932,REST-MUM-002,Very satisfied! Mango Lassi and Samosa (2 pcs) were fresh and flavorful. Samosa (2 pcs) was the standout dish.,4,2026-04-10T10:21:11.930309
REV-001959,ORD-20260409-619078,CUST-10151,REST-MUM-002,Decent food but nothing special. Masala Chai  Palak Paneer  Lamb Rogan Josh  and Butter Naan were okay. Masala Chai lacked the punch I expected.,3,2026-04-10T10:28:05.930309
REV-001927,ORD-20260407-762582,CUST-10393,REST-MUM-002,Incredible meal! Dal Makhani and Naan arrived hot and fresh. The Dal Makhani was absolutely divine. Highly satisfied!,5,2026-04-10T11:30:46.930309
REV-001911,ORD-20260406-287508,CUST-10004,REST-MUM-001,Really good Paneer Butter Masala  Kulfi  Gulab Jamun (2 pcs)  and Dal Makhani! The Kulfi was delicious. Slight delay in delivery but food quality made up for it.,4,2026-04-10T13:31:27.930309
REV-001930,ORD-20260407-208906,CUST-10809,REST-MUM-001,Shocking! Malai Kofta and Chicken Seekh Kebab bore no resemblance to the menu description. Chicken Seekh Kebab was inedible. Refund demanded!,1,2026-04-10T14:03:54.930309
REV-001861,ORD-20260403-383778,CUST-10898,REST-MUM-001,Solid experience. Chicken Biryani and Rasmalai (2 pcs) were well-prepared. Rasmalai (2 pcs) had great flavor. Minor issues with packaging.,4,2026-04-10T15:01:59.930309
REV-001863,ORD-20260403-427697,CUST-10368,REST-DEL-002,Mixed feelings. Chicken 65 and Vegetable Biryani were acceptable. Chicken 65 was decent but portion was small for the price.,3,2026-04-10T16:13:58.930309
REV-001965,ORD-20260409-938618,CUST-10665,REST-DEL-001,Incredible meal! Naan  Masala Chai  and Jeera Rice arrived hot and fresh. The Jeera Rice was absolutely divine. Highly satisfied!,5,2026-04-10T16:35:55.930309
REV-001913,ORD-20260406-176376,CUST-10121,REST-DEL-001,Poor experience. Mango Lassi and Chicken Seekh Kebab were disappointing. Chicken Seekh Kebab was burnt on the edges. Very unhappy.,2,2026-04-10T17:41:17.930309
REV-001917,ORD-20260406-996659,CUST-10389,REST-MUM-001,Really good Samosa (2 pcs) and Gajar Halwa! The Samosa (2 pcs) was delicious. Slight delay in delivery but food quality made up for it.,4,2026-04-10T18:52:18.930309
REV-001968,ORD-20260409-865472,CUST-10437,REST-MUM-001,Not bad  not great. Chole Bhature  Kulfi  and Gajar Halwa were edible. Kulfi needed more seasoning.,3,2026-04-10T18:58:41.930309
REV-001955,ORD-20260408-680031,CUST-10082,REST-DEL-001,Decent food but nothing special. Tandoori Roti  Paneer Butter Masala  Malai Kofta  Sweet Lassi  and Butter Chicken were okay. Paneer Butter Masala lacked the punch I expected.,3,2026-04-10T19:43:25.930309
REV-001939,ORD-20260407-347484,CUST-10970,REST-DEL-001,Average experience. Dal Makhani and Chicken Biryani were fine but Dal Makhani was a bit bland. Room for improvement.,3,2026-04-10T20:44:50.930309
REV-001891,ORD-20260404-427363,CUST-10287,REST-DEL-002,Great food overall. Kulfi and Chicken 65 were tasty  especially the Chicken 65. Would order again!,4,2026-04-10T21:26:08.930309
REV-001971,ORD-20260409-690121,CUST-10331,REST-MUM-002,Incredible meal! Mango Lassi arrived hot and fresh. The Mango Lassi was absolutely divine. Highly satisfied!,5,2026-04-10T21:39:56.930309
REV-001974,ORD-20260409-881085,CUST-10673,REST-DEL-002,Expected better. Mango Lassi were subpar. Mango Lassi was too oily and greasy. Stomach upset followed.,2,2026-04-10T22:49:34.930309
REV-001894,ORD-20260405-633126,CUST-10840,REST-MUM-002,Outstanding experience! The Palak Paneer  Sweet Lassi  Garlic Naan  and Chicken 65 exceeded all expectations. Palak Paneer was the star of the meal. Will definitely order again!,5,2026-04-11T10:54:02.930309
REV-001895,ORD-20260405-356431,CUST-10146,REST-DEL-002,Pleasant meal! Vegetable Biryani  Chicken Seekh Kebab  Mango Lassi  Tandoori Roti  and Paneer Butter Masala arrived warm. Vegetable Biryani was tasty though not exceptional. Would order again.,4,2026-04-11T12:10:24.930309
REV-001976,ORD-20260410-103610,CUST-10688,REST-DEL-002,Solid experience. Sweet Lassi  Paneer Butter Masala  Lamb Rogan Josh  Dal Makhani  and Mango Lassi were well-prepared. Paneer Butter Masala had great flavor. Minor issues with packaging.,4,2026-04-11T12:10:30.930309
REV-001945,ORD-20260408-628314,CUST-10630,REST-MUM-002,It was okay. Gajar Halwa arrived lukewarm. Gajar Halwa tasted fine but could be better.,3,2026-04-11T12:18:36.930309
REV-001964,ORD-20260409-326745,CUST-10164,REST-DEL-001,Incredible meal! Malai Kofta arrived hot and fresh. The Malai Kofta was absolutely divine. Highly satisfied!,5,2026-04-11T13:35:13.930309
REV-001879,ORD-20260404-595060,CUST-10593,REST-BLR-001,Hands down the best Kulfi I've ever had! Samosa (2 pcs)  Masala Chai  Kulfi  Fresh Lime Soda  and Dal Makhani were all prepared beautifully. Fresh and flavorful!,5,2026-04-11T14:30:21.930309
REV-001902,ORD-20260405-930397,CUST-10189,REST-BLR-001,Incredible meal! Chicken Seekh Kebab arrived hot and fresh. The Chicken Seekh Kebab was absolutely divine. Highly satisfied!,5,2026-04-11T15:53:33.930309
REV-001932,ORD-20260407-474239,CUST-10503,REST-MUM-002,Good quality food. Paneer Butter Masala and Gulab Jamun (2 pcs) were nicely done. Gulab Jamun (2 pcs) could have been slightly spicier but still good!,4,2026-04-11T16:06:53.930309
REV-001933,ORD-20260407-410675,CUST-10404,REST-MUM-001,Exceptional quality! Ordered Garlic Naan  Mango Lassi  and Rasmalai (2 pcs) and everything was delicious. The Garlic Naan melted in my mouth. Perfect!,5,2026-04-11T16:57:14.930309
REV-001884,ORD-20260404-492492,CUST-10355,REST-MUM-002,Exceptional quality! Ordered Garlic Naan  Butter Chicken  Gajar Halwa  and Palak Paneer and everything was delicious. The Gajar Halwa melted in my mouth. Perfect!,5,2026-04-11T17:27:03.930309
REV-001918,ORD-20260406-936588,CUST-10753,REST-DEL-002,Best Indian food in UAE! Masala Chai  Rasmalai (2 pcs)  Tandoori Roti  and Garlic Naan were incredible. Masala Chai had the perfect balance of spices. Five stars!,5,2026-04-11T19:12:42.930309
REV-001890,ORD-20260404-807401,CUST-10361,REST-MUM-001,Hands down the best Chole Bhature I've ever had! Chole Bhature were all prepared beautifully. Fresh and flavorful!,5,2026-04-11T19:53:42.930309
REV-001921,ORD-20260406-390355,CUST-10685,REST-MUM-002,Exceptional quality! Ordered Lamb Rogan Josh  Chicken Tikka Masala  Dal Makhani  Rasmalai (2 pcs)  and Aloo Tikki Chaat and everything was delicious. The Chicken Tikka Masala melted in my mouth. Perfect!,5,2026-04-11T21:19:52.930309
REV-001973,ORD-20260409-472150,CUST-10975,REST-DEL-002,Outstanding experience! The Vegetable Biryani exceeded all expectations. Vegetable Biryani was the star of the meal. Will definitely order again!,5,2026-04-11T22:14:39.930309
REV-001942,ORD-20260408-391854,CUST-10886,REST-DEL-002,Great food overall. Lamb Rogan Josh and Chicken Seekh Kebab were tasty  especially the Lamb Rogan Josh. Would order again!,4,2026-04-12T10:24:35.930309
REV-001960,ORD-20260409-393020,CUST-10031,REST-MUM-001,Unsatisfactory. Chole Bhature  Vegetable Biryani  Chicken Seekh Kebab  and Chicken 65 were not fresh. Chicken Seekh Kebab tasted reheated. Won't order again.,2,2026-04-12T10:50:23.930309
REV-001928,ORD-20260407-861883,CUST-10716,REST-MUM-002,Mediocre. Chicken Seekh Kebab and Rasmalai (2 pcs) were fine but forgettable. Chicken Seekh Kebab didn't stand out.,3,2026-04-12T11:37:34.930309
REV-001961,ORD-20260409-455432,CUST-10980,REST-DEL-002,Incredible meal! Malai Kofta  Chicken Biryani  Fish Curry  and Mango Lassi arrived hot and fresh. The Malai Kofta was absolutely divine. Highly satisfied!,5,2026-04-12T12:26:55.930309
REV-001978,ORD-20260410-873716,CUST-10137,REST-MUM-002,Best Indian food in UAE! Gulab Jamun (2 pcs)  Chicken Tikka Masala  Jeera Rice  Vegetable Biryani  and Paneer Butter Masala were incredible. Gulab Jamun (2 pcs) had the perfect balance of spices. Five stars!,5,2026-04-12T12:40:36.930309
REV-001897,ORD-20260405-975071,CUST-10345,REST-MUM-002,Very satisfied! Lamb Rogan Josh  Paneer Butter Masala  Vegetable Biryani  Aloo Tikki Chaat  and Butter Chicken were fresh and flavorful. Lamb Rogan Josh was the standout dish.,4,2026-04-12T12:51:06.930309
REV-001963,ORD-20260409-893414,CUST-10622,REST-DEL-002,Very satisfied! Gajar Halwa  Naan  Gulab Jamun (2 pcs)  Jeera Rice  and Fish Curry were fresh and flavorful. Gulab Jamun (2 pcs) was the standout dish.,4,2026-04-12T13:16:23.930309
REV-001899,ORD-20260405-599131,CUST-10752,REST-DEL-001,Poor experience. Samosa (2 pcs) and Palak Paneer were disappointing. Samosa (2 pcs) was burnt on the edges. Very unhappy.,2,2026-04-12T13:25:50.930309
REV-001993,ORD-20260411-286787,CUST-10489,REST-DEL-001,Disappointed with Fish Curry  Rasmalai (2 pcs)  and Mango Lassi. Fish Curry was cold when it arrived. Not worth the money.,2,2026-04-12T14:47:44.930309
REV-001931,ORD-20260407-723269,CUST-10357,REST-DEL-001,Wow! Just wow! Chole Bhature and Butter Chicken were all fantastic. Chole Bhature was particularly memorable. Can't wait to order again!,5,2026-04-12T14:54:58.930309
REV-001981,ORD-20260410-353882,CUST-10111,REST-BLR-001,Outstanding experience! The Chicken Biryani and Chole Bhature exceeded all expectations. Chole Bhature was the star of the meal. Will definitely order again!,5,2026-04-12T15:26:38.930309
REV-001949,ORD-20260408-944913,CUST-10350,REST-BLR-001,Incredible meal! Palak Paneer arrived hot and fresh. The Palak Paneer was absolutely divine. Highly satisfied!,5,2026-04-12T16:55:20.930309
REV-001935,ORD-20260407-623810,CUST-10312,REST-DEL-001,Great food overall. Masala Chai  Malai Kofta  Chicken Tikka Masala  and Aloo Tikki Chaat were tasty  especially the Chicken Tikka Masala. Would order again!,4,2026-04-12T18:26:23.930309
REV-001997,ORD-20260411-782504,CUST-10453,REST-DEL-001,Best Indian food in UAE! Paneer Butter Masala were incredible. Paneer Butter Masala had the perfect balance of spices. Five stars!,5,2026-04-12T18:29:50.930309
REV-001952,ORD-20260408-182545,CUST-10949,REST-MUM-002,Expected better. Kulfi were subpar. Kulfi was too oily and greasy. Stomach upset followed.,2,2026-04-12T18:48:44.930309
REV-001937,ORD-20260407-697477,CUST-10720,REST-MUM-001,Not bad  not great. Garlic Naan  Chole Bhature  Samosa (2 pcs)  and Lamb Rogan Josh were edible. Garlic Naan needed more seasoning.,3,2026-04-12T19:47:23.930309
REV-001987,ORD-20260410-704219,CUST-10061,REST-MUM-001,Hands down the best Lamb Rogan Josh I've ever had! Lamb Rogan Josh  Chicken 65  and Naan were all prepared beautifully. Fresh and flavorful!,5,2026-04-12T20:08:08.930309
REV-001924,ORD-20260406-374936,CUST-10394,REST-MUM-001,Best Indian food in UAE! Kulfi  Malai Kofta  Rasmalai (2 pcs)  Sweet Lassi  and Fresh Lime Soda were incredible. Fresh Lime Soda had the perfect balance of spices. Five stars!,5,2026-04-12T22:29:03.930309
REV-001975,ORD-20260410-674542,CUST-10016,REST-DEL-002,Perfect in every way! Naan  Kulfi  Chicken Tikka Masala  and Jeera Rice were all excellent. Kulfi stood out with its rich  authentic taste.,5,2026-04-13T10:15:08.930309
REV-001906,ORD-20260406-621624,CUST-10251,REST-MUM-002,Best Indian food in UAE! Gajar Halwa  Mango Lassi  Sweet Lassi  and Garlic Naan were incredible. Gajar Halwa had the perfect balance of spices. Five stars!,5,2026-04-13T10:18:33.930309
REV-001991,ORD-20260411-624758,CUST-10186,REST-BLR-001,Pleasant meal! Butter Naan  Jeera Rice  Palak Paneer  and Kulfi arrived warm. Butter Naan was tasty though not exceptional. Would order again.,4,2026-04-13T12:31:18.930309
REV-001910,ORD-20260406-754044,CUST-10526,REST-MUM-002,Outstanding experience! The Chole Bhature  Tandoori Roti  Naan  Aloo Tikki Chaat  and Palak Paneer exceeded all expectations. Aloo Tikki Chaat was the star of the meal. Will definitely order again!,5,2026-04-13T13:08:12.930309
REV-002012,ORD-20260412-662280,CUST-10963,REST-DEL-002,Hands down the best Rasmalai (2 pcs) I've ever had! Palak Paneer  Paneer Butter Masala  Rasmalai (2 pcs)  Butter Chicken  and Vegetable Biryani were all prepared beautifully. Fresh and flavorful!,5,2026-04-13T15:50:32.930309
REV-001948,ORD-20260408-339080,CUST-10808,REST-DEL-001,Very satisfied! Tandoori Roti  Fish Curry  and Masala Chai were fresh and flavorful. Fish Curry was the standout dish.,4,2026-04-13T16:21:04.930309
REV-001982,ORD-20260410-634987,CUST-10538,REST-MUM-001,Hands down the best Paneer Tikka I've ever had! Palak Paneer  Naan  Paneer Tikka  Butter Naan  and Paneer Butter Masala were all prepared beautifully. Fresh and flavorful!,5,2026-04-13T16:25:22.930309
REV-001995,ORD-20260411-223091,CUST-10133,REST-DEL-001,Exceptional quality! Ordered Fish Curry  Butter Naan  Chicken 65  and Mango Lassi and everything was delicious. The Butter Naan melted in my mouth. Perfect!,5,2026-04-13T16:43:56.930309
REV-001934,ORD-20260407-116637,CUST-10992,REST-MUM-002,Poor experience. Palak Paneer  Sweet Lassi  Fresh Lime Soda  Chole Bhature  and Chicken Biryani were disappointing. Palak Paneer was burnt on the edges. Very unhappy.,2,2026-04-13T17:35:45.930309
REV-001914,ORD-20260406-595861,CUST-10058,REST-BLR-001,Incredible meal! Palak Paneer  Chicken Biryani  Tandoori Roti  Butter Naan  and Chicken Tikka Masala arrived hot and fresh. The Butter Naan was absolutely divine. Highly satisfied!,5,2026-04-13T17:54:04.930309
REV-001983,ORD-20260410-589129,CUST-10792,REST-DEL-002,Not bad  not great. Naan  Vegetable Biryani  Masala Chai  and Gulab Jamun (2 pcs) were edible. Masala Chai needed more seasoning.,3,2026-04-13T18:35:10.930309
REV-002014,ORD-20260412-981801,CUST-10541,REST-MUM-002,Hands down the best Jeera Rice I've ever had! Jeera Rice  Lamb Rogan Josh  Paneer Tikka  and Naan were all prepared beautifully. Fresh and flavorful!,5,2026-04-13T18:38:11.930309
REV-001984,ORD-20260410-883806,CUST-10648,REST-MUM-002,Really good Chole Bhature  Butter Naan  Chicken Tikka Masala  Vegetable Biryani  and Butter Chicken! The Butter Naan was delicious. Slight delay in delivery but food quality made up for it.,4,2026-04-13T19:12:30.930309
REV-002015,ORD-20260412-119093,CUST-10576,REST-MUM-001,Disaster! Garlic Naan  Gulab Jamun (2 pcs)  and Butter Chicken were all stale. Gulab Jamun (2 pcs) had a weird smell. Completely unacceptable!,1,2026-04-13T20:12:33.930309
REV-001919,ORD-20260406-818228,CUST-10051,REST-MUM-001,Hands down the best Malai Kofta I've ever had! Naan  Fresh Lime Soda  Malai Kofta  Kulfi  and Jeera Rice were all prepared beautifully. Fresh and flavorful!,5,2026-04-13T20:40:50.930309
REV-001970,ORD-20260409-130258,CUST-10572,REST-DEL-001,Incredible meal! Masala Chai  Paneer Tikka  Butter Naan  Gajar Halwa  and Malai Kofta arrived hot and fresh. The Butter Naan was absolutely divine. Highly satisfied!,5,2026-04-13T20:49:00.930309
REV-001999,ORD-20260411-240966,CUST-10331,REST-MUM-002,Exceptional quality! Ordered Chicken Tikka Masala  Lamb Rogan Josh  Tandoori Roti  Paneer Tikka  and Fresh Lime Soda and everything was delicious. The Paneer Tikka melted in my mouth. Perfect!,5,2026-04-13T21:06:34.930309
REV-002016,ORD-20260412-864327,CUST-10380,REST-MUM-002,Exceptional quality! Ordered Aloo Tikki Chaat and everything was delicious. The Aloo Tikki Chaat melted in my mouth. Perfect!,5,2026-04-13T21:14:18.930309
REV-001923,ORD-20260406-938532,CUST-10549,REST-BLR-001,Decent food but nothing special. Dal Makhani were okay. Dal Makhani lacked the punch I expected.,3,2026-04-13T21:58:14.930309
REV-001926,ORD-20260407-395758,CUST-10517,REST-MUM-001,Below expectations. Chicken 65  Paneer Tikka  and Samosa (2 pcs) were underwhelming. Paneer Tikka was overcooked and dry.,2,2026-04-14T10:07:18.930309
REV-001941,ORD-20260408-779407,CUST-10838,REST-MUM-001,Absolutely amazing Paneer Tikka  Vegetable Biryani  and Tandoori Roti! The Vegetable Biryani was cooked to perfection. Fresh ingredients and authentic flavors. Highly recommend!,5,2026-04-14T10:21:11.930309
REV-001943,ORD-20260408-559693,CUST-10094,REST-MUM-001,Outstanding experience! The Palak Paneer  Chole Bhature  and Gajar Halwa exceeded all expectations. Gajar Halwa was the star of the meal. Will definitely order again!,5,2026-04-14T10:29:39.930309
REV-002019,ORD-20260413-772124,CUST-10955,REST-MUM-001,Best Indian food in UAE! Naan  Chicken Tikka Masala  Mango Lassi  and Dal Makhani were incredible. Mango Lassi had the perfect balance of spices. Five stars!,5,2026-04-14T11:13:04.930309
REV-002004,ORD-20260412-894908,CUST-10706,REST-BLR-001,Pleasant meal! Chicken Biryani  Paneer Tikka  and Kulfi arrived warm. Chicken Biryani was tasty though not exceptional. Would order again.,4,2026-04-14T11:23:36.930309
REV-002020,ORD-20260413-949889,CUST-10504,REST-DEL-001,Decent food but nothing special. Vegetable Biryani and Aloo Tikki Chaat were okay. Aloo Tikki Chaat lacked the punch I expected.,3,2026-04-14T11:41:29.930309
REV-001929,ORD-20260407-609589,CUST-10606,REST-DEL-002,Solid experience. Gulab Jamun (2 pcs)  Samosa (2 pcs)  and Sweet Lassi were well-prepared. Sweet Lassi had great flavor. Minor issues with packaging.,4,2026-04-14T11:41:41.930309
REV-002009,ORD-20260412-572687,CUST-10891,REST-MUM-002,Hands down the best Garlic Naan I've ever had! Garlic Naan and Fresh Lime Soda were all prepared beautifully. Fresh and flavorful!,5,2026-04-14T14:08:50.930309
REV-001947,ORD-20260408-543332,CUST-10385,REST-MUM-001,Unsatisfactory. Chicken Tikka Masala  Dal Makhani  Mango Lassi  and Gulab Jamun (2 pcs) were not fresh. Chicken Tikka Masala tasted reheated. Won't order again.,2,2026-04-14T14:39:42.930309
REV-001996,ORD-20260411-566283,CUST-10282,REST-DEL-002,Worst food ever! Vegetable Biryani  Butter Naan  Mango Lassi  and Chicken Seekh Kebab were all wrong. Chicken Seekh Kebab made me sick. Never ordering again!,1,2026-04-14T18:21:33.930309
REV-001998,ORD-20260411-588452,CUST-10296,REST-BLR-001,Appalling quality! Dal Makhani were swimming in oil. Dal Makhani was raw inside. Health hazard!,1,2026-04-14T19:15:59.930309
REV-001969,ORD-20260409-558383,CUST-10661,REST-DEL-001,Disappointed with Lamb Rogan Josh  Mango Lassi  Masala Chai  and Samosa (2 pcs). Lamb Rogan Josh was cold when it arrived. Not worth the money.,2,2026-04-14T19:27:38.930309
REV-001938,ORD-20260407-509090,CUST-10648,REST-MUM-001,Wow! Just wow! Fresh Lime Soda  Chicken 65  Tandoori Roti  Chicken Biryani  and Chole Bhature were all fantastic. Fresh Lime Soda was particularly memorable. Can't wait to order again!,5,2026-04-14T19:50:35.930309
REV-001986,ORD-20260410-368405,CUST-10138,REST-DEL-001,Enjoyed the Fish Curry  Malai Kofta  and Paneer Tikka! Paneer Tikka was very good. Portion sizes were generous. Recommend!,4,2026-04-14T19:58:12.930309
REV-001972,ORD-20260409-300786,CUST-10644,REST-DEL-001,Hands down the best Mango Lassi I've ever had! Chole Bhature and Mango Lassi were all prepared beautifully. Fresh and flavorful!,5,2026-04-14T21:45:11.930309
REV-001944,ORD-20260408-897413,CUST-10468,REST-DEL-002,Mediocre. Chole Bhature were fine but forgettable. Chole Bhature didn't stand out.,3,2026-04-15T11:10:14.930309
REV-002005,ORD-20260412-515734,CUST-10517,REST-BLR-001,Disappointed with Chicken Tikka Masala  Fish Curry  Garlic Naan  Butter Chicken  and Vegetable Biryani. Fish Curry was cold when it arrived. Not worth the money.,2,2026-04-15T11:59:49.930309
REV-001962,ORD-20260409-358647,CUST-10525,REST-DEL-002,Perfect in every way! Gulab Jamun (2 pcs) and Fresh Lime Soda were all excellent. Fresh Lime Soda stood out with its rich  authentic taste.,5,2026-04-15T12:42:55.930309
REV-002008,ORD-20260412-390045,CUST-10433,REST-MUM-002,Really good Chole Bhature  Fish Curry  and Lamb Rogan Josh! The Chole Bhature was delicious. Slight delay in delivery but food quality made up for it.,4,2026-04-15T13:22:55.930309
REV-001946,ORD-20260408-299714,CUST-10406,REST-DEL-001,Enjoyed the Mango Lassi  Masala Chai  and Chicken Tikka Masala! Mango Lassi was very good. Portion sizes were generous. Recommend!,4,2026-04-15T13:46:03.930309
REV-002040,ORD-20260414-443804,CUST-10197,REST-MUM-001,Absolutely amazing Jeera Rice  Rasmalai (2 pcs)  Garlic Naan  Masala Chai  and Chicken Biryani! The Jeera Rice was cooked to perfection. Fresh ingredients and authentic flavors. Highly recommend!,5,2026-04-15T14:11:19.930309
REV-001951,ORD-20260408-938265,CUST-10340,REST-DEL-002,Incredible meal! Sweet Lassi and Chicken Biryani arrived hot and fresh. The Chicken Biryani was absolutely divine. Highly satisfied!,5,2026-04-15T18:01:35.930309
REV-002044,ORD-20260414-228463,CUST-10497,REST-DEL-001,Great food overall. Fish Curry  Jeera Rice  Rasmalai (2 pcs)  Chicken 65  and Chicken Biryani were tasty  especially the Chicken Biryani. Would order again!,4,2026-04-15T18:04:11.930309
REV-001967,ORD-20260409-513939,CUST-10961,REST-MUM-002,Very satisfied! Rasmalai (2 pcs)  Chicken 65  Jeera Rice  and Vegetable Biryani were fresh and flavorful. Jeera Rice was the standout dish.,4,2026-04-15T18:49:23.930309
REV-001953,ORD-20260408-465729,CUST-10186,REST-DEL-002,Exceptional quality! Ordered Kulfi and everything was delicious. The Kulfi melted in my mouth. Perfect!,5,2026-04-15T18:53:52.930309
REV-001954,ORD-20260408-299421,CUST-10216,REST-BLR-001,Exceptional quality! Ordered Sweet Lassi and everything was delicious. The Sweet Lassi melted in my mouth. Perfect!,5,2026-04-15T19:01:05.930309
REV-001956,ORD-20260408-889610,CUST-10335,REST-MUM-001,Very satisfied! Gajar Halwa were fresh and flavorful. Gajar Halwa was the standout dish.,4,2026-04-15T20:42:52.930309
REV-001988,ORD-20260410-496224,CUST-10323,REST-DEL-001,Best Indian food in UAE! Paneer Tikka and Kulfi were incredible. Kulfi had the perfect balance of spices. Five stars!,5,2026-04-15T21:15:15.930309
REV-002028,ORD-20260413-677071,CUST-10238,REST-MUM-001,Best Indian food in UAE! Chole Bhature  Samosa (2 pcs)  Fresh Lime Soda  Rasmalai (2 pcs)  and Jeera Rice were incredible. Jeera Rice had the perfect balance of spices. Five stars!,5,2026-04-15T21:50:29.930309
REV-002000,ORD-20260411-390281,CUST-10269,REST-MUM-001,Exceptional quality! Ordered Jeera Rice and Gulab Jamun (2 pcs) and everything was delicious. The Jeera Rice melted in my mouth. Perfect!,5,2026-04-15T21:56:01.930309
REV-002001,ORD-20260411-418777,CUST-10680,REST-MUM-002,Incredible meal! Gulab Jamun (2 pcs) arrived hot and fresh. The Gulab Jamun (2 pcs) was absolutely divine. Highly satisfied!,5,2026-04-15T22:12:57.930309
REV-001989,ORD-20260410-327118,CUST-10854,REST-DEL-002,Exceptional quality! Ordered Samosa (2 pcs)  Rasmalai (2 pcs)  and Paneer Butter Masala and everything was delicious. The Rasmalai (2 pcs) melted in my mouth. Perfect!,5,2026-04-15T22:26:01.930309
REV-001958,ORD-20260408-829758,CUST-10637,REST-MUM-002,Solid experience. Masala Chai were well-prepared. Masala Chai had great flavor. Minor issues with packaging.,4,2026-04-15T22:35:57.930309
REV-002002,ORD-20260412-211749,CUST-10014,REST-DEL-002,Perfect in every way! Chicken Biryani and Palak Paneer were all excellent. Palak Paneer stood out with its rich  authentic taste.,5,2026-04-16T10:07:26.930309
REV-002017,ORD-20260413-138073,CUST-10334,REST-DEL-002,Incredible meal! Paneer Butter Masala  Tandoori Roti  and Chole Bhature arrived hot and fresh. The Paneer Butter Masala was absolutely divine. Highly satisfied!,5,2026-04-16T10:46:32.930309
REV-002037,ORD-20260414-153467,CUST-10552,REST-DEL-002,Perfect in every way! Butter Chicken  Fresh Lime Soda  Dal Makhani  and Masala Chai were all excellent. Fresh Lime Soda stood out with its rich  authentic taste.,5,2026-04-16T13:41:45.930309
REV-002038,ORD-20260414-424865,CUST-10622,REST-DEL-001,Hands down the best Paneer Butter Masala I've ever had! Malai Kofta  Palak Paneer  and Paneer Butter Masala were all prepared beautifully. Fresh and flavorful!,5,2026-04-16T13:50:00.930309
REV-002039,ORD-20260414-713237,CUST-10016,REST-MUM-002,Incredible meal! Gulab Jamun (2 pcs)  Gajar Halwa  and Aloo Tikki Chaat arrived hot and fresh. The Gulab Jamun (2 pcs) was absolutely divine. Highly satisfied!,5,2026-04-16T14:05:02.930309
REV-002055,ORD-20260415-919615,CUST-10868,REST-MUM-002,Incredible meal! Paneer Tikka arrived hot and fresh. The Paneer Tikka was absolutely divine. Highly satisfied!,5,2026-04-16T14:05:47.930309
REV-001980,ORD-20260410-593141,CUST-10163,REST-BLR-001,Best Indian food in UAE! Chicken Tikka Masala  Naan  and Chicken Biryani were incredible. Chicken Tikka Masala had the perfect balance of spices. Five stars!,5,2026-04-16T14:33:25.930309
REV-002041,ORD-20260414-585506,CUST-10903,REST-BLR-001,Best Indian food in UAE! Samosa (2 pcs)  Palak Paneer  Fish Curry  and Butter Chicken were incredible. Fish Curry had the perfect balance of spices. Five stars!,5,2026-04-16T15:04:14.930309
REV-002061,ORD-20260415-846077,CUST-10622,REST-MUM-001,Outstanding experience! The Butter Naan exceeded all expectations. Butter Naan was the star of the meal. Will definitely order again!,5,2026-04-16T16:32:21.930309
REV-002062,ORD-20260415-663420,CUST-10693,REST-DEL-002,Hands down the best Fresh Lime Soda I've ever had! Dal Makhani and Fresh Lime Soda were all prepared beautifully. Fresh and flavorful!,5,2026-04-16T17:00:02.930309
REV-001966,ORD-20260409-557832,CUST-10085,REST-MUM-002,Best Indian food in UAE! Tandoori Roti  Gulab Jamun (2 pcs)  and Fish Curry were incredible. Tandoori Roti had the perfect balance of spices. Five stars!,5,2026-04-16T17:30:20.930309
REV-002013,ORD-20260412-302941,CUST-10204,REST-BLR-001,Wow! Just wow! Rasmalai (2 pcs) and Chicken Seekh Kebab were all fantastic. Rasmalai (2 pcs) was particularly memorable. Can't wait to order again!,5,2026-04-16T18:11:55.930309
REV-002064,ORD-20260415-431115,CUST-10025,REST-DEL-001,Wow! Just wow! Vegetable Biryani  Chicken 65  and Kulfi were all fantastic. Vegetable Biryani was particularly memorable. Can't wait to order again!,5,2026-04-16T19:22:52.930309
REV-002047,ORD-20260414-262016,CUST-10502,REST-MUM-001,Best Indian food in UAE! Gulab Jamun (2 pcs)  Chicken Seekh Kebab  and Fresh Lime Soda were incredible. Gulab Jamun (2 pcs) had the perfect balance of spices. Five stars!,5,2026-04-16T20:21:40.930309
REV-002048,ORD-20260414-399849,CUST-10313,REST-MUM-001,Outstanding experience! The Malai Kofta and Jeera Rice exceeded all expectations. Malai Kofta was the star of the meal. Will definitely order again!,5,2026-04-16T21:48:26.930309
REV-002049,ORD-20260414-540614,CUST-10830,REST-DEL-002,Pleasant meal! Aloo Tikki Chaat and Naan arrived warm. Naan was tasty though not exceptional. Would order again.,4,2026-04-16T22:00:12.930309
REV-002050,ORD-20260414-618024,CUST-10654,REST-DEL-002,Wow! Just wow! Lamb Rogan Josh and Malai Kofta were all fantastic. Malai Kofta was particularly memorable. Can't wait to order again!,5,2026-04-16T22:27:15.930309
REV-001990,ORD-20260411-166651,CUST-10180,REST-MUM-002,Solid experience. Gulab Jamun (2 pcs) and Naan were well-prepared. Gulab Jamun (2 pcs) had great flavor. Minor issues with packaging.,4,2026-04-17T10:07:25.930309
REV-002003,ORD-20260412-127273,CUST-10452,REST-BLR-001,Poor experience. Fresh Lime Soda  Tandoori Roti  Samosa (2 pcs)  Butter Naan  and Chicken 65 were disappointing. Fresh Lime Soda was burnt on the edges. Very unhappy.,2,2026-04-17T10:09:45.930309
REV-002018,ORD-20260413-756799,CUST-10143,REST-DEL-002,Perfect in every way! Jeera Rice  Paneer Butter Masala  and Paneer Tikka were all excellent. Paneer Butter Masala stood out with its rich  authentic taste.,5,2026-04-17T10:58:58.930309
REV-002031,ORD-20260414-764900,CUST-10505,REST-BLR-001,It was okay. Gajar Halwa  Tandoori Roti  Masala Chai  Sweet Lassi  and Butter Naan arrived lukewarm. Gajar Halwa tasted fine but could be better.,3,2026-04-17T11:03:25.930309
REV-002033,ORD-20260414-784314,CUST-10941,REST-DEL-002,Exceptional quality! Ordered Malai Kofta  Gulab Jamun (2 pcs)  Paneer Tikka  Chicken Tikka Masala  and Chole Bhature and everything was delicious. The Malai Kofta melted in my mouth. Perfect!,5,2026-04-17T11:46:59.930309
REV-002053,ORD-20260415-302951,CUST-10408,REST-DEL-002,Really good Chicken Tikka Masala! The Chicken Tikka Masala was delicious. Slight delay in delivery but food quality made up for it.,4,2026-04-17T11:55:02.930309
REV-001977,ORD-20260410-845566,CUST-10447,REST-DEL-002,Absolutely amazing Tandoori Roti! The Tandoori Roti was cooked to perfection. Fresh ingredients and authentic flavors. Highly recommend!,5,2026-04-17T12:22:07.930309
REV-002035,ORD-20260414-648812,CUST-10560,REST-DEL-001,Solid experience. Chicken 65  Sweet Lassi  Lamb Rogan Josh  Fresh Lime Soda  and Butter Chicken were well-prepared. Fresh Lime Soda had great flavor. Minor issues with packaging.,4,2026-04-17T12:49:15.930309
REV-002022,ORD-20260413-858670,CUST-10783,REST-DEL-001,Solid experience. Chicken Seekh Kebab  Butter Naan  Dal Makhani  Rasmalai (2 pcs)  and Paneer Tikka were well-prepared. Butter Naan had great flavor. Minor issues with packaging.,4,2026-04-17T12:51:34.930309
REV-001979,ORD-20260410-670874,CUST-10734,REST-MUM-001,Incredible meal! Aloo Tikki Chaat  Chole Bhature  Gajar Halwa  Tandoori Roti  and Vegetable Biryani arrived hot and fresh. The Aloo Tikki Chaat was absolutely divine. Highly satisfied!,5,2026-04-17T12:53:25.930309
REV-002072,ORD-20260416-881806,CUST-10627,REST-MUM-002,Really good Chicken Seekh Kebab and Samosa (2 pcs)! The Samosa (2 pcs) was delicious. Slight delay in delivery but food quality made up for it.,4,2026-04-17T13:05:00.930309
REV-002023,ORD-20260413-660645,CUST-10148,REST-DEL-002,Great food overall. Fresh Lime Soda  Chicken Seekh Kebab  Paneer Tikka  and Rasmalai (2 pcs) were tasty  especially the Chicken Seekh Kebab. Would order again!,4,2026-04-17T14:14:53.930309
REV-002077,ORD-20260416-641347,CUST-10987,REST-BLR-001,Solid experience. Mango Lassi and Vegetable Biryani were well-prepared. Mango Lassi had great flavor. Minor issues with packaging.,4,2026-04-17T14:36:37.930309
REV-002024,ORD-20260413-459805,CUST-10088,REST-MUM-002,Wow! Just wow! Rasmalai (2 pcs)  Jeera Rice  Palak Paneer  and Lamb Rogan Josh were all fantastic. Palak Paneer was particularly memorable. Can't wait to order again!,5,2026-04-17T16:07:36.930309
REV-002025,ORD-20260413-240748,CUST-10397,REST-DEL-001,Unsatisfactory. Vegetable Biryani  Aloo Tikki Chaat  Butter Naan  Butter Chicken  and Chole Bhature were not fresh. Butter Chicken tasted reheated. Won't order again.,2,2026-04-17T16:47:54.930309
REV-002043,ORD-20260414-224648,CUST-10626,REST-MUM-001,Pleasant meal! Tandoori Roti  Butter Chicken  Naan  and Dal Makhani arrived warm. Naan was tasty though not exceptional. Would order again.,4,2026-04-17T17:45:02.930309
REV-001985,ORD-20260410-799850,CUST-10985,REST-BLR-001,Outstanding experience! The Tandoori Roti and Kulfi exceeded all expectations. Kulfi was the star of the meal. Will definitely order again!,5,2026-04-17T19:34:21.930309
REV-002045,ORD-20260414-597820,CUST-10918,REST-MUM-002,Expected better. Mango Lassi and Fresh Lime Soda were subpar. Mango Lassi was too oily and greasy. Stomach upset followed.,2,2026-04-17T19:53:26.930309
REV-002086,ORD-20260417-742015,CUST-10886,REST-DEL-001,Very satisfied! Naan and Chicken Seekh Kebab were fresh and flavorful. Chicken Seekh Kebab was the standout dish.,4,2026-04-18T10:11:59.930309
REV-002051,ORD-20260415-260964,CUST-10480,REST-MUM-001,Not bad  not great. Chicken 65  Rasmalai (2 pcs)  and Chicken Seekh Kebab were edible. Chicken 65 needed more seasoning.,3,2026-04-18T10:48:29.930309
REV-001992,ORD-20260411-378133,CUST-10862,REST-DEL-001,Exceptional quality! Ordered Paneer Butter Masala  Butter Naan  and Chicken Seekh Kebab and everything was delicious. The Chicken Seekh Kebab melted in my mouth. Perfect!,5,2026-04-18T13:08:58.930309
REV-002074,ORD-20260416-333094,CUST-10968,REST-MUM-001,Exceptional quality! Ordered Palak Paneer  Chicken Seekh Kebab  Mango Lassi  Dal Makhani  and Aloo Tikki Chaat and everything was delicious. The Chicken Seekh Kebab melted in my mouth. Perfect!,5,2026-04-18T13:51:26.930309
REV-002057,ORD-20260415-742961,CUST-10261,REST-DEL-001,Expected better. Masala Chai  Mango Lassi  and Jeera Rice were subpar. Jeera Rice was too oily and greasy. Stomach upset followed.,2,2026-04-18T14:43:58.930309
REV-002094,ORD-20260417-783704,CUST-10547,REST-DEL-002,Best Indian food in UAE! Butter Chicken and Garlic Naan were incredible. Garlic Naan had the perfect balance of spices. Five stars!,5,2026-04-18T14:47:30.930309
REV-002058,ORD-20260415-732423,CUST-10251,REST-MUM-002,Best Indian food in UAE! Fresh Lime Soda  Butter Chicken  Mango Lassi  Gulab Jamun (2 pcs)  and Chicken Biryani were incredible. Gulab Jamun (2 pcs) had the perfect balance of spices. Five stars!,5,2026-04-18T15:54:03.930309
REV-001994,ORD-20260411-375830,CUST-10768,REST-DEL-001,Wow! Just wow! Samosa (2 pcs) were all fantastic. Samosa (2 pcs) was particularly memorable. Can't wait to order again!,5,2026-04-18T16:09:48.930309
REV-002060,ORD-20260415-577196,CUST-10268,REST-DEL-001,Pleasant meal! Mango Lassi  Samosa (2 pcs)  and Rasmalai (2 pcs) arrived warm. Rasmalai (2 pcs) was tasty though not exceptional. Would order again.,4,2026-04-18T16:17:14.930309
REV-002026,ORD-20260413-254541,CUST-10512,REST-MUM-001,Absolutely amazing Fresh Lime Soda! The Fresh Lime Soda was cooked to perfection. Fresh ingredients and authentic flavors. Highly recommend!,5,2026-04-18T17:40:53.930309
REV-002095,ORD-20260417-773052,CUST-10323,REST-MUM-002,Disaster! Paneer Butter Masala were all stale. Paneer Butter Masala had a weird smell. Completely unacceptable!,1,2026-04-18T18:10:47.930309
REV-002065,ORD-20260415-648306,CUST-10068,REST-DEL-001,Perfect in every way! Dal Makhani  Gulab Jamun (2 pcs)  and Samosa (2 pcs) were all excellent. Gulab Jamun (2 pcs) stood out with its rich  authentic taste.,5,2026-04-18T19:36:40.930309
REV-002046,ORD-20260414-890409,CUST-10731,REST-DEL-002,Enjoyed the Lamb Rogan Josh  Samosa (2 pcs)  Dal Makhani  and Butter Chicken! Dal Makhani was very good. Portion sizes were generous. Recommend!,4,2026-04-18T20:05:29.930309
REV-002099,ORD-20260417-575215,CUST-10718,REST-MUM-001,Outstanding experience! The Chicken Biryani  Jeera Rice  Tandoori Roti  and Kulfi exceeded all expectations. Chicken Biryani was the star of the meal. Will definitely order again!,5,2026-04-18T20:12:02.930309
REV-002103,ORD-20260418-718029,CUST-10613,REST-DEL-002,Wow! Just wow! Fish Curry  Fresh Lime Soda  Sweet Lassi  and Butter Naan were all fantastic. Butter Naan was particularly memorable. Can't wait to order again!,5,2026-04-19T11:29:22.930309
REV-002021,ORD-20260413-936447,CUST-10388,REST-BLR-001,Average experience. Sweet Lassi  Rasmalai (2 pcs)  Gajar Halwa  and Malai Kofta were fine but Sweet Lassi was a bit bland. Room for improvement.,3,2026-04-19T12:27:23.930309
REV-002089,ORD-20260417-713410,CUST-10890,REST-BLR-001,Poor experience. Gulab Jamun (2 pcs)  Garlic Naan  and Chole Bhature were disappointing. Gulab Jamun (2 pcs) was burnt on the edges. Very unhappy.,2,2026-04-19T12:33:41.930309
REV-002090,ORD-20260417-590524,CUST-10466,REST-DEL-002,Disappointed with Chicken Seekh Kebab  Vegetable Biryani  Chicken Tikka Masala  and Chole Bhature. Chole Bhature was cold when it arrived. Not worth the money.,2,2026-04-19T12:53:21.930309
REV-002006,ORD-20260412-141502,CUST-10079,REST-DEL-001,Very satisfied! Malai Kofta and Paneer Butter Masala were fresh and flavorful. Malai Kofta was the standout dish.,4,2026-04-19T13:11:37.930309
REV-002007,ORD-20260412-196065,CUST-10408,REST-BLR-001,Best Indian food in UAE! Chicken Seekh Kebab  Chicken Tikka Masala  and Dal Makhani were incredible. Chicken Seekh Kebab had the perfect balance of spices. Five stars!,5,2026-04-19T13:19:21.930309
REV-002054,ORD-20260415-550090,CUST-10296,REST-DEL-002,Wow! Just wow! Chicken Tikka Masala  Paneer Tikka  and Garlic Naan were all fantastic. Paneer Tikka was particularly memorable. Can't wait to order again!,5,2026-04-19T13:26:23.930309
REV-002076,ORD-20260416-871245,CUST-10173,REST-DEL-001,Solid experience. Fresh Lime Soda  Gajar Halwa  Fish Curry  and Aloo Tikki Chaat were well-prepared. Gajar Halwa had great flavor. Minor issues with packaging.,4,2026-04-19T14:08:17.930309
REV-002010,ORD-20260412-709050,CUST-10707,REST-DEL-001,Absolutely amazing Jeera Rice  Fish Curry  and Sweet Lassi! The Sweet Lassi was cooked to perfection. Fresh ingredients and authentic flavors. Highly recommend!,5,2026-04-19T14:21:15.930309
REV-002056,ORD-20260415-173910,CUST-10150,REST-DEL-002,Mixed feelings. Chicken Biryani  Vegetable Biryani  and Butter Naan were acceptable. Vegetable Biryani was decent but portion was small for the price.,3,2026-04-19T14:25:02.930309
REV-002011,ORD-20260412-725525,CUST-10267,REST-DEL-001,Enjoyed the Tandoori Roti  Butter Chicken  Lamb Rogan Josh  Chole Bhature  and Palak Paneer! Butter Chicken was very good. Portion sizes were generous. Recommend!,4,2026-04-19T15:17:28.930309
REV-002110,ORD-20260418-675828,CUST-10889,REST-MUM-002,Really good Gulab Jamun (2 pcs)  Kulfi  Masala Chai  and Samosa (2 pcs)! The Masala Chai was delicious. Slight delay in delivery but food quality made up for it.,4,2026-04-19T16:12:28.930309
REV-002042,ORD-20260414-972375,CUST-10199,REST-BLR-001,Not good. Fresh Lime Soda  Malai Kofta  Samosa (2 pcs)  and Lamb Rogan Josh arrived late and cold. Malai Kofta had barely any flavor. Poor quality.,2,2026-04-19T16:14:04.930309
REV-002078,ORD-20260416-689510,CUST-10915,REST-BLR-001,Exceptional quality! Ordered Chicken Biryani and everything was delicious. The Chicken Biryani melted in my mouth. Perfect!,5,2026-04-19T16:25:35.930309
REV-002113,ORD-20260418-708222,CUST-10323,REST-BLR-001,Enjoyed the Chicken Biryani  Fresh Lime Soda  Sweet Lassi  Vegetable Biryani  and Mango Lassi! Sweet Lassi was very good. Portion sizes were generous. Recommend!,4,2026-04-19T17:18:02.930309
REV-002081,ORD-20260416-547738,CUST-10670,REST-MUM-002,Solid experience. Chicken Biryani  Butter Chicken  Chicken Seekh Kebab  Fresh Lime Soda  and Chole Bhature were well-prepared. Chole Bhature had great flavor. Minor issues with packaging.,4,2026-04-19T17:47:12.930309
REV-002082,ORD-20260416-222522,CUST-10195,REST-DEL-002,Very satisfied! Malai Kofta  Chicken Tikka Masala  Palak Paneer  and Butter Chicken were fresh and flavorful. Palak Paneer was the standout dish.,4,2026-04-19T19:40:36.930309
REV-002067,ORD-20260415-226412,CUST-10913,REST-DEL-001,Incredible meal! Naan  Tandoori Roti  and Paneer Butter Masala arrived hot and fresh. The Paneer Butter Masala was absolutely divine. Highly satisfied!,5,2026-04-19T20:29:26.930309
REV-002030,ORD-20260414-833715,CUST-10383,REST-BLR-001,Very satisfied! Jeera Rice  Gajar Halwa  and Chicken 65 were fresh and flavorful. Jeera Rice was the standout dish.,4,2026-04-20T10:05:09.930309
REV-002052,ORD-20260415-111201,CUST-10431,REST-DEL-001,Worst food ever! Butter Chicken  Chicken Biryani  Paneer Tikka  and Jeera Rice were all wrong. Jeera Rice made me sick. Never ordering again!,1,2026-04-20T10:55:32.930309
REV-002032,ORD-20260414-892090,CUST-10324,REST-MUM-002,Best Indian food in UAE! Butter Naan were incredible. Butter Naan had the perfect balance of spices. Five stars!,5,2026-04-20T11:11:58.930309
REV-002102,ORD-20260418-356899,CUST-10660,REST-MUM-001,Absolutely amazing Fish Curry  Aloo Tikki Chaat  Rasmalai (2 pcs)  and Paneer Tikka! The Fish Curry was cooked to perfection. Fresh ingredients and authentic flavors. Highly recommend!,5,2026-04-20T11:18:28.930309
REV-002034,ORD-20260414-303561,CUST-10158,REST-BLR-001,Perfect in every way! Butter Naan  Chicken Tikka Masala  Dal Makhani  Vegetable Biryani  and Fish Curry were all excellent. Butter Naan stood out with its rich  authentic taste.,5,2026-04-20T12:47:29.930309
REV-002105,ORD-20260418-691580,CUST-10493,REST-DEL-002,Enjoyed the Aloo Tikki Chaat  Paneer Butter Masala  Butter Naan  and Fresh Lime Soda! Paneer Butter Masala was very good. Portion sizes were generous. Recommend!,4,2026-04-20T13:10:30.930309
REV-002036,ORD-20260414-309457,CUST-10687,REST-MUM-002,Great food overall. Chicken Tikka Masala were tasty  especially the Chicken Tikka Masala. Would order again!,4,2026-04-20T13:21:31.930309
REV-002059,ORD-20260415-197688,CUST-10763,REST-DEL-001,Good quality food. Dal Makhani  Samosa (2 pcs)  and Jeera Rice were nicely done. Jeera Rice could have been slightly spicier but still good!,4,2026-04-20T16:16:48.930309
REV-002027,ORD-20260413-161504,CUST-10522,REST-MUM-002,Very satisfied! Chicken Seekh Kebab  Butter Naan  and Sweet Lassi were fresh and flavorful. Butter Naan was the standout dish.,4,2026-04-20T18:20:05.930309
REV-002083,ORD-20260416-650476,CUST-10147,REST-BLR-001,Wow! Just wow! Jeera Rice were all fantastic. Jeera Rice was particularly memorable. Can't wait to order again!,5,2026-04-20T19:44:23.930309
REV-002029,ORD-20260413-944770,CUST-10833,REST-DEL-001,Incredible meal! Lamb Rogan Josh arrived hot and fresh. The Lamb Rogan Josh was absolutely divine. Highly satisfied!,5,2026-04-20T22:45:16.930309
REV-002101,ORD-20260418-530429,CUST-10695,REST-DEL-001,Below expectations. Paneer Tikka were underwhelming. Paneer Tikka was overcooked and dry.,2,2026-04-21T10:04:52.930309
REV-002118,ORD-20260419-375521,CUST-10971,REST-DEL-001,Absolutely amazing Naan and Chicken 65! The Chicken 65 was cooked to perfection. Fresh ingredients and authentic flavors. Highly recommend!,5,2026-04-21T11:32:08.930309
REV-002087,ORD-20260417-534834,CUST-10275,REST-MUM-002,Average experience. Gajar Halwa  Chole Bhature  Garlic Naan  Samosa (2 pcs)  and Chicken 65 were fine but Chole Bhature was a bit bland. Room for improvement.,3,2026-04-21T11:52:07.930309
REV-002119,ORD-20260419-772430,CUST-10782,REST-DEL-001,Pleasant meal! Butter Naan arrived warm. Butter Naan was tasty though not exceptional. Would order again.,4,2026-04-21T12:13:27.930309
REV-002111,ORD-20260418-198522,CUST-10379,REST-MUM-002,Exceptional quality! Ordered Garlic Naan and everything was delicious. The Garlic Naan melted in my mouth. Perfect!,5,2026-04-21T16:22:12.930309
REV-002079,ORD-20260416-217038,CUST-10455,REST-DEL-002,Great food overall. Gulab Jamun (2 pcs) were tasty  especially the Gulab Jamun (2 pcs). Would order again!,4,2026-04-21T16:29:59.930309
REV-002123,ORD-20260419-643959,CUST-10429,REST-DEL-002,Wow! Just wow! Fish Curry were all fantastic. Fish Curry was particularly memorable. Can't wait to order again!,5,2026-04-21T17:06:23.930309
REV-002125,ORD-20260419-118052,CUST-10605,REST-MUM-001,Mixed feelings. Lamb Rogan Josh were acceptable. Lamb Rogan Josh was decent but portion was small for the price.,3,2026-04-21T19:30:48.930309
REV-002068,ORD-20260415-375944,CUST-10346,REST-MUM-002,Absolutely horrible! Samosa (2 pcs)  Paneer Tikka  Chole Bhature  and Aloo Tikki Chaat arrived ice cold after 2 hour delay. Aloo Tikki Chaat was spoiled. Disgusting!,1,2026-04-21T20:34:29.930309
REV-002115,ORD-20260418-164267,CUST-10728,REST-BLR-001,Pleasant meal! Gajar Halwa and Fresh Lime Soda arrived warm. Fresh Lime Soda was tasty though not exceptional. Would order again.,4,2026-04-21T21:06:20.930309
REV-002116,ORD-20260418-176240,CUST-10923,REST-MUM-002,Mediocre. Paneer Butter Masala were fine but forgettable. Paneer Butter Masala didn't stand out.,3,2026-04-21T21:38:40.930309
REV-002069,ORD-20260415-287864,CUST-10634,REST-DEL-002,Very satisfied! Chole Bhature  Sweet Lassi  Jeera Rice  and Chicken 65 were fresh and flavorful. Sweet Lassi was the standout dish.,4,2026-04-21T21:40:34.930309
REV-002070,ORD-20260415-953444,CUST-10931,REST-MUM-002,Unsatisfactory. Butter Naan and Chole Bhature were not fresh. Chole Bhature tasted reheated. Won't order again.,2,2026-04-21T21:55:02.930309
REV-002071,ORD-20260415-142753,CUST-10251,REST-BLR-001,Exceptional quality! Ordered Fresh Lime Soda  Jeera Rice  Butter Naan  and Chole Bhature and everything was delicious. The Jeera Rice melted in my mouth. Perfect!,5,2026-04-21T22:18:04.930309
REV-002100,ORD-20260417-672516,CUST-10640,REST-MUM-002,Wow! Just wow! Fresh Lime Soda and Tandoori Roti were all fantastic. Fresh Lime Soda was particularly memorable. Can't wait to order again!,5,2026-04-21T22:32:51.930309
REV-002131,ORD-20260420-848422,CUST-10114,REST-MUM-001,Exceptional quality! Ordered Chicken Tikka Masala and Paneer Butter Masala and everything was delicious. The Paneer Butter Masala melted in my mouth. Perfect!,5,2026-04-22T11:21:18.930309
REV-002133,ORD-20260420-157660,CUST-10632,REST-DEL-002,Unsatisfactory. Naan  Chicken Tikka Masala  Mango Lassi  Masala Chai  and Gajar Halwa were not fresh. Chicken Tikka Masala tasted reheated. Won't order again.,2,2026-04-22T12:30:41.930309
REV-002093,ORD-20260417-300856,CUST-10569,REST-DEL-001,Incredible meal! Samosa (2 pcs)  Chole Bhature  Butter Chicken  Vegetable Biryani  and Paneer Tikka arrived hot and fresh. The Paneer Tikka was absolutely divine. Highly satisfied!,5,2026-04-22T13:19:51.930309
REV-002073,ORD-20260416-455079,CUST-10173,REST-MUM-001,It was okay. Malai Kofta and Kulfi arrived lukewarm. Malai Kofta tasted fine but could be better.,3,2026-04-22T13:22:45.930309
REV-002075,ORD-20260416-173735,CUST-10117,REST-DEL-002,Best Indian food in UAE! Masala Chai were incredible. Masala Chai had the perfect balance of spices. Five stars!,5,2026-04-22T14:05:34.930309
REV-002080,ORD-20260416-351048,CUST-10087,REST-BLR-001,Not bad  not great. Butter Chicken were edible. Butter Chicken needed more seasoning.,3,2026-04-22T16:31:27.930309
REV-002063,ORD-20260415-918486,CUST-10338,REST-DEL-002,Poor experience. Chicken Tikka Masala  Naan  and Vegetable Biryani were disappointing. Vegetable Biryani was burnt on the edges. Very unhappy.,2,2026-04-22T17:37:30.930309
REV-002096,ORD-20260417-372877,CUST-10125,REST-MUM-001,Pleasant meal! Palak Paneer  Naan  Tandoori Roti  Butter Naan  and Malai Kofta arrived warm. Palak Paneer was tasty though not exceptional. Would order again.,4,2026-04-22T18:35:57.930309
REV-002098,ORD-20260417-957521,CUST-10465,REST-MUM-001,Disappointed with Kulfi  Fresh Lime Soda  Chole Bhature  Fish Curry  and Naan. Naan was cold when it arrived. Not worth the money.,2,2026-04-22T20:06:13.930309
REV-002066,ORD-20260415-178215,CUST-10117,REST-MUM-001,Exceptional quality! Ordered Chicken Seekh Kebab  Butter Chicken  Chicken 65  Fresh Lime Soda  and Tandoori Roti and everything was delicious. The Chicken Seekh Kebab melted in my mouth. Perfect!,5,2026-04-22T20:10:41.930309
REV-002084,ORD-20260416-368982,CUST-10137,REST-MUM-001,Wow! Just wow! Samosa (2 pcs)  Fish Curry  and Sweet Lassi were all fantastic. Sweet Lassi was particularly memorable. Can't wait to order again!,5,2026-04-22T20:33:48.930309
REV-002128,ORD-20260419-651673,CUST-10911,REST-DEL-001,Absolutely amazing Chole Bhature and Palak Paneer! The Chole Bhature was cooked to perfection. Fresh ingredients and authentic flavors. Highly recommend!,5,2026-04-22T20:46:01.930309
REV-002129,ORD-20260419-345445,CUST-10161,REST-DEL-001,Enjoyed the Kulfi and Samosa (2 pcs)! Samosa (2 pcs) was very good. Portion sizes were generous. Recommend!,4,2026-04-22T22:14:15.930309
REV-002130,ORD-20260420-782117,CUST-10196,REST-MUM-002,Absolutely amazing Mango Lassi  Jeera Rice  Gulab Jamun (2 pcs)  and Vegetable Biryani! The Jeera Rice was cooked to perfection. Fresh ingredients and authentic flavors. Highly recommend!,5,2026-04-23T11:14:22.930309
REV-002088,ORD-20260417-848703,CUST-10771,REST-MUM-001,Exceptional quality! Ordered Tandoori Roti  Mango Lassi  Gulab Jamun (2 pcs)  and Garlic Naan and everything was delicious. The Mango Lassi melted in my mouth. Perfect!,5,2026-04-23T11:58:14.930309
REV-002106,ORD-20260418-485622,CUST-10275,REST-DEL-002,It was okay. Dal Makhani  Paneer Butter Masala  Butter Naan  Vegetable Biryani  and Chole Bhature arrived lukewarm. Butter Naan tasted fine but could be better.,3,2026-04-23T14:17:53.930309
REV-002107,ORD-20260418-949018,CUST-10227,REST-DEL-002,Shocking! Garlic Naan  Chole Bhature  Fresh Lime Soda  Chicken Biryani  and Masala Chai bore no resemblance to the menu description. Garlic Naan was inedible. Refund demanded!,1,2026-04-23T14:30:25.930309
REV-002109,ORD-20260418-287366,CUST-10305,REST-MUM-001,Wow! Just wow! Chicken Tikka Masala were all fantastic. Chicken Tikka Masala was particularly memorable. Can't wait to order again!,5,2026-04-23T15:41:44.930309
REV-002161,ORD-20260422-990045,CUST-10858,REST-MUM-001,Solid experience. Gulab Jamun (2 pcs)  Vegetable Biryani  and Kulfi were well-prepared. Gulab Jamun (2 pcs) had great flavor. Minor issues with packaging.,4,2026-04-23T15:51:44.930309
REV-002137,ORD-20260420-187207,CUST-10783,REST-DEL-002,Hands down the best Palak Paneer I've ever had! Malai Kofta  Rasmalai (2 pcs)  and Palak Paneer were all prepared beautifully. Fresh and flavorful!,5,2026-04-23T16:21:18.930309
REV-002146,ORD-20260421-906516,CUST-10198,REST-MUM-002,Decent food but nothing special. Butter Naan  Palak Paneer  Paneer Tikka  Chicken 65  and Chole Bhature were okay. Butter Naan lacked the punch I expected.,3,2026-04-23T18:24:21.930309
REV-002097,ORD-20260417-855313,CUST-10749,REST-DEL-002,Good quality food. Gajar Halwa  Paneer Tikka  Paneer Butter Masala  and Palak Paneer were nicely done. Paneer Tikka could have been slightly spicier but still good!,4,2026-04-23T19:47:59.930309
REV-002140,ORD-20260420-923724,CUST-10596,REST-BLR-001,Absolutely amazing Fresh Lime Soda  Kulfi  Butter Chicken  and Garlic Naan! The Garlic Naan was cooked to perfection. Fresh ingredients and authentic flavors. Highly recommend!,5,2026-04-23T21:19:35.930309
REV-002166,ORD-20260422-220661,CUST-10863,REST-MUM-002,Absolutely horrible! Fresh Lime Soda  Garlic Naan  Malai Kofta  Paneer Butter Masala  and Naan arrived ice cold after 2 hour delay. Paneer Butter Masala was spoiled. Disgusting!,1,2026-04-23T21:44:27.930309
REV-002085,ORD-20260416-479155,CUST-10744,REST-DEL-002,Below expectations. Butter Chicken  Chicken Tikka Masala  Aloo Tikki Chaat  Mango Lassi  and Kulfi were underwhelming. Aloo Tikki Chaat was overcooked and dry.,2,2026-04-23T21:45:08.930309
REV-002171,ORD-20260423-127054,CUST-10924,REST-MUM-001,Outstanding experience! The Vegetable Biryani  Garlic Naan  Rasmalai (2 pcs)  and Chicken Biryani exceeded all expectations. Rasmalai (2 pcs) was the star of the meal. Will definitely order again!,5,2026-04-24T10:57:17.930309
REV-002152,ORD-20260422-650517,CUST-10981,REST-DEL-001,Exceptional quality! Ordered Butter Naan and everything was delicious. The Butter Naan melted in my mouth. Perfect!,5,2026-04-24T10:58:17.930309
REV-002091,ORD-20260417-744085,CUST-10577,REST-DEL-002,Very satisfied! Naan and Chicken Seekh Kebab were fresh and flavorful. Naan was the standout dish.,4,2026-04-24T12:59:48.930309
REV-002092,ORD-20260417-608303,CUST-10776,REST-MUM-002,Great food overall. Lamb Rogan Josh and Paneer Tikka were tasty  especially the Paneer Tikka. Would order again!,4,2026-04-24T13:04:11.930309
REV-002180,ORD-20260423-593678,CUST-10583,REST-BLR-001,Pleasant meal! Chicken 65 arrived warm. Chicken 65 was tasty though not exceptional. Would order again.,4,2026-04-24T13:15:29.930309
REV-002157,ORD-20260422-157376,CUST-10442,REST-DEL-002,Exceptional quality! Ordered Garlic Naan and everything was delicious. The Garlic Naan melted in my mouth. Perfect!,5,2026-04-24T14:17:16.930309
REV-002144,ORD-20260421-752426,CUST-10020,REST-DEL-001,Not good. Palak Paneer  Tandoori Roti  and Rasmalai (2 pcs) arrived late and cold. Palak Paneer had barely any flavor. Poor quality.,2,2026-04-24T15:20:53.930309
REV-002122,ORD-20260419-402311,CUST-10520,REST-DEL-002,Disaster! Chole Bhature and Fresh Lime Soda were all stale. Fresh Lime Soda had a weird smell. Completely unacceptable!,1,2026-04-24T15:56:56.930309
REV-002162,ORD-20260422-881502,CUST-10811,REST-DEL-001,Perfect in every way! Palak Paneer  Jeera Rice  and Naan were all excellent. Naan stood out with its rich  authentic taste.,5,2026-04-24T16:07:06.930309
REV-002138,ORD-20260420-522933,CUST-10332,REST-MUM-002,Very satisfied! Chicken Tikka Masala were fresh and flavorful. Chicken Tikka Masala was the standout dish.,4,2026-04-24T18:58:48.930309
REV-002148,ORD-20260421-168190,CUST-10099,REST-MUM-001,Really good Chicken 65  Fish Curry  and Chicken Biryani! The Chicken Biryani was delicious. Slight delay in delivery but food quality made up for it.,4,2026-04-24T19:40:09.930309
REV-002164,ORD-20260422-501285,CUST-10900,REST-BLR-001,Exceptional quality! Ordered Naan  Paneer Butter Masala  and Samosa (2 pcs) and everything was delicious. The Naan melted in my mouth. Perfect!,5,2026-04-24T20:22:04.930309
REV-002167,ORD-20260422-854668,CUST-10387,REST-MUM-002,Enjoyed the Dal Makhani  Butter Naan  and Samosa (2 pcs)! Dal Makhani was very good. Portion sizes were generous. Recommend!,4,2026-04-24T21:55:09.930309
REV-002168,ORD-20260422-553206,CUST-10575,REST-DEL-001,Exceptional quality! Ordered Aloo Tikki Chaat  Jeera Rice  and Gajar Halwa and everything was delicious. The Jeera Rice melted in my mouth. Perfect!,5,2026-04-24T22:27:23.930309
REV-002175,ORD-20260423-441542,CUST-10374,REST-MUM-001,Good quality food. Rasmalai (2 pcs) were nicely done. Rasmalai (2 pcs) could have been slightly spicier but still good!,4,2026-04-25T11:37:57.930309
REV-002132,ORD-20260420-706426,CUST-10634,REST-DEL-002,Great food overall. Chicken Seekh Kebab and Dal Makhani were tasty  especially the Chicken Seekh Kebab. Would order again!,4,2026-04-25T12:17:06.930309
REV-002154,ORD-20260422-867549,CUST-10637,REST-BLR-001,Incredible meal! Gulab Jamun (2 pcs) arrived hot and fresh. The Gulab Jamun (2 pcs) was absolutely divine. Highly satisfied!,5,2026-04-25T12:19:32.930309
REV-002104,ORD-20260418-363769,CUST-10523,REST-DEL-002,Disaster! Chicken Seekh Kebab  Paneer Tikka  Kulfi  Chicken Biryani  and Samosa (2 pcs) were all stale. Paneer Tikka had a weird smell. Completely unacceptable!,1,2026-04-25T12:53:06.930309
REV-002143,ORD-20260421-417739,CUST-10540,REST-DEL-002,Hands down the best Kulfi I've ever had! Samosa (2 pcs)  Malai Kofta  Kulfi  and Rasmalai (2 pcs) were all prepared beautifully. Fresh and flavorful!,5,2026-04-25T13:52:25.930309
REV-002108,ORD-20260418-939961,CUST-10384,REST-DEL-001,Hands down the best Masala Chai I've ever had! Lamb Rogan Josh  Masala Chai  Vegetable Biryani  Chicken Biryani  and Palak Paneer were all prepared beautifully. Fresh and flavorful!,5,2026-04-25T15:10:34.930309
REV-002183,ORD-20260423-508745,CUST-10372,REST-DEL-001,Average experience. Lamb Rogan Josh and Fresh Lime Soda were fine but Lamb Rogan Josh was a bit bland. Room for improvement.,3,2026-04-25T15:30:16.930309
REV-002160,ORD-20260422-645790,CUST-10977,REST-MUM-002,Hands down the best Samosa (2 pcs) I've ever had! Chole Bhature  Samosa (2 pcs)  Chicken 65  Jeera Rice  and Chicken Tikka Masala were all prepared beautifully. Fresh and flavorful!,5,2026-04-25T15:46:10.930309
REV-002136,ORD-20260420-127143,CUST-10386,REST-MUM-002,Very satisfied! Rasmalai (2 pcs) and Paneer Tikka were fresh and flavorful. Paneer Tikka was the standout dish.,4,2026-04-25T16:06:20.930309
REV-002202,ORD-20260424-202741,CUST-10872,REST-DEL-001,Outstanding experience! The Paneer Butter Masala  Tandoori Roti  Aloo Tikki Chaat  and Chicken Tikka Masala exceeded all expectations. Paneer Butter Masala was the star of the meal. Will definitely order again!,5,2026-04-25T16:25:50.930309
REV-002112,ORD-20260418-124839,CUST-10106,REST-DEL-001,Very satisfied! Rasmalai (2 pcs)  Chole Bhature  Palak Paneer  Paneer Tikka  and Aloo Tikki Chaat were fresh and flavorful. Chole Bhature was the standout dish.,4,2026-04-25T17:07:53.930309
REV-002203,ORD-20260424-199593,CUST-10730,REST-MUM-002,Pleasant meal! Samosa (2 pcs) arrived warm. Samosa (2 pcs) was tasty though not exceptional. Would order again.,4,2026-04-25T17:31:10.930309
REV-002204,ORD-20260424-792459,CUST-10223,REST-DEL-001,Best Indian food in UAE! Aloo Tikki Chaat were incredible. Aloo Tikki Chaat had the perfect balance of spices. Five stars!,5,2026-04-25T17:32:33.930309
REV-002124,ORD-20260419-684497,CUST-10431,REST-MUM-002,Below expectations. Masala Chai were underwhelming. Masala Chai was overcooked and dry.,2,2026-04-25T19:08:45.930309
REV-002192,ORD-20260423-456021,CUST-10211,REST-MUM-001,Hands down the best Sweet Lassi I've ever had! Sweet Lassi and Malai Kofta were all prepared beautifully. Fresh and flavorful!,5,2026-04-25T19:57:27.930309
REV-002114,ORD-20260418-594542,CUST-10810,REST-BLR-001,Enjoyed the Fish Curry! Fish Curry was very good. Portion sizes were generous. Recommend!,4,2026-04-25T20:01:34.930309
REV-002126,ORD-20260419-534238,CUST-10586,REST-MUM-002,Mixed feelings. Gulab Jamun (2 pcs) were acceptable. Gulab Jamun (2 pcs) was decent but portion was small for the price.,3,2026-04-25T20:15:49.930309
REV-002139,ORD-20260420-103345,CUST-10977,REST-MUM-002,Hands down the best Samosa (2 pcs) I've ever had! Fresh Lime Soda  Dal Makhani  Samosa (2 pcs)  Chicken 65  and Vegetable Biryani were all prepared beautifully. Fresh and flavorful!,5,2026-04-25T20:41:07.930309
REV-002127,ORD-20260419-170088,CUST-10451,REST-DEL-002,Incredible meal! Chicken Biryani  Vegetable Biryani  Aloo Tikki Chaat  and Naan arrived hot and fresh. The Naan was absolutely divine. Highly satisfied!,5,2026-04-25T20:45:41.930309
REV-002117,ORD-20260418-962856,CUST-10081,REST-MUM-001,Hands down the best Gajar Halwa I've ever had! Gajar Halwa  Butter Chicken  and Garlic Naan were all prepared beautifully. Fresh and flavorful!,5,2026-04-25T21:48:33.930309
REV-002193,ORD-20260423-568099,CUST-10178,REST-DEL-001,Hands down the best Kulfi I've ever had! Paneer Tikka  Kulfi  Rasmalai (2 pcs)  and Butter Chicken were all prepared beautifully. Fresh and flavorful!,5,2026-04-25T22:05:00.930309
REV-002150,ORD-20260421-761913,CUST-10086,REST-MUM-002,Outstanding experience! The Fresh Lime Soda  Gulab Jamun (2 pcs)  and Samosa (2 pcs) exceeded all expectations. Gulab Jamun (2 pcs) was the star of the meal. Will definitely order again!,5,2026-04-25T22:09:10.930309
REV-002169,ORD-20260423-324383,CUST-10571,REST-MUM-001,Disappointed with Lamb Rogan Josh  Sweet Lassi  Tandoori Roti  Gajar Halwa  and Kulfi. Tandoori Roti was cold when it arrived. Not worth the money.,2,2026-04-26T10:12:57.930309
REV-002176,ORD-20260423-990830,CUST-10200,REST-MUM-002,Really good Jeera Rice and Paneer Tikka! The Paneer Tikka was delicious. Slight delay in delivery but food quality made up for it.,4,2026-04-26T11:56:59.930309
REV-002120,ORD-20260419-238211,CUST-10237,REST-BLR-001,Mixed feelings. Gulab Jamun (2 pcs) were acceptable. Gulab Jamun (2 pcs) was decent but portion was small for the price.,3,2026-04-26T12:31:56.930309
REV-002178,ORD-20260423-958004,CUST-10205,REST-MUM-001,Hands down the best Samosa (2 pcs) I've ever had! Samosa (2 pcs) were all prepared beautifully. Fresh and flavorful!,5,2026-04-26T12:37:17.930309
REV-002134,ORD-20260420-941147,CUST-10691,REST-MUM-001,Below expectations. Kulfi  Samosa (2 pcs)  Jeera Rice  and Malai Kofta were underwhelming. Malai Kofta was overcooked and dry.,2,2026-04-26T12:59:28.930309
REV-002218,ORD-20260425-622973,CUST-10025,REST-BLR-001,Best Indian food in UAE! Butter Chicken and Paneer Tikka were incredible. Paneer Tikka had the perfect balance of spices. Five stars!,5,2026-04-26T13:22:59.930309
REV-002201,ORD-20260424-227327,CUST-10078,REST-DEL-001,Best Indian food in UAE! Aloo Tikki Chaat  Naan  Paneer Tikka  and Chicken 65 were incredible. Naan had the perfect balance of spices. Five stars!,5,2026-04-26T14:25:40.930309
REV-002220,ORD-20260425-149197,CUST-10194,REST-DEL-002,Wow! Just wow! Samosa (2 pcs)  Palak Paneer  Paneer Butter Masala  and Jeera Rice were all fantastic. Paneer Butter Masala was particularly memorable. Can't wait to order again!,5,2026-04-26T14:48:10.930309
REV-002121,ORD-20260419-365825,CUST-10820,REST-MUM-001,Very satisfied! Butter Chicken  Fresh Lime Soda  Dal Makhani  Tandoori Roti  and Chicken Biryani were fresh and flavorful. Butter Chicken was the standout dish.,4,2026-04-26T15:03:57.930309
REV-002186,ORD-20260423-867063,CUST-10665,REST-DEL-002,Incredible meal! Butter Chicken  Garlic Naan  and Paneer Butter Masala arrived hot and fresh. The Garlic Naan was absolutely divine. Highly satisfied!,5,2026-04-26T16:33:50.930309
REV-002187,ORD-20260423-128850,CUST-10939,REST-MUM-001,Best Indian food in UAE! Naan  Malai Kofta  Fresh Lime Soda  Paneer Butter Masala  and Samosa (2 pcs) were incredible. Naan had the perfect balance of spices. Five stars!,5,2026-04-26T17:01:57.930309
REV-002145,ORD-20260421-693705,CUST-10159,REST-MUM-001,Exceptional quality! Ordered Paneer Tikka  Kulfi  Butter Chicken  Vegetable Biryani  and Lamb Rogan Josh and everything was delicious. The Butter Chicken melted in my mouth. Perfect!,5,2026-04-26T17:05:07.930309
REV-002206,ORD-20260424-667953,CUST-10119,REST-BLR-001,Solid experience. Chicken 65 and Paneer Butter Masala were well-prepared. Paneer Butter Masala had great flavor. Minor issues with packaging.,4,2026-04-26T18:05:47.930309
REV-002210,ORD-20260424-416313,CUST-10048,REST-BLR-001,Great food overall. Chicken Seekh Kebab  Vegetable Biryani  Fresh Lime Soda  Chicken 65  and Masala Chai were tasty  especially the Vegetable Biryani. Would order again!,4,2026-04-26T19:58:57.930309
REV-002213,ORD-20260424-861630,CUST-10562,REST-DEL-001,Incredible meal! Gajar Halwa arrived hot and fresh. The Gajar Halwa was absolutely divine. Highly satisfied!,5,2026-04-26T22:17:01.930309
REV-002196,ORD-20260423-164770,CUST-10491,REST-MUM-002,Wow! Just wow! Mango Lassi  Lamb Rogan Josh  and Fish Curry were all fantastic. Lamb Rogan Josh was particularly memorable. Can't wait to order again!,5,2026-04-26T22:53:12.930309
REV-002172,ORD-20260423-245984,CUST-10109,REST-DEL-002,Appalling quality! Fresh Lime Soda and Paneer Tikka were swimming in oil. Paneer Tikka was raw inside. Health hazard!,1,2026-04-27T11:03:59.930309
REV-002174,ORD-20260423-340470,CUST-10986,REST-MUM-001,Outstanding experience! The Malai Kofta exceeded all expectations. Malai Kofta was the star of the meal. Will definitely order again!,5,2026-04-27T11:37:34.930309
REV-002153,ORD-20260422-313612,CUST-10017,REST-MUM-002,Poor experience. Butter Naan  Kulfi  Paneer Butter Masala  and Jeera Rice were disappointing. Paneer Butter Masala was burnt on the edges. Very unhappy.,2,2026-04-27T11:48:44.930309
REV-002179,ORD-20260423-122893,CUST-10061,REST-DEL-002,Poor experience. Chicken 65  Naan  Butter Chicken  Paneer Tikka  and Jeera Rice were disappointing. Chicken 65 was burnt on the edges. Very unhappy.,2,2026-04-27T13:10:04.930309
REV-002142,ORD-20260421-759231,CUST-10834,REST-BLR-001,Absolutely amazing Samosa (2 pcs)  Paneer Tikka  and Chicken Biryani! The Samosa (2 pcs) was cooked to perfection. Fresh ingredients and authentic flavors. Highly recommend!,5,2026-04-27T13:44:55.930309
REV-002135,ORD-20260420-308049,CUST-10319,REST-DEL-001,Outstanding experience! The Jeera Rice  Butter Chicken  Tandoori Roti  and Lamb Rogan Josh exceeded all expectations. Jeera Rice was the star of the meal. Will definitely order again!,5,2026-04-27T14:10:43.930309
REV-002182,ORD-20260423-585260,CUST-10700,REST-DEL-002,Very satisfied! Naan were fresh and flavorful. Naan was the standout dish.,4,2026-04-27T14:26:22.930309
REV-002240,ORD-20260426-122187,CUST-10592,REST-DEL-002,Mixed feelings. Gulab Jamun (2 pcs) and Jeera Rice were acceptable. Jeera Rice was decent but portion was small for the price.,3,2026-04-27T19:41:33.930309
REV-002191,ORD-20260423-735821,CUST-10593,REST-DEL-002,Outstanding experience! The Gulab Jamun (2 pcs)  Butter Naan  Chicken Seekh Kebab  Masala Chai  and Rasmalai (2 pcs) exceeded all expectations. Chicken Seekh Kebab was the star of the meal. Will definitely order again!,5,2026-04-27T19:52:29.930309
REV-002165,ORD-20260422-615282,CUST-10556,REST-DEL-002,Not good. Tandoori Roti arrived late and cold. Tandoori Roti had barely any flavor. Poor quality.,2,2026-04-27T20:51:36.930309
REV-002149,ORD-20260421-842538,CUST-10747,REST-DEL-002,Outstanding experience! The Butter Naan  Mango Lassi  Vegetable Biryani  Samosa (2 pcs)  and Kulfi exceeded all expectations. Butter Naan was the star of the meal. Will definitely order again!,5,2026-04-27T21:51:51.930309
REV-002227,ORD-20260425-495243,CUST-10567,REST-MUM-002,Wow! Just wow! Dal Makhani  Naan  and Chicken Biryani were all fantastic. Naan was particularly memorable. Can't wait to order again!,5,2026-04-27T21:58:44.930309
REV-002248,ORD-20260426-118118,CUST-10799,REST-MUM-001,Good quality food. Garlic Naan were nicely done. Garlic Naan could have been slightly spicier but still good!,4,2026-04-27T22:43:44.930309
REV-002151,ORD-20260421-906517,CUST-10126,REST-DEL-001,Hands down the best Sweet Lassi I've ever had! Naan  Kulfi  Sweet Lassi  and Butter Naan were all prepared beautifully. Fresh and flavorful!,5,2026-04-27T22:57:08.930309
REV-002141,ORD-20260421-352806,CUST-10020,REST-DEL-001,Disappointed with Butter Naan  Rasmalai (2 pcs)  Masala Chai  Chicken 65  and Jeera Rice. Butter Naan was cold when it arrived. Not worth the money.,2,2026-04-28T10:06:31.930309
REV-002170,ORD-20260423-601594,CUST-10761,REST-BLR-001,Perfect in every way! Fish Curry  Naan  Chicken Tikka Masala  and Vegetable Biryani were all excellent. Naan stood out with its rich  authentic taste.,5,2026-04-28T10:39:18.930309
REV-002198,ORD-20260424-775008,CUST-10314,REST-MUM-001,Wow! Just wow! Samosa (2 pcs)  Malai Kofta  Chicken Seekh Kebab  and Butter Chicken were all fantastic. Malai Kofta was particularly memorable. Can't wait to order again!,5,2026-04-28T11:42:19.930309
REV-002229,ORD-20260426-160915,CUST-10273,REST-MUM-002,Wow! Just wow! Vegetable Biryani  Naan  and Chicken Biryani were all fantastic. Vegetable Biryani was particularly memorable. Can't wait to order again!,5,2026-04-28T12:08:20.930309
REV-002215,ORD-20260425-150947,CUST-10729,REST-DEL-002,Really good Vegetable Biryani  Jeera Rice  Palak Paneer  Kulfi  and Fresh Lime Soda! The Fresh Lime Soda was delicious. Slight delay in delivery but food quality made up for it.,4,2026-04-28T12:31:25.930309
REV-002199,ORD-20260424-905204,CUST-10220,REST-MUM-001,Good quality food. Lamb Rogan Josh  Butter Naan  and Chicken Seekh Kebab were nicely done. Lamb Rogan Josh could have been slightly spicier but still good!,4,2026-04-28T12:46:48.930309
REV-002216,ORD-20260425-644332,CUST-10516,REST-BLR-001,Solid experience. Vegetable Biryani were well-prepared. Vegetable Biryani had great flavor. Minor issues with packaging.,4,2026-04-28T12:48:30.930309
REV-002156,ORD-20260422-647319,CUST-10581,REST-BLR-001,Hands down the best Vegetable Biryani I've ever had! Chole Bhature  Gajar Halwa  Vegetable Biryani  Kulfi  and Chicken Biryani were all prepared beautifully. Fresh and flavorful!,5,2026-04-28T14:07:39.930309
REV-002158,ORD-20260422-195278,CUST-10738,REST-MUM-002,Enjoyed the Tandoori Roti  Gulab Jamun (2 pcs)  and Aloo Tikki Chaat! Gulab Jamun (2 pcs) was very good. Portion sizes were generous. Recommend!,4,2026-04-28T14:20:07.930309
REV-002253,ORD-20260427-927837,CUST-10927,REST-MUM-002,Very satisfied! Butter Chicken  Fish Curry  Rasmalai (2 pcs)  Masala Chai  and Tandoori Roti were fresh and flavorful. Tandoori Roti was the standout dish.,4,2026-04-28T14:33:57.930309
REV-002159,ORD-20260422-515583,CUST-10568,REST-MUM-002,Good quality food. Garlic Naan and Sweet Lassi were nicely done. Sweet Lassi could have been slightly spicier but still good!,4,2026-04-28T14:35:14.930309
REV-002235,ORD-20260426-941254,CUST-10134,REST-MUM-002,Absolutely amazing Paneer Butter Masala  Chicken 65  Fresh Lime Soda  Fish Curry  and Kulfi! The Kulfi was cooked to perfection. Fresh ingredients and authentic flavors. Highly recommend!,5,2026-04-28T15:46:09.930309
REV-002236,ORD-20260426-400199,CUST-10211,REST-DEL-002,Appalling quality! Chicken Seekh Kebab and Chicken Tikka Masala were swimming in oil. Chicken Seekh Kebab was raw inside. Health hazard!,1,2026-04-28T15:58:18.930309
REV-002256,ORD-20260427-845160,CUST-10159,REST-BLR-001,It was okay. Dal Makhani  Aloo Tikki Chaat  Naan  and Paneer Tikka arrived lukewarm. Dal Makhani tasted fine but could be better.,3,2026-04-28T16:49:44.930309
REV-002207,ORD-20260424-764522,CUST-10510,REST-MUM-001,Not bad  not great. Garlic Naan and Tandoori Roti were edible. Tandoori Roti needed more seasoning.,3,2026-04-28T18:40:58.930309
REV-002147,ORD-20260421-309004,CUST-10282,REST-DEL-001,Wow! Just wow! Jeera Rice were all fantastic. Jeera Rice was particularly memorable. Can't wait to order again!,5,2026-04-28T19:14:49.930309
REV-002244,ORD-20260426-330771,CUST-10605,REST-MUM-002,Outstanding experience! The Garlic Naan exceeded all expectations. Garlic Naan was the star of the meal. Will definitely order again!,5,2026-04-28T20:24:35.930309
REV-002246,ORD-20260426-110701,CUST-10519,REST-MUM-001,Hands down the best Gajar Halwa I've ever had! Gajar Halwa  Masala Chai  and Dal Makhani were all prepared beautifully. Fresh and flavorful!,5,2026-04-28T20:48:33.930309
REV-002262,ORD-20260427-326254,CUST-10743,REST-MUM-002,Really good Lamb Rogan Josh  Gulab Jamun (2 pcs)  Samosa (2 pcs)  Chicken Biryani  and Mango Lassi! The Gulab Jamun (2 pcs) was delicious. Slight delay in delivery but food quality made up for it.,4,2026-04-28T21:49:28.930309
REV-002195,ORD-20260423-681175,CUST-10383,REST-BLR-001,Best Indian food in UAE! Sweet Lassi  Tandoori Roti  and Masala Chai were incredible. Tandoori Roti had the perfect balance of spices. Five stars!,5,2026-04-28T22:37:32.930309
REV-002214,ORD-20260425-230741,CUST-10363,REST-MUM-002,Exceptional quality! Ordered Mango Lassi and Vegetable Biryani and everything was delicious. The Vegetable Biryani melted in my mouth. Perfect!,5,2026-04-29T10:24:48.930309
REV-002155,ORD-20260422-387558,CUST-10024,REST-MUM-001,Decent food but nothing special. Chicken 65  Masala Chai  and Garlic Naan were okay. Masala Chai lacked the punch I expected.,3,2026-04-29T12:52:24.930309
REV-002181,ORD-20260423-577041,CUST-10539,REST-MUM-001,Wow! Just wow! Chicken Tikka Masala  Tandoori Roti  Gajar Halwa  and Chicken Biryani were all fantastic. Gajar Halwa was particularly memorable. Can't wait to order again!,5,2026-04-29T13:40:28.930309
REV-002268,ORD-20260428-502112,CUST-10220,REST-MUM-002,Exceptional quality! Ordered Vegetable Biryani  Mango Lassi  and Chicken Tikka Masala and everything was delicious. The Mango Lassi melted in my mouth. Perfect!,5,2026-04-29T16:09:40.930309
REV-002255,ORD-20260427-995177,CUST-10593,REST-MUM-002,Incredible meal! Masala Chai arrived hot and fresh. The Masala Chai was absolutely divine. Highly satisfied!,5,2026-04-29T16:13:26.930309
REV-002185,ORD-20260423-305071,CUST-10425,REST-MUM-002,Enjoyed the Sweet Lassi  Butter Chicken  Palak Paneer  and Malai Kofta! Sweet Lassi was very good. Portion sizes were generous. Recommend!,4,2026-04-29T16:31:31.930309
REV-002237,ORD-20260426-944284,CUST-10974,REST-DEL-001,Exceptional quality! Ordered Fresh Lime Soda  Dal Makhani  and Malai Kofta and everything was delicious. The Malai Kofta melted in my mouth. Perfect!,5,2026-04-29T17:38:38.930309
REV-002189,ORD-20260423-508868,CUST-10473,REST-MUM-002,Shocking! Jeera Rice and Vegetable Biryani bore no resemblance to the menu description. Jeera Rice was inedible. Refund demanded!,1,2026-04-29T17:51:01.930309
REV-002208,ORD-20260424-168374,CUST-10209,REST-DEL-002,Hands down the best Rasmalai (2 pcs) I've ever had! Paneer Butter Masala and Rasmalai (2 pcs) were all prepared beautifully. Fresh and flavorful!,5,2026-04-29T19:19:54.930309
REV-002209,ORD-20260424-393050,CUST-10909,REST-MUM-002,Incredible meal! Gajar Halwa and Palak Paneer arrived hot and fresh. The Gajar Halwa was absolutely divine. Highly satisfied!,5,2026-04-29T19:47:11.930309
REV-002163,ORD-20260422-809525,CUST-10411,REST-DEL-001,Perfect in every way! Chole Bhature and Chicken Seekh Kebab were all excellent. Chicken Seekh Kebab stood out with its rich  authentic taste.,5,2026-04-29T19:47:11.930309
REV-002241,ORD-20260426-992654,CUST-10576,REST-BLR-001,Expected better. Vegetable Biryani  Fish Curry  Butter Naan  Chicken Biryani  and Fresh Lime Soda were subpar. Vegetable Biryani was too oily and greasy. Stomach upset followed.,2,2026-04-29T19:50:22.930309
REV-002223,ORD-20260425-194869,CUST-10015,REST-BLR-001,Great food overall. Chole Bhature  Samosa (2 pcs)  Dal Makhani  Kulfi  and Naan were tasty  especially the Samosa (2 pcs). Would order again!,4,2026-04-29T19:57:14.930309
REV-002225,ORD-20260425-377542,CUST-10528,REST-DEL-002,Best Indian food in UAE! Kulfi  Garlic Naan  Gulab Jamun (2 pcs)  Fresh Lime Soda  and Tandoori Roti were incredible. Garlic Naan had the perfect balance of spices. Five stars!,5,2026-04-29T20:15:20.930309
REV-002226,ORD-20260425-618953,CUST-10364,REST-BLR-001,Perfect in every way! Gajar Halwa  Chicken 65  Paneer Butter Masala  Kulfi  and Gulab Jamun (2 pcs) were all excellent. Kulfi stood out with its rich  authentic taste.,5,2026-04-29T20:46:44.930309
REV-002258,ORD-20260427-630489,CUST-10145,REST-MUM-002,Solid experience. Palak Paneer  Tandoori Roti  Kulfi  Chole Bhature  and Dal Makhani were well-prepared. Palak Paneer had great flavor. Minor issues with packaging.,4,2026-04-29T20:52:57.930309
REV-002212,ORD-20260424-278028,CUST-10385,REST-BLR-001,Solid experience. Samosa (2 pcs)  Gulab Jamun (2 pcs)  Gajar Halwa  Vegetable Biryani  and Palak Paneer were well-prepared. Gajar Halwa had great flavor. Minor issues with packaging.,4,2026-04-29T21:27:01.930309
REV-002194,ORD-20260423-785138,CUST-10725,REST-BLR-001,Wow! Just wow! Gajar Halwa  Butter Naan  and Chicken Seekh Kebab were all fantastic. Chicken Seekh Kebab was particularly memorable. Can't wait to order again!,5,2026-04-29T22:13:10.930309
REV-002247,ORD-20260426-103539,CUST-10258,REST-DEL-001,Perfect in every way! Paneer Tikka were all excellent. Paneer Tikka stood out with its rich  authentic taste.,5,2026-04-29T22:35:18.930309
REV-002197,ORD-20260424-315672,CUST-10474,REST-DEL-001,Not bad  not great. Naan  Sweet Lassi  Gulab Jamun (2 pcs)  and Paneer Tikka were edible. Naan needed more seasoning.,3,2026-04-30T10:08:08.930309
REV-002250,ORD-20260427-563756,CUST-10904,REST-DEL-001,Great food overall. Aloo Tikki Chaat  Butter Naan  Dal Makhani  and Palak Paneer were tasty  especially the Dal Makhani. Would order again!,4,2026-04-30T11:03:10.930309
REV-002173,ORD-20260423-184573,CUST-10115,REST-MUM-002,Enjoyed the Fresh Lime Soda  Malai Kofta  and Palak Paneer! Malai Kofta was very good. Portion sizes were generous. Recommend!,4,2026-04-30T11:07:56.930309
REV-002177,ORD-20260423-728320,CUST-10468,REST-MUM-002,Absolutely amazing Kulfi  Sweet Lassi  Chicken Tikka Masala  and Chicken 65! The Chicken 65 was cooked to perfection. Fresh ingredients and authentic flavors. Highly recommend!,5,2026-04-30T12:08:07.930309
REV-002217,ORD-20260425-393491,CUST-10782,REST-DEL-001,Perfect in every way! Palak Paneer  Garlic Naan  Rasmalai (2 pcs)  Sweet Lassi  and Fish Curry were all excellent. Sweet Lassi stood out with its rich  authentic taste.,5,2026-04-30T13:00:02.930309
REV-002232,ORD-20260426-767086,CUST-10148,REST-DEL-002,Good quality food. Chicken 65 were nicely done. Chicken 65 could have been slightly spicier but still good!,4,2026-04-30T13:14:26.930309
REV-002266,ORD-20260428-346816,CUST-10137,REST-MUM-001,Terrible experience! Aloo Tikki Chaat  Naan  and Chicken 65 were all inedible. Naan was completely burnt. Waste of money!,1,2026-04-30T14:30:08.930309
REV-002219,ORD-20260425-841856,CUST-10937,REST-MUM-001,Pleasant meal! Dal Makhani  Gulab Jamun (2 pcs)  Sweet Lassi  and Gajar Halwa arrived warm. Gajar Halwa was tasty though not exceptional. Would order again.,4,2026-04-30T14:30:50.930309
REV-002184,ORD-20260423-601660,CUST-10072,REST-DEL-002,It was okay. Rasmalai (2 pcs) and Chicken Seekh Kebab arrived lukewarm. Chicken Seekh Kebab tasted fine but could be better.,3,2026-04-30T15:42:26.930309
REV-002222,ORD-20260425-424007,CUST-10364,REST-DEL-002,Worst food ever! Masala Chai  Paneer Butter Masala  Tandoori Roti  and Fish Curry were all wrong. Fish Curry made me sick. Never ordering again!,1,2026-04-30T16:31:57.930309
REV-002188,ORD-20260423-152438,CUST-10885,REST-MUM-001,Hands down the best Chicken Seekh Kebab I've ever had! Chicken Seekh Kebab and Paneer Tikka were all prepared beautifully. Fresh and flavorful!,5,2026-04-30T17:50:36.930309
REV-002205,ORD-20260424-598489,CUST-10788,REST-DEL-001,Hands down the best Chicken 65 I've ever had! Mango Lassi and Chicken 65 were all prepared beautifully. Fresh and flavorful!,5,2026-04-30T17:54:41.930309
REV-002190,ORD-20260423-729894,CUST-10735,REST-MUM-002,Best Indian food in UAE! Sweet Lassi were incredible. Sweet Lassi had the perfect balance of spices. Five stars!,5,2026-04-30T19:26:57.930309
REV-002242,ORD-20260426-110800,CUST-10321,REST-DEL-002,Incredible meal! Chole Bhature  Chicken Biryani  Fish Curry  and Garlic Naan arrived hot and fresh. The Chole Bhature was absolutely divine. Highly satisfied!,5,2026-04-30T20:13:41.930309
REV-002243,ORD-20260426-511843,CUST-10145,REST-MUM-002,Poor experience. Chole Bhature were disappointing. Chole Bhature was burnt on the edges. Very unhappy.,2,2026-04-30T20:24:26.930309
REV-002249,ORD-20260427-677962,CUST-10675,REST-BLR-001,Pleasant meal! Butter Naan  Lamb Rogan Josh  and Samosa (2 pcs) arrived warm. Samosa (2 pcs) was tasty though not exceptional. Would order again.,4,2026-05-01T10:39:56.930309
REV-002274,ORD-20260429-464087,CUST-10215,REST-MUM-002,Incredible meal! Paneer Tikka  Chicken 65  Garlic Naan  Butter Chicken  and Palak Paneer arrived hot and fresh. The Palak Paneer was absolutely divine. Highly satisfied!,5,2026-05-01T12:54:21.930309
REV-002231,ORD-20260426-628853,CUST-10362,REST-BLR-001,Very satisfied! Garlic Naan  Chole Bhature  Fresh Lime Soda  and Jeera Rice were fresh and flavorful. Garlic Naan was the standout dish.,4,2026-05-01T13:12:04.930309
REV-002200,ORD-20260424-417827,CUST-10752,REST-BLR-001,Best Indian food in UAE! Vegetable Biryani were incredible. Vegetable Biryani had the perfect balance of spices. Five stars!,5,2026-05-01T13:43:51.930309
REV-002276,ORD-20260429-645603,CUST-10248,REST-DEL-002,Pleasant meal! Palak Paneer  Chicken Tikka Masala  and Masala Chai arrived warm. Palak Paneer was tasty though not exceptional. Would order again.,4,2026-05-01T14:21:58.930309
REV-002254,ORD-20260427-613873,CUST-10886,REST-DEL-002,Enjoyed the Chicken Seekh Kebab  Malai Kofta  Tandoori Roti  and Gulab Jamun (2 pcs)! Malai Kofta was very good. Portion sizes were generous. Recommend!,4,2026-05-01T14:40:01.930309
REV-002289,ORD-20260430-580777,CUST-10442,REST-DEL-001,Best Indian food in UAE! Fish Curry were incredible. Fish Curry had the perfect balance of spices. Five stars!,5,2026-05-01T15:10:11.930309
REV-002271,ORD-20260428-507861,CUST-10463,REST-MUM-002,Best Indian food in UAE! Butter Chicken  Fish Curry  Kulfi  and Mango Lassi were incredible. Fish Curry had the perfect balance of spices. Five stars!,5,2026-05-01T18:10:08.930309
REV-002239,ORD-20260426-665621,CUST-10783,REST-DEL-002,Exceptional quality! Ordered Naan  Sweet Lassi  Jeera Rice  and Paneer Tikka and everything was delicious. The Sweet Lassi melted in my mouth. Perfect!,5,2026-05-01T18:37:17.930309
REV-002281,ORD-20260429-822824,CUST-10075,REST-DEL-001,Average experience. Chicken Seekh Kebab and Mango Lassi were fine but Chicken Seekh Kebab was a bit bland. Room for improvement.,3,2026-05-01T19:35:39.930309
REV-002298,ORD-20260430-558207,CUST-10062,REST-DEL-001,Below expectations. Dal Makhani were underwhelming. Dal Makhani was overcooked and dry.,2,2026-05-01T19:38:32.930309
REV-002224,ORD-20260425-974762,CUST-10022,REST-DEL-002,Wow! Just wow! Paneer Tikka  Chicken Tikka Masala  Lamb Rogan Josh  and Rasmalai (2 pcs) were all fantastic. Rasmalai (2 pcs) was particularly memorable. Can't wait to order again!,5,2026-05-01T20:14:26.930309
REV-002211,ORD-20260424-631021,CUST-10168,REST-DEL-002,Absolutely amazing Vegetable Biryani! The Vegetable Biryani was cooked to perfection. Fresh ingredients and authentic flavors. Highly recommend!,5,2026-05-01T20:17:05.930309
REV-002245,ORD-20260426-488150,CUST-10829,REST-DEL-002,Terrible experience! Jeera Rice  Lamb Rogan Josh  and Masala Chai were all inedible. Masala Chai was completely burnt. Waste of money!,1,2026-05-01T20:46:22.930309
REV-002282,ORD-20260429-509357,CUST-10434,REST-DEL-002,Pleasant meal! Vegetable Biryani  Naan  Chicken Biryani  and Fresh Lime Soda arrived warm. Fresh Lime Soda was tasty though not exceptional. Would order again.,4,2026-05-01T21:35:19.930309
REV-002272,ORD-20260428-127992,CUST-10819,REST-BLR-001,Expected better. Fresh Lime Soda were subpar. Fresh Lime Soda was too oily and greasy. Stomach upset followed.,2,2026-05-01T21:53:20.930309
REV-002263,ORD-20260427-902415,CUST-10351,REST-DEL-002,Appalling quality! Paneer Butter Masala  Chicken Biryani  and Gajar Halwa were swimming in oil. Gajar Halwa was raw inside. Health hazard!,1,2026-05-01T22:31:48.930309
REV-002286,ORD-20260430-952762,CUST-10139,REST-DEL-002,Wow! Just wow! Paneer Butter Masala  Sweet Lassi  and Palak Paneer were all fantastic. Paneer Butter Masala was particularly memorable. Can't wait to order again!,5,2026-05-02T10:05:05.930309
REV-002228,ORD-20260426-225303,CUST-10358,REST-DEL-002,Perfect in every way! Paneer Tikka  Butter Chicken  Tandoori Roti  and Naan were all excellent. Paneer Tikka stood out with its rich  authentic taste.,5,2026-05-02T10:25:24.930309
REV-002302,ORD-20260501-343753,CUST-10681,REST-BLR-001,Absolutely amazing Chicken 65  Chicken Tikka Masala  Naan  and Butter Naan! The Butter Naan was cooked to perfection. Fresh ingredients and authentic flavors. Highly recommend!,5,2026-05-02T10:47:48.930309
REV-002251,ORD-20260427-189193,CUST-10360,REST-MUM-002,Hands down the best Vegetable Biryani I've ever had! Fresh Lime Soda  Butter Naan  Samosa (2 pcs)  and Vegetable Biryani were all prepared beautifully. Fresh and flavorful!,5,2026-05-02T11:12:12.930309
REV-002230,ORD-20260426-753858,CUST-10823,REST-DEL-001,Not bad  not great. Butter Naan were edible. Butter Naan needed more seasoning.,3,2026-05-02T12:31:11.930309
REV-002307,ORD-20260501-723086,CUST-10742,REST-BLR-001,Perfect in every way! Sweet Lassi  Tandoori Roti  Chicken 65  and Samosa (2 pcs) were all excellent. Chicken 65 stood out with its rich  authentic taste.,5,2026-05-02T14:04:08.930309
REV-002233,ORD-20260426-284126,CUST-10557,REST-DEL-001,Hands down the best Masala Chai I've ever had! Masala Chai were all prepared beautifully. Fresh and flavorful!,5,2026-05-02T14:23:53.930309
REV-002221,ORD-20260425-133368,CUST-10602,REST-DEL-002,Enjoyed the Samosa (2 pcs)  Kulfi  and Chicken Seekh Kebab! Chicken Seekh Kebab was very good. Portion sizes were generous. Recommend!,4,2026-05-02T15:20:37.930309
REV-002292,ORD-20260430-244975,CUST-10426,REST-BLR-001,Best Indian food in UAE! Paneer Tikka were incredible. Paneer Tikka had the perfect balance of spices. Five stars!,5,2026-05-02T15:29:29.930309
REV-002269,ORD-20260428-120220,CUST-10609,REST-MUM-001,Mixed feelings. Garlic Naan  Sweet Lassi  and Naan were acceptable. Sweet Lassi was decent but portion was small for the price.,3,2026-05-02T16:15:48.930309
REV-002257,ORD-20260427-121991,CUST-10147,REST-DEL-001,Incredible meal! Gulab Jamun (2 pcs) arrived hot and fresh. The Gulab Jamun (2 pcs) was absolutely divine. Highly satisfied!,5,2026-05-02T18:59:07.930309
REV-002297,ORD-20260430-627834,CUST-10590,REST-MUM-001,Wow! Just wow! Kulfi  Vegetable Biryani  and Chicken Seekh Kebab were all fantastic. Kulfi was particularly memorable. Can't wait to order again!,5,2026-05-02T19:05:07.930309
REV-002315,ORD-20260501-985520,CUST-10419,REST-BLR-001,Really good Mango Lassi and Paneer Tikka! The Paneer Tikka was delicious. Slight delay in delivery but food quality made up for it.,4,2026-05-02T19:48:41.930309
REV-002264,ORD-20260427-412489,CUST-10903,REST-DEL-001,Enjoyed the Rasmalai (2 pcs)  Kulfi  and Chicken 65! Rasmalai (2 pcs) was very good. Portion sizes were generous. Recommend!,4,2026-05-02T22:57:09.930309
REV-002321,ORD-20260502-480562,CUST-10112,REST-DEL-002,Absolutely horrible! Fish Curry  Gajar Halwa  Kulfi  Chicken Seekh Kebab  and Butter Naan arrived ice cold after 2 hour delay. Gajar Halwa was spoiled. Disgusting!,1,2026-05-03T10:37:48.930309
REV-002325,ORD-20260502-245333,CUST-10472,REST-DEL-001,Absolutely amazing Fresh Lime Soda  Sweet Lassi  Butter Naan  and Chicken Seekh Kebab! The Fresh Lime Soda was cooked to perfection. Fresh ingredients and authentic flavors. Highly recommend!,5,2026-05-03T13:11:13.930309
REV-002306,ORD-20260501-604644,CUST-10310,REST-DEL-001,Wow! Just wow! Aloo Tikki Chaat were all fantastic. Aloo Tikki Chaat was particularly memorable. Can't wait to order again!,5,2026-05-03T14:00:56.930309
REV-002234,ORD-20260426-715181,CUST-10246,REST-MUM-001,Best Indian food in UAE! Dal Makhani  Chicken 65  Chicken Tikka Masala  and Malai Kofta were incredible. Dal Makhani had the perfect balance of spices. Five stars!,5,2026-05-03T15:05:59.930309
REV-002332,ORD-20260502-853841,CUST-10130,REST-MUM-002,Solid experience. Naan  Aloo Tikki Chaat  Masala Chai  and Chicken Seekh Kebab were well-prepared. Chicken Seekh Kebab had great flavor. Minor issues with packaging.,4,2026-05-03T15:46:13.930309
REV-002293,ORD-20260430-414938,CUST-10759,REST-DEL-001,Exceptional quality! Ordered Sweet Lassi  Palak Paneer  Chicken Biryani  and Malai Kofta and everything was delicious. The Malai Kofta melted in my mouth. Perfect!,5,2026-05-03T16:27:35.930309
REV-002279,ORD-20260429-829003,CUST-10784,REST-MUM-001,Perfect in every way! Masala Chai  Jeera Rice  Chicken 65  Palak Paneer  and Fresh Lime Soda were all excellent. Jeera Rice stood out with its rich  authentic taste.,5,2026-05-03T17:14:54.930309
REV-002238,ORD-20260426-145362,CUST-10756,REST-DEL-002,Poor experience. Palak Paneer  Samosa (2 pcs)  Mango Lassi  Chicken Seekh Kebab  and Butter Naan were disappointing. Butter Naan was burnt on the edges. Very unhappy.,2,2026-05-03T17:40:50.930309
REV-002317,ORD-20260501-206479,CUST-10294,REST-MUM-002,Enjoyed the Rasmalai (2 pcs)  Chole Bhature  Vegetable Biryani  Gulab Jamun (2 pcs)  and Mango Lassi! Gulab Jamun (2 pcs) was very good. Portion sizes were generous. Recommend!,4,2026-05-03T20:57:10.930309
REV-002259,ORD-20260427-681869,CUST-10419,REST-BLR-001,Best Indian food in UAE! Paneer Butter Masala were incredible. Paneer Butter Masala had the perfect balance of spices. Five stars!,5,2026-05-03T21:20:57.930309
REV-002318,ORD-20260501-170388,CUST-10244,REST-MUM-001,Pleasant meal! Dal Makhani arrived warm. Dal Makhani was tasty though not exceptional. Would order again.,4,2026-05-03T21:24:48.930309
REV-002261,ORD-20260427-764254,CUST-10901,REST-MUM-001,Exceptional quality! Ordered Chicken Seekh Kebab  Garlic Naan  and Chicken Biryani and everything was delicious. The Garlic Naan melted in my mouth. Perfect!,5,2026-05-03T21:44:20.930309
REV-002284,ORD-20260429-400469,CUST-10501,REST-DEL-001,Enjoyed the Butter Chicken and Naan! Naan was very good. Portion sizes were generous. Recommend!,4,2026-05-03T22:12:43.930309
REV-002320,ORD-20260501-741193,CUST-10388,REST-DEL-001,Incredible meal! Garlic Naan  Jeera Rice  and Paneer Tikka arrived hot and fresh. The Garlic Naan was absolutely divine. Highly satisfied!,5,2026-05-03T22:23:13.930309
REV-002288,ORD-20260430-626301,CUST-10783,REST-MUM-002,Mixed feelings. Chicken Seekh Kebab and Aloo Tikki Chaat were acceptable. Aloo Tikki Chaat was decent but portion was small for the price.,3,2026-05-04T11:01:45.930309
REV-002275,ORD-20260429-275363,CUST-10365,REST-MUM-001,Incredible meal! Jeera Rice  Sweet Lassi  Paneer Tikka  and Gulab Jamun (2 pcs) arrived hot and fresh. The Jeera Rice was absolutely divine. Highly satisfied!,5,2026-05-04T13:01:20.930309
REV-002252,ORD-20260427-982608,CUST-10458,REST-DEL-001,Decent food but nothing special. Malai Kofta were okay. Malai Kofta lacked the punch I expected.,3,2026-05-04T13:17:58.930309
REV-002328,ORD-20260502-607225,CUST-10845,REST-DEL-002,Exceptional quality! Ordered Gulab Jamun (2 pcs)  Chicken Seekh Kebab  Chicken Tikka Masala  Vegetable Biryani  and Gajar Halwa and everything was delicious. The Gajar Halwa melted in my mouth. Perfect!,5,2026-05-04T13:59:38.930309
REV-002342,ORD-20260503-738776,CUST-10646,REST-DEL-002,Wow! Just wow! Dal Makhani  Butter Chicken  Gulab Jamun (2 pcs)  and Gajar Halwa were all fantastic. Butter Chicken was particularly memorable. Can't wait to order again!,5,2026-05-04T14:29:18.930309
REV-002267,ORD-20260428-661015,CUST-10228,REST-BLR-001,Really good Aloo Tikki Chaat  Gulab Jamun (2 pcs)  and Gajar Halwa! The Aloo Tikki Chaat was delicious. Slight delay in delivery but food quality made up for it.,4,2026-05-04T14:41:36.930309
REV-002308,ORD-20260501-992074,CUST-10843,REST-MUM-002,Good quality food. Chicken Biryani  Lamb Rogan Josh  Naan  and Chicken Tikka Masala were nicely done. Lamb Rogan Josh could have been slightly spicier but still good!,4,2026-05-04T15:51:46.930309
REV-002278,ORD-20260429-706738,CUST-10279,REST-DEL-001,Very satisfied! Gulab Jamun (2 pcs)  Masala Chai  and Jeera Rice were fresh and flavorful. Gulab Jamun (2 pcs) was the standout dish.,4,2026-05-04T16:16:56.930309
REV-002346,ORD-20260503-688730,CUST-10466,REST-BLR-001,Mediocre. Chicken 65 and Gajar Halwa were fine but forgettable. Gajar Halwa didn't stand out.,3,2026-05-04T17:56:38.930309
REV-002314,ORD-20260501-825563,CUST-10217,REST-DEL-001,Pleasant meal! Butter Naan  Chole Bhature  and Malai Kofta arrived warm. Butter Naan was tasty though not exceptional. Would order again.,4,2026-05-04T19:11:21.930309
REV-002280,ORD-20260429-945705,CUST-10841,REST-DEL-001,Outstanding experience! The Tandoori Roti  Chole Bhature  Chicken Tikka Masala  and Gajar Halwa exceeded all expectations. Tandoori Roti was the star of the meal. Will definitely order again!,5,2026-05-04T19:18:23.930309
REV-002260,ORD-20260427-862300,CUST-10715,REST-DEL-002,Incredible meal! Chicken Seekh Kebab  Naan  and Garlic Naan arrived hot and fresh. The Chicken Seekh Kebab was absolutely divine. Highly satisfied!,5,2026-05-04T21:41:46.930309
REV-002265,ORD-20260428-917532,CUST-10516,REST-DEL-001,Great food overall. Lamb Rogan Josh  Gulab Jamun (2 pcs)  Paneer Butter Masala  Jeera Rice  and Samosa (2 pcs) were tasty  especially the Gulab Jamun (2 pcs). Would order again!,4,2026-05-05T10:07:43.930309
REV-002303,ORD-20260501-363502,CUST-10554,REST-DEL-002,Outstanding experience! The Gajar Halwa  Malai Kofta  and Tandoori Roti exceeded all expectations. Gajar Halwa was the star of the meal. Will definitely order again!,5,2026-05-05T10:57:38.930309
REV-002322,ORD-20260502-542791,CUST-10816,REST-DEL-002,Worst food ever! Chicken Seekh Kebab and Gajar Halwa were all wrong. Gajar Halwa made me sick. Never ordering again!,1,2026-05-05T11:50:58.930309
REV-002323,ORD-20260502-732489,CUST-10806,REST-BLR-001,Average experience. Butter Chicken  Sweet Lassi  and Fish Curry were fine but Butter Chicken was a bit bland. Room for improvement.,3,2026-05-05T12:03:19.930309
REV-002305,ORD-20260501-159752,CUST-10761,REST-BLR-001,Incredible meal! Chole Bhature and Naan arrived hot and fresh. The Naan was absolutely divine. Highly satisfied!,5,2026-05-05T13:04:26.930309
REV-002327,ORD-20260502-229140,CUST-10983,REST-DEL-001,Hands down the best Samosa (2 pcs) I've ever had! Vegetable Biryani  Samosa (2 pcs)  Masala Chai  and Jeera Rice were all prepared beautifully. Fresh and flavorful!,5,2026-05-05T13:16:38.930309
REV-002341,ORD-20260503-296488,CUST-10122,REST-DEL-002,Wow! Just wow! Malai Kofta were all fantastic. Malai Kofta was particularly memorable. Can't wait to order again!,5,2026-05-05T13:43:49.930309
REV-002277,ORD-20260429-248073,CUST-10143,REST-DEL-001,Exceptional quality! Ordered Sweet Lassi and everything was delicious. The Sweet Lassi melted in my mouth. Perfect!,5,2026-05-05T15:07:57.930309
REV-002291,ORD-20260430-107690,CUST-10257,REST-DEL-002,Absolutely amazing Butter Chicken  Chole Bhature  Paneer Tikka  Malai Kofta  and Chicken Tikka Masala! The Malai Kofta was cooked to perfection. Fresh ingredients and authentic flavors. Highly recommend!,5,2026-05-05T15:13:38.930309
REV-002310,ORD-20260501-576353,CUST-10351,REST-BLR-001,Below expectations. Butter Naan were underwhelming. Butter Naan was overcooked and dry.,2,2026-05-05T16:36:44.930309
REV-002270,ORD-20260428-354755,CUST-10751,REST-BLR-001,Enjoyed the Tandoori Roti! Tandoori Roti was very good. Portion sizes were generous. Recommend!,4,2026-05-05T17:12:29.930309
REV-002334,ORD-20260502-868094,CUST-10007,REST-DEL-001,Not bad  not great. Butter Naan  Garlic Naan  Rasmalai (2 pcs)  and Chicken Tikka Masala were edible. Chicken Tikka Masala needed more seasoning.,3,2026-05-05T17:26:31.930309
REV-002313,ORD-20260501-309746,CUST-10242,REST-BLR-001,Best Indian food in UAE! Samosa (2 pcs)  Rasmalai (2 pcs)  Paneer Tikka  and Malai Kofta were incredible. Samosa (2 pcs) had the perfect balance of spices. Five stars!,5,2026-05-05T18:58:02.930309
REV-002351,ORD-20260503-594613,CUST-10397,REST-DEL-001,Outstanding experience! The Chicken Biryani  Paneer Tikka  Butter Naan  and Aloo Tikki Chaat exceeded all expectations. Paneer Tikka was the star of the meal. Will definitely order again!,5,2026-05-05T21:33:27.930309
REV-002283,ORD-20260429-456003,CUST-10961,REST-MUM-001,Best Indian food in UAE! Butter Chicken were incredible. Butter Chicken had the perfect balance of spices. Five stars!,5,2026-05-05T21:59:00.930309
REV-002273,ORD-20260428-382904,CUST-10625,REST-DEL-002,Very satisfied! Chicken Seekh Kebab  Sweet Lassi  Fresh Lime Soda  and Gajar Halwa were fresh and flavorful. Gajar Halwa was the standout dish.,4,2026-05-05T22:42:14.930309
REV-002304,ORD-20260501-231407,CUST-10200,REST-DEL-001,Exceptional quality! Ordered Naan  Fresh Lime Soda  Mango Lassi  and Paneer Tikka and everything was delicious. The Fresh Lime Soda melted in my mouth. Perfect!,5,2026-05-06T12:02:27.930309
REV-002373,ORD-20260505-749463,CUST-10993,REST-DEL-001,Hands down the best Fresh Lime Soda I've ever had! Fish Curry  Fresh Lime Soda  Chicken 65  and Kulfi were all prepared beautifully. Fresh and flavorful!,5,2026-05-06T15:02:13.930309
REV-002290,ORD-20260430-275151,CUST-10517,REST-DEL-002,Outstanding experience! The Paneer Butter Masala  Aloo Tikki Chaat  Chicken Seekh Kebab  and Kulfi exceeded all expectations. Kulfi was the star of the meal. Will definitely order again!,5,2026-05-06T15:13:38.930309
REV-002376,ORD-20260505-797314,CUST-10305,REST-DEL-002,Best Indian food in UAE! Chicken Tikka Masala and Garlic Naan were incredible. Garlic Naan had the perfect balance of spices. Five stars!,5,2026-05-06T16:26:45.930309
REV-002360,ORD-20260504-916630,CUST-10503,REST-BLR-001,Wow! Just wow! Naan and Lamb Rogan Josh were all fantastic. Lamb Rogan Josh was particularly memorable. Can't wait to order again!,5,2026-05-06T16:53:18.930309
REV-002333,ORD-20260502-388649,CUST-10727,REST-DEL-002,Incredible meal! Samosa (2 pcs)  Malai Kofta  Chicken 65  and Dal Makhani arrived hot and fresh. The Malai Kofta was absolutely divine. Highly satisfied!,5,2026-05-06T17:23:58.930309
REV-002296,ORD-20260430-839184,CUST-10322,REST-DEL-002,Absolutely amazing Gajar Halwa  Butter Naan  Gulab Jamun (2 pcs)  Rasmalai (2 pcs)  and Mango Lassi! The Mango Lassi was cooked to perfection. Fresh ingredients and authentic flavors. Highly recommend!,5,2026-05-06T18:24:07.930309
REV-002381,ORD-20260505-570002,CUST-10552,REST-DEL-001,Mediocre. Tandoori Roti  Rasmalai (2 pcs)  Gulab Jamun (2 pcs)  and Chole Bhature were fine but forgettable. Chole Bhature didn't stand out.,3,2026-05-06T20:18:19.930309
REV-002365,ORD-20260504-976832,CUST-10594,REST-DEL-001,Solid experience. Kulfi  Masala Chai  Mango Lassi  and Palak Paneer were well-prepared. Palak Paneer had great flavor. Minor issues with packaging.,4,2026-05-06T20:23:40.930309
REV-002367,ORD-20260504-272190,CUST-10827,REST-MUM-002,Incredible meal! Gajar Halwa  Mango Lassi  Malai Kofta  and Masala Chai arrived hot and fresh. The Masala Chai was absolutely divine. Highly satisfied!,5,2026-05-06T20:42:50.930309
REV-002385,ORD-20260505-872328,CUST-10683,REST-MUM-002,Pleasant meal! Fish Curry  Palak Paneer  and Kulfi arrived warm. Kulfi was tasty though not exceptional. Would order again.,4,2026-05-06T21:57:44.930309
REV-002353,ORD-20260503-156856,CUST-10778,REST-MUM-002,Good quality food. Paneer Butter Masala  Mango Lassi  Kulfi  and Gajar Halwa were nicely done. Kulfi could have been slightly spicier but still good!,4,2026-05-06T22:30:14.930309
REV-002285,ORD-20260429-372401,CUST-10849,REST-MUM-001,Perfect in every way! Gajar Halwa  Jeera Rice  and Paneer Tikka were all excellent. Gajar Halwa stood out with its rich  authentic taste.,5,2026-05-06T22:32:51.930309
REV-002336,ORD-20260503-765377,CUST-10472,REST-MUM-002,Perfect in every way! Fish Curry  Chicken Biryani  and Masala Chai were all excellent. Chicken Biryani stood out with its rich  authentic taste.,5,2026-05-07T10:17:57.930309
REV-002301,ORD-20260501-520112,CUST-10964,REST-DEL-002,Good quality food. Gulab Jamun (2 pcs) were nicely done. Gulab Jamun (2 pcs) could have been slightly spicier but still good!,4,2026-05-07T10:29:26.930309
REV-002287,ORD-20260430-581175,CUST-10818,REST-MUM-001,Pleasant meal! Chicken 65 and Aloo Tikki Chaat arrived warm. Aloo Tikki Chaat was tasty though not exceptional. Would order again.,4,2026-05-07T10:50:46.930309
REV-002338,ORD-20260503-174274,CUST-10834,REST-DEL-001,Absolutely horrible! Sweet Lassi  Paneer Tikka  Gulab Jamun (2 pcs)  Naan  and Garlic Naan arrived ice cold after 2 hour delay. Gulab Jamun (2 pcs) was spoiled. Disgusting!,1,2026-05-07T11:25:12.930309
REV-002389,ORD-20260506-331714,CUST-10085,REST-DEL-002,Solid experience. Butter Naan were well-prepared. Butter Naan had great flavor. Minor issues with packaging.,4,2026-05-07T11:30:37.930309
REV-002339,ORD-20260503-545384,CUST-10490,REST-DEL-001,Solid experience. Samosa (2 pcs)  Mango Lassi  Vegetable Biryani  and Butter Chicken were well-prepared. Butter Chicken had great flavor. Minor issues with packaging.,4,2026-05-07T11:38:58.930309
REV-002368,ORD-20260505-569342,CUST-10251,REST-DEL-001,Outstanding experience! The Sweet Lassi  Mango Lassi  Samosa (2 pcs)  Paneer Butter Masala  and Masala Chai exceeded all expectations. Paneer Butter Masala was the star of the meal. Will definitely order again!,5,2026-05-07T11:42:20.930309
REV-002324,ORD-20260502-955369,CUST-10743,REST-MUM-001,Wow! Just wow! Aloo Tikki Chaat and Paneer Tikka were all fantastic. Aloo Tikki Chaat was particularly memorable. Can't wait to order again!,5,2026-05-07T12:26:50.930309
REV-002370,ORD-20260505-227053,CUST-10819,REST-MUM-001,Outstanding experience! The Chicken 65 and Paneer Tikka exceeded all expectations. Paneer Tikka was the star of the meal. Will definitely order again!,5,2026-05-07T13:08:01.930309
REV-002343,ORD-20260503-403004,CUST-10738,REST-DEL-001,Absolutely amazing Samosa (2 pcs)  Naan  Paneer Butter Masala  and Tandoori Roti! The Paneer Butter Masala was cooked to perfection. Fresh ingredients and authentic flavors. Highly recommend!,5,2026-05-07T14:45:36.930309
REV-002394,ORD-20260506-893615,CUST-10225,REST-MUM-002,Expected better. Gajar Halwa and Sweet Lassi were subpar. Gajar Halwa was too oily and greasy. Stomach upset followed.,2,2026-05-07T15:19:19.930309
REV-002331,ORD-20260502-114993,CUST-10051,REST-DEL-002,Below expectations. Jeera Rice  Masala Chai  Chole Bhature  Garlic Naan  and Malai Kofta were underwhelming. Garlic Naan was overcooked and dry.,2,2026-05-07T15:30:54.930309
REV-002294,ORD-20260430-930311,CUST-10704,REST-DEL-001,Average experience. Vegetable Biryani and Paneer Butter Masala were fine but Vegetable Biryani was a bit bland. Room for improvement.,3,2026-05-07T16:42:09.930309
REV-002312,ORD-20260501-433807,CUST-10969,REST-MUM-001,Exceptional quality! Ordered Chicken Seekh Kebab  Aloo Tikki Chaat  Sweet Lassi  Chicken Biryani  and Chicken Tikka Masala and everything was delicious. The Aloo Tikki Chaat melted in my mouth. Perfect!,5,2026-05-07T17:29:52.930309
REV-002378,ORD-20260505-369591,CUST-10913,REST-MUM-002,It was okay. Lamb Rogan Josh arrived lukewarm. Lamb Rogan Josh tasted fine but could be better.,3,2026-05-07T17:36:48.930309
REV-002361,ORD-20260504-464847,CUST-10874,REST-DEL-002,Wow! Just wow! Rasmalai (2 pcs)  Butter Chicken  and Dal Makhani were all fantastic. Dal Makhani was particularly memorable. Can't wait to order again!,5,2026-05-07T17:50:51.930309
REV-002295,ORD-20260430-798967,CUST-10437,REST-DEL-002,Outstanding experience! The Chicken Seekh Kebab exceeded all expectations. Chicken Seekh Kebab was the star of the meal. Will definitely order again!,5,2026-05-07T18:04:14.930309
REV-002379,ORD-20260505-671146,CUST-10999,REST-DEL-001,Best Indian food in UAE! Kulfi  Fish Curry  Butter Naan  and Chicken Biryani were incredible. Fish Curry had the perfect balance of spices. Five stars!,5,2026-05-07T18:47:38.930309
REV-002299,ORD-20260430-707901,CUST-10348,REST-MUM-001,Outstanding experience! The Mango Lassi  Chicken 65  and Lamb Rogan Josh exceeded all expectations. Lamb Rogan Josh was the star of the meal. Will definitely order again!,5,2026-05-07T20:12:54.930309
REV-002382,ORD-20260505-693517,CUST-10805,REST-MUM-001,Enjoyed the Paneer Butter Masala  Vegetable Biryani  and Gajar Halwa! Gajar Halwa was very good. Portion sizes were generous. Recommend!,4,2026-05-07T20:29:44.930309
REV-002319,ORD-20260501-287267,CUST-10161,REST-MUM-001,Very satisfied! Naan were fresh and flavorful. Naan was the standout dish.,4,2026-05-07T21:55:28.930309
REV-002300,ORD-20260430-531924,CUST-10181,REST-DEL-001,Perfect in every way! Malai Kofta and Paneer Butter Masala were all excellent. Paneer Butter Masala stood out with its rich  authentic taste.,5,2026-05-07T22:29:10.930309
REV-002355,ORD-20260504-188130,CUST-10850,REST-MUM-002,Absolutely horrible! Palak Paneer  Tandoori Roti  Malai Kofta  Mango Lassi  and Sweet Lassi arrived ice cold after 2 hour delay. Tandoori Roti was spoiled. Disgusting!,1,2026-05-08T10:12:09.930309
REV-002357,ORD-20260504-580466,CUST-10218,REST-MUM-001,Average experience. Samosa (2 pcs)  Dal Makhani  Fresh Lime Soda  Chicken Tikka Masala  and Chicken Biryani were fine but Chicken Tikka Masala was a bit bland. Room for improvement.,3,2026-05-08T13:08:00.930309
REV-002413,ORD-20260507-660202,CUST-10431,REST-DEL-001,Good quality food. Dal Makhani  Tandoori Roti  Aloo Tikki Chaat  Jeera Rice  and Garlic Naan were nicely done. Tandoori Roti could have been slightly spicier but still good!,4,2026-05-08T13:11:14.930309
REV-002395,ORD-20260506-787608,CUST-10711,REST-BLR-001,Outstanding experience! The Sweet Lassi exceeded all expectations. Sweet Lassi was the star of the meal. Will definitely order again!,5,2026-05-08T16:04:12.930309
REV-002309,ORD-20260501-559616,CUST-10545,REST-DEL-002,Absolutely amazing Dal Makhani  Naan  Jeera Rice  Mango Lassi  and Chicken 65! The Jeera Rice was cooked to perfection. Fresh ingredients and authentic flavors. Highly recommend!,5,2026-05-08T16:18:30.930309
REV-002396,ORD-20260506-174262,CUST-10223,REST-DEL-002,Perfect in every way! Palak Paneer  Mango Lassi  and Samosa (2 pcs) were all excellent. Samosa (2 pcs) stood out with its rich  authentic taste.,5,2026-05-08T16:31:24.930309
REV-002311,ORD-20260501-735886,CUST-10165,REST-MUM-001,Absolutely amazing Lamb Rogan Josh  Rasmalai (2 pcs)  Tandoori Roti  Samosa (2 pcs)  and Gulab Jamun (2 pcs)! The Rasmalai (2 pcs) was cooked to perfection. Fresh ingredients and authentic flavors. Highly recommend!,5,2026-05-08T16:37:45.930309
REV-002347,ORD-20260503-483596,CUST-10435,REST-MUM-002,Solid experience. Mango Lassi  Chicken 65  Butter Naan  and Malai Kofta were well-prepared. Malai Kofta had great flavor. Minor issues with packaging.,4,2026-05-08T18:30:35.930309
REV-002363,ORD-20260504-309022,CUST-10605,REST-BLR-001,Mediocre. Aloo Tikki Chaat were fine but forgettable. Aloo Tikki Chaat didn't stand out.,3,2026-05-08T18:35:57.930309
REV-002422,ORD-20260507-850354,CUST-10048,REST-MUM-001,Shocking! Butter Chicken bore no resemblance to the menu description. Butter Chicken was inedible. Refund demanded!,1,2026-05-08T18:45:15.930309
REV-002348,ORD-20260503-643093,CUST-10343,REST-DEL-001,Good quality food. Jeera Rice and Butter Chicken were nicely done. Jeera Rice could have been slightly spicier but still good!,4,2026-05-08T19:04:58.930309
REV-002424,ORD-20260507-418849,CUST-10416,REST-DEL-001,Very satisfied! Masala Chai  Kulfi  and Fresh Lime Soda were fresh and flavorful. Masala Chai was the standout dish.,4,2026-05-08T19:39:16.930309
REV-002316,ORD-20260501-538498,CUST-10374,REST-DEL-001,Wow! Just wow! Paneer Tikka  Rasmalai (2 pcs)  Gajar Halwa  Malai Kofta  and Chicken Tikka Masala were all fantastic. Gajar Halwa was particularly memorable. Can't wait to order again!,5,2026-05-08T20:07:35.930309
REV-002425,ORD-20260507-472508,CUST-10270,REST-BLR-001,Exceptional quality! Ordered Fish Curry and everything was delicious. The Fish Curry melted in my mouth. Perfect!,5,2026-05-08T20:56:25.930309
REV-002352,ORD-20260503-482869,CUST-10060,REST-BLR-001,Not good. Garlic Naan  Chole Bhature  Chicken Tikka Masala  Naan  and Paneer Butter Masala arrived late and cold. Chole Bhature had barely any flavor. Poor quality.,2,2026-05-08T21:40:15.930309
REV-002356,ORD-20260504-434428,CUST-10122,REST-DEL-001,Incredible meal! Fish Curry  Paneer Butter Masala  Mango Lassi  and Butter Chicken arrived hot and fresh. The Mango Lassi was absolutely divine. Highly satisfied!,5,2026-05-09T10:24:18.930309
REV-002337,ORD-20260503-638151,CUST-10142,REST-DEL-001,Best Indian food in UAE! Samosa (2 pcs) were incredible. Samosa (2 pcs) had the perfect balance of spices. Five stars!,5,2026-05-09T10:36:37.930309
REV-002411,ORD-20260507-701019,CUST-10527,REST-DEL-001,Incredible meal! Malai Kofta  Aloo Tikki Chaat  and Gulab Jamun (2 pcs) arrived hot and fresh. The Malai Kofta was absolutely divine. Highly satisfied!,5,2026-05-09T11:28:24.930309
REV-002340,ORD-20260503-733540,CUST-10300,REST-DEL-001,Mixed feelings. Kulfi  Dal Makhani  Tandoori Roti  and Fresh Lime Soda were acceptable. Tandoori Roti was decent but portion was small for the price.,3,2026-05-09T13:05:14.930309
REV-002326,ORD-20260502-620097,CUST-10252,REST-DEL-001,Shocking! Butter Naan  Paneer Butter Masala  Aloo Tikki Chaat  Chicken Tikka Masala  and Chicken Biryani bore no resemblance to the menu description. Paneer Butter Masala was inedible. Refund demanded!,1,2026-05-09T13:14:17.930309
REV-002358,ORD-20260504-222964,CUST-10973,REST-DEL-002,Wow! Just wow! Dal Makhani were all fantastic. Dal Makhani was particularly memorable. Can't wait to order again!,5,2026-05-09T13:35:02.930309
REV-002329,ORD-20260502-307332,CUST-10571,REST-MUM-001,Mixed feelings. Gajar Halwa  Paneer Butter Masala  Garlic Naan  Naan  and Chicken Tikka Masala were acceptable. Naan was decent but portion was small for the price.,3,2026-05-09T14:04:02.930309
REV-002414,ORD-20260507-453729,CUST-10057,REST-DEL-002,Great food overall. Chole Bhature  Paneer Butter Masala  and Masala Chai were tasty  especially the Masala Chai. Would order again!,4,2026-05-09T14:06:28.930309
REV-002415,ORD-20260507-843674,CUST-10257,REST-MUM-002,Incredible meal! Chicken 65  Tandoori Roti  and Malai Kofta arrived hot and fresh. The Malai Kofta was absolutely divine. Highly satisfied!,5,2026-05-09T14:35:40.930309
REV-002371,ORD-20260505-620112,CUST-10555,REST-DEL-002,Below expectations. Gajar Halwa  Sweet Lassi  Kulfi  Masala Chai  and Vegetable Biryani were underwhelming. Kulfi was overcooked and dry.,2,2026-05-09T14:35:42.930309
REV-002372,ORD-20260505-204119,CUST-10136,REST-MUM-001,Wow! Just wow! Rasmalai (2 pcs)  Fish Curry  Kulfi  Malai Kofta  and Masala Chai were all fantastic. Rasmalai (2 pcs) was particularly memorable. Can't wait to order again!,5,2026-05-09T14:38:29.930309
REV-002416,ORD-20260507-941222,CUST-10401,REST-DEL-001,Incredible meal! Vegetable Biryani  Naan  Gajar Halwa  Lamb Rogan Josh  and Chicken 65 arrived hot and fresh. The Vegetable Biryani was absolutely divine. Highly satisfied!,5,2026-05-09T14:42:51.930309
REV-002330,ORD-20260502-460243,CUST-10188,REST-DEL-002,Very satisfied! Paneer Butter Masala  Chicken Tikka Masala  and Fish Curry were fresh and flavorful. Paneer Butter Masala was the standout dish.,4,2026-05-09T14:56:58.930309
REV-002377,ORD-20260505-922509,CUST-10888,REST-MUM-001,Incredible meal! Tandoori Roti and Gulab Jamun (2 pcs) arrived hot and fresh. The Tandoori Roti was absolutely divine. Highly satisfied!,5,2026-05-09T16:31:15.930309
REV-002345,ORD-20260503-814981,CUST-10979,REST-DEL-002,Decent food but nothing special. Sweet Lassi  Gajar Halwa  Mango Lassi  and Paneer Tikka were okay. Paneer Tikka lacked the punch I expected.,3,2026-05-09T16:35:38.930309
REV-002439,ORD-20260508-874314,CUST-10444,REST-MUM-002,Wow! Just wow! Tandoori Roti  Malai Kofta  and Jeera Rice were all fantastic. Tandoori Roti was particularly memorable. Can't wait to order again!,5,2026-05-09T17:48:05.930309
REV-002401,ORD-20260506-720965,CUST-10691,REST-MUM-001,Hands down the best Fresh Lime Soda I've ever had! Rasmalai (2 pcs)  Sweet Lassi  Fresh Lime Soda  Kulfi  and Masala Chai were all prepared beautifully. Fresh and flavorful!,5,2026-05-09T18:37:54.930309
REV-002335,ORD-20260502-986062,CUST-10147,REST-BLR-001,Absolutely horrible! Mango Lassi  Dal Makhani  and Kulfi arrived ice cold after 2 hour delay. Kulfi was spoiled. Disgusting!,1,2026-05-09T19:05:35.930309
REV-002349,ORD-20260503-700791,CUST-10417,REST-MUM-001,Absolutely amazing Gajar Halwa  Rasmalai (2 pcs)  and Chicken 65! The Chicken 65 was cooked to perfection. Fresh ingredients and authentic flavors. Highly recommend!,5,2026-05-09T19:06:34.930309
REV-002405,ORD-20260506-294622,CUST-10200,REST-MUM-001,Enjoyed the Gajar Halwa! Gajar Halwa was very good. Portion sizes were generous. Recommend!,4,2026-05-09T20:27:43.930309
REV-002387,ORD-20260506-649498,CUST-10680,REST-MUM-001,Hands down the best Butter Chicken I've ever had! Butter Chicken were all prepared beautifully. Fresh and flavorful!,5,2026-05-10T10:05:36.930309
REV-002449,ORD-20260509-155914,CUST-10378,REST-BLR-001,Solid experience. Gulab Jamun (2 pcs) were well-prepared. Gulab Jamun (2 pcs) had great flavor. Minor issues with packaging.,4,2026-05-10T10:26:56.930309
REV-002390,ORD-20260506-157490,CUST-10971,REST-MUM-002,Perfect in every way! Chole Bhature  Mango Lassi  Chicken Seekh Kebab  and Fish Curry were all excellent. Chicken Seekh Kebab stood out with its rich  authentic taste.,5,2026-05-10T11:32:21.930309
REV-002369,ORD-20260505-958884,CUST-10323,REST-MUM-001,Worst food ever! Chicken Seekh Kebab  Gulab Jamun (2 pcs)  Aloo Tikki Chaat  Fresh Lime Soda  and Samosa (2 pcs) were all wrong. Aloo Tikki Chaat made me sick. Never ordering again!,1,2026-05-10T12:46:55.930309
REV-002455,ORD-20260509-511203,CUST-10638,REST-DEL-001,Enjoyed the Chicken Seekh Kebab! Chicken Seekh Kebab was very good. Portion sizes were generous. Recommend!,4,2026-05-10T14:23:29.930309
REV-002344,ORD-20260503-917031,CUST-10093,REST-DEL-001,Very satisfied! Butter Chicken were fresh and flavorful. Butter Chicken was the standout dish.,4,2026-05-10T15:32:54.930309
REV-002359,ORD-20260504-290872,CUST-10480,REST-BLR-001,Outstanding experience! The Palak Paneer  Chicken Biryani  and Masala Chai exceeded all expectations. Palak Paneer was the star of the meal. Will definitely order again!,5,2026-05-10T16:09:02.930309
REV-002438,ORD-20260508-166386,CUST-10883,REST-MUM-001,Perfect in every way! Paneer Butter Masala and Gulab Jamun (2 pcs) were all excellent. Gulab Jamun (2 pcs) stood out with its rich  authentic taste.,5,2026-05-10T17:41:11.930309
REV-002458,ORD-20260509-729366,CUST-10884,REST-DEL-001,Not bad  not great. Gajar Halwa and Naan were edible. Naan needed more seasoning.,3,2026-05-10T17:49:17.930309
REV-002362,ORD-20260504-950527,CUST-10078,REST-BLR-001,Enjoyed the Mango Lassi  Palak Paneer  and Chicken Tikka Masala! Palak Paneer was very good. Portion sizes were generous. Recommend!,4,2026-05-10T17:58:55.930309
REV-002459,ORD-20260509-573483,CUST-10290,REST-DEL-001,Hands down the best Chicken Biryani I've ever had! Mango Lassi  Palak Paneer  Paneer Butter Masala  and Chicken Biryani were all prepared beautifully. Fresh and flavorful!,5,2026-05-10T18:43:25.930309
REV-002364,ORD-20260504-497950,CUST-10199,REST-MUM-001,Absolutely amazing Aloo Tikki Chaat and Malai Kofta! The Malai Kofta was cooked to perfection. Fresh ingredients and authentic flavors. Highly recommend!,5,2026-05-10T18:54:49.930309
REV-002402,ORD-20260506-494162,CUST-10884,REST-BLR-001,Very satisfied! Aloo Tikki Chaat  Rasmalai (2 pcs)  Gajar Halwa  Garlic Naan  and Palak Paneer were fresh and flavorful. Garlic Naan was the standout dish.,4,2026-05-10T19:01:35.930309
REV-002350,ORD-20260503-167647,CUST-10486,REST-DEL-001,Wow! Just wow! Mango Lassi  Paneer Butter Masala  and Aloo Tikki Chaat were all fantastic. Paneer Butter Masala was particularly memorable. Can't wait to order again!,5,2026-05-10T19:17:36.930309
REV-002461,ORD-20260509-570975,CUST-10219,REST-DEL-001,Incredible meal! Gulab Jamun (2 pcs) and Palak Paneer arrived hot and fresh. The Palak Paneer was absolutely divine. Highly satisfied!,5,2026-05-10T20:14:49.930309
REV-002366,ORD-20260504-182539,CUST-10557,REST-MUM-002,Hands down the best Rasmalai (2 pcs) I've ever had! Rasmalai (2 pcs) and Chicken Tikka Masala were all prepared beautifully. Fresh and flavorful!,5,2026-05-10T20:41:56.930309
REV-002463,ORD-20260509-546414,CUST-10752,REST-DEL-001,Absolutely amazing Lamb Rogan Josh  Samosa (2 pcs)  and Sweet Lassi! The Lamb Rogan Josh was cooked to perfection. Fresh ingredients and authentic flavors. Highly recommend!,5,2026-05-10T20:54:01.930309
REV-002426,ORD-20260507-321474,CUST-10630,REST-DEL-002,Perfect in every way! Mango Lassi  Fresh Lime Soda  Butter Naan  and Chicken 65 were all excellent. Butter Naan stood out with its rich  authentic taste.,5,2026-05-10T21:03:42.930309
REV-002406,ORD-20260506-624497,CUST-10170,REST-MUM-002,Hands down the best Dal Makhani I've ever had! Chicken Seekh Kebab  Jeera Rice  Chicken Tikka Masala  and Dal Makhani were all prepared beautifully. Fresh and flavorful!,5,2026-05-10T21:25:50.930309
REV-002386,ORD-20260505-164142,CUST-10792,REST-DEL-002,Exceptional quality! Ordered Sweet Lassi  Rasmalai (2 pcs)  Paneer Butter Masala  Lamb Rogan Josh  and Mango Lassi and everything was delicious. The Lamb Rogan Josh melted in my mouth. Perfect!,5,2026-05-10T22:14:48.930309
REV-002354,ORD-20260503-776032,CUST-10540,REST-DEL-001,Poor experience. Chicken Seekh Kebab and Butter Naan were disappointing. Butter Naan was burnt on the edges. Very unhappy.,2,2026-05-10T22:36:14.930309
REV-002429,ORD-20260508-941640,CUST-10694,REST-DEL-001,Solid experience. Gajar Halwa and Fish Curry were well-prepared. Fish Curry had great flavor. Minor issues with packaging.,4,2026-05-11T10:26:18.930309
REV-002408,ORD-20260507-290738,CUST-10857,REST-DEL-002,Disaster! Chicken 65 were all stale. Chicken 65 had a weird smell. Completely unacceptable!,1,2026-05-11T11:06:32.930309
REV-002450,ORD-20260509-818843,CUST-10521,REST-DEL-001,Perfect in every way! Gajar Halwa were all excellent. Gajar Halwa stood out with its rich  authentic taste.,5,2026-05-11T11:58:21.930309
REV-002430,ORD-20260508-219386,CUST-10632,REST-DEL-002,Great food overall. Chole Bhature  Rasmalai (2 pcs)  and Chicken Seekh Kebab were tasty  especially the Chicken Seekh Kebab. Would order again!,4,2026-05-11T12:21:10.930309
REV-002454,ORD-20260509-203431,CUST-10455,REST-BLR-001,Absolutely amazing Samosa (2 pcs)! The Samosa (2 pcs) was cooked to perfection. Fresh ingredients and authentic flavors. Highly recommend!,5,2026-05-11T12:37:55.930309
REV-002393,ORD-20260506-379164,CUST-10604,REST-MUM-001,Exceptional quality! Ordered Chicken Biryani and everything was delicious. The Chicken Biryani melted in my mouth. Perfect!,5,2026-05-11T12:38:42.930309
REV-002457,ORD-20260509-237905,CUST-10831,REST-DEL-002,It was okay. Vegetable Biryani  Chicken Seekh Kebab  Butter Chicken  Jeera Rice  and Naan arrived lukewarm. Vegetable Biryani tasted fine but could be better.,3,2026-05-11T16:34:44.930309
REV-002418,ORD-20260507-890086,CUST-10445,REST-DEL-001,Good quality food. Palak Paneer and Masala Chai were nicely done. Masala Chai could have been slightly spicier but still good!,4,2026-05-11T16:36:26.930309
REV-002419,ORD-20260507-731897,CUST-10011,REST-DEL-001,Solid experience. Jeera Rice  Paneer Tikka  Vegetable Biryani  Sweet Lassi  and Samosa (2 pcs) were well-prepared. Jeera Rice had great flavor. Minor issues with packaging.,4,2026-05-11T16:58:08.930309
REV-002397,ORD-20260506-494971,CUST-10292,REST-DEL-002,Mixed feelings. Paneer Tikka and Chicken Seekh Kebab were acceptable. Chicken Seekh Kebab was decent but portion was small for the price.,3,2026-05-11T17:01:34.930309
REV-002437,ORD-20260508-428697,CUST-10381,REST-MUM-001,Outstanding experience! The Chicken 65  Lamb Rogan Josh  and Paneer Tikka exceeded all expectations. Lamb Rogan Josh was the star of the meal. Will definitely order again!,5,2026-05-11T17:26:08.930309
REV-002441,ORD-20260508-742182,CUST-10529,REST-MUM-002,Enjoyed the Jeera Rice and Chicken 65! Jeera Rice was very good. Portion sizes were generous. Recommend!,4,2026-05-11T18:45:25.930309
REV-002380,ORD-20260505-898376,CUST-10255,REST-DEL-001,It was okay. Butter Chicken  Gulab Jamun (2 pcs)  Vegetable Biryani  and Naan arrived lukewarm. Butter Chicken tasted fine but could be better.,3,2026-05-11T19:13:20.930309
REV-002460,ORD-20260509-889949,CUST-10038,REST-DEL-002,Incredible meal! Paneer Tikka and Kulfi arrived hot and fresh. The Kulfi was absolutely divine. Highly satisfied!,5,2026-05-11T19:25:56.930309
REV-002442,ORD-20260508-498211,CUST-10465,REST-MUM-001,Average experience. Chicken Biryani and Samosa (2 pcs) were fine but Samosa (2 pcs) was a bit bland. Room for improvement.,3,2026-05-11T19:33:48.930309
REV-002383,ORD-20260505-622575,CUST-10965,REST-MUM-002,Hands down the best Sweet Lassi I've ever had! Tandoori Roti  Garlic Naan  Chicken Biryani  Naan  and Sweet Lassi were all prepared beautifully. Fresh and flavorful!,5,2026-05-11T21:19:52.930309
REV-002487,ORD-20260511-343572,CUST-10912,REST-BLR-001,Absolutely amazing Jeera Rice! The Jeera Rice was cooked to perfection. Fresh ingredients and authentic flavors. Highly recommend!,5,2026-05-12T11:01:23.930309
REV-002388,ORD-20260506-939846,CUST-10867,REST-BLR-001,Exceptional quality! Ordered Chicken Biryani and everything was delicious. The Chicken Biryani melted in my mouth. Perfect!,5,2026-05-12T11:02:25.930309
REV-002488,ORD-20260511-868345,CUST-10173,REST-MUM-001,Very satisfied! Gajar Halwa  Dal Makhani  and Mango Lassi were fresh and flavorful. Dal Makhani was the standout dish.,4,2026-05-12T11:20:14.930309
REV-002489,ORD-20260511-823760,CUST-10328,REST-MUM-001,Great food overall. Malai Kofta  Masala Chai  Aloo Tikki Chaat  and Lamb Rogan Josh were tasty  especially the Aloo Tikki Chaat. Would order again!,4,2026-05-12T11:29:16.930309
REV-002392,ORD-20260506-975749,CUST-10464,REST-DEL-001,Really good Samosa (2 pcs)  Rasmalai (2 pcs)  and Palak Paneer! The Samosa (2 pcs) was delicious. Slight delay in delivery but food quality made up for it.,4,2026-05-12T11:51:10.930309
REV-002491,ORD-20260511-693961,CUST-10153,REST-MUM-001,Mixed feelings. Chicken Tikka Masala  Fresh Lime Soda  Chicken 65  and Fish Curry were acceptable. Fresh Lime Soda was decent but portion was small for the price.,3,2026-05-12T12:01:53.930309
REV-002470,ORD-20260510-324235,CUST-10894,REST-MUM-002,Absolutely amazing Naan  Masala Chai  Butter Naan  Dal Makhani  and Aloo Tikki Chaat! The Naan was cooked to perfection. Fresh ingredients and authentic flavors. Highly recommend!,5,2026-05-12T14:20:06.930309
REV-002434,ORD-20260508-284662,CUST-10399,REST-MUM-002,Great food overall. Rasmalai (2 pcs)  Samosa (2 pcs)  Malai Kofta  Naan  and Paneer Tikka were tasty  especially the Rasmalai (2 pcs). Would order again!,4,2026-05-12T14:28:17.930309
REV-002495,ORD-20260511-628074,CUST-10553,REST-DEL-001,Outstanding experience! The Vegetable Biryani  Fish Curry  Mango Lassi  Masala Chai  and Malai Kofta exceeded all expectations. Vegetable Biryani was the star of the meal. Will definitely order again!,5,2026-05-12T14:32:49.930309
REV-002374,ORD-20260505-259475,CUST-10683,REST-DEL-002,Outstanding experience! The Aloo Tikki Chaat and Gulab Jamun (2 pcs) exceeded all expectations. Aloo Tikki Chaat was the star of the meal. Will definitely order again!,5,2026-05-12T16:05:56.930309
REV-002375,ORD-20260505-850313,CUST-10266,REST-MUM-002,Exceptional quality! Ordered Chicken Tikka Masala and Rasmalai (2 pcs) and everything was delicious. The Chicken Tikka Masala melted in my mouth. Perfect!,5,2026-05-12T16:07:15.930309
REV-002436,ORD-20260508-926291,CUST-10770,REST-MUM-001,Absolutely amazing Garlic Naan! The Garlic Naan was cooked to perfection. Fresh ingredients and authentic flavors. Highly recommend!,5,2026-05-12T16:57:44.930309
REV-002398,ORD-20260506-215614,CUST-10010,REST-DEL-001,Unsatisfactory. Vegetable Biryani  Naan  and Masala Chai were not fresh. Vegetable Biryani tasted reheated. Won't order again.,2,2026-05-12T17:15:53.930309
REV-002399,ORD-20260506-285149,CUST-10709,REST-DEL-002,Not bad  not great. Lamb Rogan Josh  Paneer Tikka  and Chicken 65 were edible. Chicken 65 needed more seasoning.,3,2026-05-12T17:16:56.930309
REV-002403,ORD-20260506-897601,CUST-10307,REST-BLR-001,Mixed feelings. Gajar Halwa were acceptable. Gajar Halwa was decent but portion was small for the price.,3,2026-05-12T19:43:46.930309
REV-002384,ORD-20260505-772830,CUST-10632,REST-BLR-001,Wow! Just wow! Gajar Halwa  Butter Chicken  Butter Naan  Paneer Butter Masala  and Rasmalai (2 pcs) were all fantastic. Butter Naan was particularly memorable. Can't wait to order again!,5,2026-05-12T21:51:10.930309
REV-002407,ORD-20260506-990559,CUST-10273,REST-BLR-001,Good quality food. Malai Kofta were nicely done. Malai Kofta could have been slightly spicier but still good!,4,2026-05-12T21:59:01.930309
REV-002466,ORD-20260509-701887,CUST-10789,REST-DEL-001,Absolutely horrible! Mango Lassi and Naan arrived ice cold after 2 hour delay. Mango Lassi was spoiled. Disgusting!,1,2026-05-12T22:30:29.930309
REV-002428,ORD-20260507-134740,CUST-10004,REST-MUM-001,Hands down the best Chicken Biryani I've ever had! Chicken Biryani were all prepared beautifully. Fresh and flavorful!,5,2026-05-12T22:45:38.930309
REV-002448,ORD-20260509-547529,CUST-10707,REST-MUM-001,Expected better. Chicken 65 and Naan were subpar. Chicken 65 was too oily and greasy. Stomach upset followed.,2,2026-05-13T10:10:29.930309
REV-002483,ORD-20260511-215161,CUST-10098,REST-BLR-001,Decent food but nothing special. Fresh Lime Soda  Chicken Tikka Masala  Palak Paneer  and Kulfi were okay. Fresh Lime Soda lacked the punch I expected.,3,2026-05-13T10:16:10.930309
REV-002409,ORD-20260507-316848,CUST-10804,REST-DEL-002,Incredible meal! Lamb Rogan Josh arrived hot and fresh. The Lamb Rogan Josh was absolutely divine. Highly satisfied!,5,2026-05-13T11:11:25.930309
REV-002410,ORD-20260507-276247,CUST-10135,REST-DEL-001,Incredible meal! Mango Lassi arrived hot and fresh. The Mango Lassi was absolutely divine. Highly satisfied!,5,2026-05-13T11:27:11.930309
REV-002391,ORD-20260506-354079,CUST-10732,REST-MUM-001,Exceptional quality! Ordered Butter Naan and everything was delicious. The Butter Naan melted in my mouth. Perfect!,5,2026-05-13T11:42:25.930309
REV-002492,ORD-20260511-757701,CUST-10758,REST-DEL-002,Unsatisfactory. Butter Chicken were not fresh. Butter Chicken tasted reheated. Won't order again.,2,2026-05-13T12:07:56.930309
REV-002431,ORD-20260508-458138,CUST-10374,REST-DEL-002,Hands down the best Palak Paneer I've ever had! Palak Paneer were all prepared beautifully. Fresh and flavorful!,5,2026-05-13T12:49:04.930309
REV-002467,ORD-20260510-958238,CUST-10931,REST-DEL-002,Outstanding experience! The Chicken Seekh Kebab  Aloo Tikki Chaat  and Lamb Rogan Josh exceeded all expectations. Lamb Rogan Josh was the star of the meal. Will definitely order again!,5,2026-05-13T13:48:17.930309
REV-002468,ORD-20260510-231592,CUST-10045,REST-DEL-002,Good quality food. Tandoori Roti  Chole Bhature  Fresh Lime Soda  and Chicken Seekh Kebab were nicely done. Tandoori Roti could have been slightly spicier but still good!,4,2026-05-13T13:56:45.930309
REV-002469,ORD-20260510-282345,CUST-10362,REST-DEL-002,Pleasant meal! Gajar Halwa and Malai Kofta arrived warm. Malai Kofta was tasty though not exceptional. Would order again.,4,2026-05-13T14:04:00.930309
REV-002435,ORD-20260508-719833,CUST-10795,REST-MUM-002,Good quality food. Vegetable Biryani and Gulab Jamun (2 pcs) were nicely done. Gulab Jamun (2 pcs) could have been slightly spicier but still good!,4,2026-05-13T14:37:03.930309
REV-002496,ORD-20260511-729981,CUST-10982,REST-BLR-001,Outstanding experience! The Tandoori Roti  Kulfi  Mango Lassi  Butter Naan  and Rasmalai (2 pcs) exceeded all expectations. Tandoori Roti was the star of the meal. Will definitely order again!,5,2026-05-13T15:06:34.930309
REV-002400,ORD-20260506-528603,CUST-10180,REST-DEL-001,Absolutely amazing Paneer Butter Masala! The Paneer Butter Masala was cooked to perfection. Fresh ingredients and authentic flavors. Highly recommend!,5,2026-05-13T17:18:18.930309
REV-002474,ORD-20260510-713918,CUST-10272,REST-DEL-002,Unsatisfactory. Lamb Rogan Josh and Chicken Biryani were not fresh. Chicken Biryani tasted reheated. Won't order again.,2,2026-05-13T17:42:27.930309
REV-002503,ORD-20260511-745279,CUST-10409,REST-MUM-002,Disaster! Malai Kofta and Butter Naan were all stale. Butter Naan had a weird smell. Completely unacceptable!,1,2026-05-13T18:15:55.930309
REV-002475,ORD-20260510-469504,CUST-10809,REST-MUM-002,Unsatisfactory. Fresh Lime Soda  Samosa (2 pcs)  Chole Bhature  Paneer Butter Masala  and Dal Makhani were not fresh. Paneer Butter Masala tasted reheated. Won't order again.,2,2026-05-13T18:25:38.930309
REV-002423,ORD-20260507-324920,CUST-10430,REST-DEL-002,Poor experience. Gulab Jamun (2 pcs) were disappointing. Gulab Jamun (2 pcs) was burnt on the edges. Very unhappy.,2,2026-05-13T19:21:41.930309
REV-002404,ORD-20260506-858626,CUST-10285,REST-MUM-002,Great food overall. Masala Chai  Chicken 65  Chicken Biryani  Butter Naan  and Dal Makhani were tasty  especially the Chicken Biryani. Would order again!,4,2026-05-13T20:20:11.930309
REV-002529,ORD-20260512-575517,CUST-10321,REST-DEL-002,Best Indian food in UAE! Fresh Lime Soda  Malai Kofta  Gajar Halwa  and Masala Chai were incredible. Gajar Halwa had the perfect balance of spices. Five stars!,5,2026-05-13T20:21:22.930309
REV-002462,ORD-20260509-866837,CUST-10640,REST-DEL-002,Hands down the best Aloo Tikki Chaat I've ever had! Gajar Halwa and Aloo Tikki Chaat were all prepared beautifully. Fresh and flavorful!,5,2026-05-13T20:52:09.930309
REV-002480,ORD-20260510-414599,CUST-10888,REST-MUM-002,Really good Jeera Rice  Dal Makhani  Butter Chicken  and Palak Paneer! The Jeera Rice was delicious. Slight delay in delivery but food quality made up for it.,4,2026-05-13T20:58:04.930309
REV-002465,ORD-20260509-730884,CUST-10114,REST-DEL-001,Outstanding experience! The Fish Curry exceeded all expectations. Fish Curry was the star of the meal. Will definitely order again!,5,2026-05-13T21:08:59.930309
REV-002531,ORD-20260512-106321,CUST-10811,REST-DEL-001,Best Indian food in UAE! Naan  Fresh Lime Soda  Palak Paneer  Tandoori Roti  and Vegetable Biryani were incredible. Fresh Lime Soda had the perfect balance of spices. Five stars!,5,2026-05-13T21:19:17.930309
REV-002427,ORD-20260507-867266,CUST-10327,REST-BLR-001,Very satisfied! Palak Paneer  Garlic Naan  Butter Chicken  Butter Naan  and Paneer Tikka were fresh and flavorful. Butter Chicken was the standout dish.,4,2026-05-13T21:37:42.930309
REV-002445,ORD-20260508-414694,CUST-10063,REST-MUM-001,Mediocre. Jeera Rice  Butter Chicken  and Naan were fine but forgettable. Butter Chicken didn't stand out.,3,2026-05-13T21:42:26.930309
REV-002509,ORD-20260511-985329,CUST-10497,REST-BLR-001,Disappointed with Tandoori Roti  Paneer Tikka  and Kulfi. Paneer Tikka was cold when it arrived. Not worth the money.,2,2026-05-13T22:29:38.930309
REV-002447,ORD-20260508-742602,CUST-10025,REST-MUM-002,Enjoyed the Kulfi  Garlic Naan  and Chicken 65! Garlic Naan was very good. Portion sizes were generous. Recommend!,4,2026-05-13T22:42:30.930309
REV-002485,ORD-20260511-325693,CUST-10074,REST-DEL-002,Absolutely amazing Aloo Tikki Chaat  Paneer Tikka  and Gajar Halwa! The Aloo Tikki Chaat was cooked to perfection. Fresh ingredients and authentic flavors. Highly recommend!,5,2026-05-14T10:40:27.930309
REV-002490,ORD-20260511-414288,CUST-10021,REST-DEL-002,Great food overall. Paneer Tikka  Chole Bhature  and Kulfi were tasty  especially the Chole Bhature. Would order again!,4,2026-05-14T11:42:28.930309
REV-002536,ORD-20260513-563873,CUST-10486,REST-DEL-001,Incredible meal! Malai Kofta  Paneer Tikka  Chicken Seekh Kebab  and Dal Makhani arrived hot and fresh. The Paneer Tikka was absolutely divine. Highly satisfied!,5,2026-05-14T12:04:54.930309
REV-002514,ORD-20260512-201096,CUST-10246,REST-MUM-002,Outstanding experience! The Palak Paneer  Gulab Jamun (2 pcs)  Lamb Rogan Josh  and Samosa (2 pcs) exceeded all expectations. Lamb Rogan Josh was the star of the meal. Will definitely order again!,5,2026-05-14T12:22:46.930309
REV-002412,ORD-20260507-491530,CUST-10838,REST-MUM-002,Decent food but nothing special. Garlic Naan were okay. Garlic Naan lacked the punch I expected.,3,2026-05-14T12:40:26.930309
REV-002432,ORD-20260508-315167,CUST-10024,REST-DEL-002,Very satisfied! Fish Curry were fresh and flavorful. Fish Curry was the standout dish.,4,2026-05-14T13:35:00.930309
REV-002517,ORD-20260512-246960,CUST-10280,REST-BLR-001,Worst food ever! Palak Paneer  Mango Lassi  Sweet Lassi  and Jeera Rice were all wrong. Sweet Lassi made me sick. Never ordering again!,1,2026-05-14T13:50:26.930309
REV-002433,ORD-20260508-998885,CUST-10029,REST-MUM-001,Really good Lamb Rogan Josh  Mango Lassi  Butter Chicken  and Garlic Naan! The Butter Chicken was delicious. Slight delay in delivery but food quality made up for it.,4,2026-05-14T14:07:35.930309
REV-002539,ORD-20260513-479193,CUST-10565,REST-DEL-001,Exceptional quality! Ordered Masala Chai  Chicken Tikka Masala  Gajar Halwa  Aloo Tikki Chaat  and Chole Bhature and everything was delicious. The Gajar Halwa melted in my mouth. Perfect!,5,2026-05-14T14:14:00.930309
REV-002471,ORD-20260510-641245,CUST-10276,REST-MUM-002,Perfect in every way! Jeera Rice  Chole Bhature  and Rasmalai (2 pcs) were all excellent. Jeera Rice stood out with its rich  authentic taste.,5,2026-05-14T14:23:32.930309
REV-002472,ORD-20260510-974676,CUST-10053,REST-BLR-001,Absolutely amazing Fish Curry  Dal Makhani  and Gulab Jamun (2 pcs)! The Fish Curry was cooked to perfection. Fresh ingredients and authentic flavors. Highly recommend!,5,2026-05-14T15:31:10.930309
REV-002417,ORD-20260507-310234,CUST-10959,REST-DEL-001,Hands down the best Mango Lassi I've ever had! Paneer Butter Masala  Mango Lassi  Jeera Rice  and Chole Bhature were all prepared beautifully. Fresh and flavorful!,5,2026-05-14T15:34:49.930309
REV-002498,ORD-20260511-479996,CUST-10915,REST-BLR-001,Solid experience. Aloo Tikki Chaat  Malai Kofta  Chicken Seekh Kebab  and Palak Paneer were well-prepared. Chicken Seekh Kebab had great flavor. Minor issues with packaging.,4,2026-05-14T16:21:12.930309
REV-002420,ORD-20260507-663103,CUST-10288,REST-MUM-001,Poor experience. Butter Naan  Masala Chai  and Gulab Jamun (2 pcs) were disappointing. Gulab Jamun (2 pcs) was burnt on the edges. Very unhappy.,2,2026-05-14T17:07:35.930309
REV-002421,ORD-20260507-879258,CUST-10949,REST-BLR-001,Pleasant meal! Fresh Lime Soda arrived warm. Fresh Lime Soda was tasty though not exceptional. Would order again.,4,2026-05-14T17:10:05.930309
REV-002525,ORD-20260512-842880,CUST-10544,REST-DEL-002,Absolutely amazing Garlic Naan  Kulfi  Paneer Tikka  Paneer Butter Masala  and Sweet Lassi! The Paneer Tikka was cooked to perfection. Fresh ingredients and authentic flavors. Highly recommend!,5,2026-05-14T17:17:25.930309
REV-002549,ORD-20260513-594425,CUST-10941,REST-BLR-001,It was okay. Chicken Seekh Kebab  Mango Lassi  Butter Chicken  Kulfi  and Lamb Rogan Josh arrived lukewarm. Lamb Rogan Josh tasted fine but could be better.,3,2026-05-14T18:04:18.930309
REV-002440,ORD-20260508-270695,CUST-10278,REST-BLR-001,Exceptional quality! Ordered Chicken Tikka Masala and Rasmalai (2 pcs) and everything was delicious. The Chicken Tikka Masala melted in my mouth. Perfect!,5,2026-05-14T18:34:29.930309
REV-002528,ORD-20260512-130014,CUST-10628,REST-MUM-001,Incredible meal! Chole Bhature  Vegetable Biryani  and Tandoori Roti arrived hot and fresh. The Vegetable Biryani was absolutely divine. Highly satisfied!,5,2026-05-14T18:59:39.930309
REV-002446,ORD-20260508-572807,CUST-10660,REST-DEL-002,Really good Butter Naan and Kulfi! The Kulfi was delicious. Slight delay in delivery but food quality made up for it.,4,2026-05-14T22:19:03.930309
REV-002534,ORD-20260513-575036,CUST-10533,REST-DEL-001,Hands down the best Fresh Lime Soda I've ever had! Chicken Seekh Kebab and Fresh Lime Soda were all prepared beautifully. Fresh and flavorful!,5,2026-05-15T10:43:14.930309
REV-002486,ORD-20260511-610063,CUST-10789,REST-MUM-001,Incredible meal! Vegetable Biryani  Mango Lassi  and Palak Paneer arrived hot and fresh. The Palak Paneer was absolutely divine. Highly satisfied!,5,2026-05-15T10:52:31.930309
REV-002451,ORD-20260509-313605,CUST-10897,REST-DEL-001,Best Indian food in UAE! Palak Paneer  Lamb Rogan Josh  and Paneer Butter Masala were incredible. Paneer Butter Masala had the perfect balance of spices. Five stars!,5,2026-05-15T12:08:36.930309
REV-002453,ORD-20260509-906118,CUST-10187,REST-MUM-002,Perfect in every way! Palak Paneer  Garlic Naan  Gajar Halwa  Fresh Lime Soda  and Lamb Rogan Josh were all excellent. Lamb Rogan Josh stood out with its rich  authentic taste.,5,2026-05-15T12:34:23.930309
REV-002493,ORD-20260511-349812,CUST-10181,REST-DEL-002,Outstanding experience! The Malai Kofta and Gajar Halwa exceeded all expectations. Malai Kofta was the star of the meal. Will definitely order again!,5,2026-05-15T12:51:31.930309
REV-002494,ORD-20260511-309712,CUST-10710,REST-MUM-002,Wow! Just wow! Rasmalai (2 pcs) and Palak Paneer were all fantastic. Rasmalai (2 pcs) was particularly memorable. Can't wait to order again!,5,2026-05-15T12:52:38.930309
REV-002516,ORD-20260512-279716,CUST-10348,REST-DEL-001,Incredible meal! Gajar Halwa  Jeera Rice  Chicken 65  Mango Lassi  and Tandoori Roti arrived hot and fresh. The Gajar Halwa was absolutely divine. Highly satisfied!,5,2026-05-15T13:32:08.930309
REV-002540,ORD-20260513-132900,CUST-10543,REST-MUM-001,Best Indian food in UAE! Palak Paneer were incredible. Palak Paneer had the perfect balance of spices. Five stars!,5,2026-05-15T14:38:58.930309
REV-002500,ORD-20260511-264666,CUST-10571,REST-MUM-001,Great food overall. Lamb Rogan Josh  Fish Curry  Chicken Seekh Kebab  Paneer Tikka  and Palak Paneer were tasty  especially the Paneer Tikka. Would order again!,4,2026-05-15T16:23:39.930309
REV-002559,ORD-20260514-829737,CUST-10788,REST-MUM-002,Wow! Just wow! Jeera Rice and Rasmalai (2 pcs) were all fantastic. Rasmalai (2 pcs) was particularly memorable. Can't wait to order again!,5,2026-05-15T16:44:12.930309
REV-002501,ORD-20260511-164227,CUST-10142,REST-DEL-001,Absolutely amazing Lamb Rogan Josh  Kulfi  and Masala Chai! The Masala Chai was cooked to perfection. Fresh ingredients and authentic flavors. Highly recommend!,5,2026-05-15T16:49:36.930309
REV-002524,ORD-20260512-589701,CUST-10157,REST-MUM-002,Enjoyed the Tandoori Roti  Butter Naan  Chicken Biryani  and Paneer Tikka! Paneer Tikka was very good. Portion sizes were generous. Recommend!,4,2026-05-15T16:49:45.930309
REV-002526,ORD-20260512-308632,CUST-10184,REST-MUM-001,Disaster! Garlic Naan  Gulab Jamun (2 pcs)  and Fish Curry were all stale. Gulab Jamun (2 pcs) had a weird smell. Completely unacceptable!,1,2026-05-15T18:35:51.930309
REV-002476,ORD-20260510-339983,CUST-10740,REST-MUM-001,Decent food but nothing special. Naan  Garlic Naan  Chicken 65  Fish Curry  and Chicken Tikka Masala were okay. Fish Curry lacked the punch I expected.,3,2026-05-15T18:59:26.930309
REV-002563,ORD-20260514-789199,CUST-10894,REST-DEL-002,Expected better. Aloo Tikki Chaat  Gulab Jamun (2 pcs)  Masala Chai  and Fresh Lime Soda were subpar. Gulab Jamun (2 pcs) was too oily and greasy. Stomach upset followed.,2,2026-05-15T19:32:54.930309
REV-002443,ORD-20260508-969205,CUST-10400,REST-DEL-001,Incredible meal! Paneer Tikka  Gulab Jamun (2 pcs)  Fish Curry  Sweet Lassi  and Chole Bhature arrived hot and fresh. The Fish Curry was absolutely divine. Highly satisfied!,5,2026-05-15T19:46:53.930309
REV-002444,ORD-20260508-340887,CUST-10387,REST-MUM-001,Hands down the best Chicken Seekh Kebab I've ever had! Masala Chai  Butter Chicken  Chicken Seekh Kebab  Fish Curry  and Dal Makhani were all prepared beautifully. Fresh and flavorful!,5,2026-05-15T19:53:20.930309
REV-002478,ORD-20260510-493837,CUST-10730,REST-BLR-001,Absolutely amazing Kulfi  Chicken Seekh Kebab  Butter Naan  and Chole Bhature! The Kulfi was cooked to perfection. Fresh ingredients and authentic flavors. Highly recommend!,5,2026-05-15T20:04:26.930309
REV-002479,ORD-20260510-995336,CUST-10950,REST-BLR-001,Very satisfied! Chicken Biryani  Paneer Butter Masala  Vegetable Biryani  Kulfi  and Lamb Rogan Josh were fresh and flavorful. Lamb Rogan Josh was the standout dish.,4,2026-05-15T20:14:53.930309
REV-002565,ORD-20260514-477546,CUST-10430,REST-MUM-001,Absolutely amazing Masala Chai and Gajar Halwa! The Gajar Halwa was cooked to perfection. Fresh ingredients and authentic flavors. Highly recommend!,5,2026-05-15T20:18:11.930309
REV-002505,ORD-20260511-113700,CUST-10442,REST-DEL-002,Good quality food. Paneer Tikka  Dal Makhani  Chole Bhature  and Paneer Butter Masala were nicely done. Chole Bhature could have been slightly spicier but still good!,4,2026-05-15T20:35:07.930309
REV-002464,ORD-20260509-326351,CUST-10034,REST-DEL-002,It was okay. Kulfi  Malai Kofta  and Paneer Butter Masala arrived lukewarm. Paneer Butter Masala tasted fine but could be better.,3,2026-05-15T21:03:49.930309
REV-002552,ORD-20260513-375869,CUST-10135,REST-MUM-002,Wow! Just wow! Chicken Tikka Masala  Fish Curry  Mango Lassi  and Jeera Rice were all fantastic. Jeera Rice was particularly memorable. Can't wait to order again!,5,2026-05-15T22:39:54.930309
REV-002512,ORD-20260512-451025,CUST-10848,REST-BLR-001,Outstanding experience! The Butter Naan  Chicken 65  and Paneer Butter Masala exceeded all expectations. Butter Naan was the star of the meal. Will definitely order again!,5,2026-05-16T10:32:22.930309
REV-002452,ORD-20260509-426063,CUST-10233,REST-DEL-001,Hands down the best Rasmalai (2 pcs) I've ever had! Naan  Butter Chicken  and Rasmalai (2 pcs) were all prepared beautifully. Fresh and flavorful!,5,2026-05-16T12:27:23.930309
REV-002537,ORD-20260513-652258,CUST-10094,REST-MUM-001,Perfect in every way! Chicken Tikka Masala  Butter Chicken  Sweet Lassi  Chicken Seekh Kebab  and Dal Makhani were all excellent. Dal Makhani stood out with its rich  authentic taste.,5,2026-05-16T13:26:06.930309
REV-002575,ORD-20260515-200723,CUST-10058,REST-DEL-002,Pleasant meal! Mango Lassi  Chicken Tikka Masala  Tandoori Roti  Jeera Rice  and Naan arrived warm. Chicken Tikka Masala was tasty though not exceptional. Would order again.,4,2026-05-16T14:07:14.930309
REV-002556,ORD-20260514-566928,CUST-10968,REST-BLR-001,Incredible meal! Chicken 65  Butter Naan  Chicken Seekh Kebab  and Gajar Halwa arrived hot and fresh. The Gajar Halwa was absolutely divine. Highly satisfied!,5,2026-05-16T14:30:40.930309
REV-002544,ORD-20260513-781540,CUST-10028,REST-DEL-001,Average experience. Chicken Biryani were fine but Chicken Biryani was a bit bland. Room for improvement.,3,2026-05-16T15:27:07.930309
REV-002518,ORD-20260512-182802,CUST-10733,REST-MUM-002,Wow! Just wow! Chole Bhature and Paneer Tikka were all fantastic. Chole Bhature was particularly memorable. Can't wait to order again!,5,2026-05-16T15:27:19.930309
REV-002577,ORD-20260515-869035,CUST-10879,REST-MUM-002,Hands down the best Paneer Butter Masala I've ever had! Garlic Naan  Chicken Biryani  Paneer Butter Masala  and Lamb Rogan Josh were all prepared beautifully. Fresh and flavorful!,5,2026-05-16T15:27:54.930309
REV-002519,ORD-20260512-476490,CUST-10829,REST-DEL-001,Solid experience. Chicken 65 and Paneer Butter Masala were well-prepared. Chicken 65 had great flavor. Minor issues with packaging.,4,2026-05-16T15:30:43.930309
REV-002456,ORD-20260509-425682,CUST-10065,REST-MUM-001,It was okay. Lamb Rogan Josh  Mango Lassi  and Naan arrived lukewarm. Naan tasted fine but could be better.,3,2026-05-16T15:33:44.930309
REV-002579,ORD-20260515-123378,CUST-10039,REST-MUM-002,Very satisfied! Tandoori Roti  Naan  Samosa (2 pcs)  and Garlic Naan were fresh and flavorful. Garlic Naan was the standout dish.,4,2026-05-16T15:50:02.930309
REV-002473,ORD-20260510-846402,CUST-10133,REST-DEL-002,Pleasant meal! Chicken Seekh Kebab and Lamb Rogan Josh arrived warm. Lamb Rogan Josh was tasty though not exceptional. Would order again.,4,2026-05-16T16:36:07.930309
REV-002502,ORD-20260511-281862,CUST-10629,REST-DEL-002,Absolutely amazing Lamb Rogan Josh  Kulfi  and Palak Paneer! The Kulfi was cooked to perfection. Fresh ingredients and authentic flavors. Highly recommend!,5,2026-05-16T16:58:52.930309
REV-002584,ORD-20260515-885955,CUST-10903,REST-DEL-002,Perfect in every way! Chicken Tikka Masala were all excellent. Chicken Tikka Masala stood out with its rich  authentic taste.,5,2026-05-16T17:29:10.930309
REV-002550,ORD-20260513-932655,CUST-10445,REST-BLR-001,Good quality food. Naan and Paneer Butter Masala were nicely done. Paneer Butter Masala could have been slightly spicier but still good!,4,2026-05-16T18:19:12.930309
REV-002477,ORD-20260510-238938,CUST-10702,REST-DEL-002,Pleasant meal! Jeera Rice  Chicken Seekh Kebab  Dal Makhani  Vegetable Biryani  and Naan arrived warm. Chicken Seekh Kebab was tasty though not exceptional. Would order again.,4,2026-05-16T19:24:19.930309
REV-002588,ORD-20260515-932491,CUST-10896,REST-BLR-001,Very satisfied! Chicken 65 were fresh and flavorful. Chicken 65 was the standout dish.,4,2026-05-16T20:16:42.930309
REV-002506,ORD-20260511-326804,CUST-10263,REST-DEL-002,Really good Naan and Chicken Tikka Masala! The Chicken Tikka Masala was delicious. Slight delay in delivery but food quality made up for it.,4,2026-05-16T20:49:06.930309
REV-002567,ORD-20260514-482078,CUST-10619,REST-DEL-001,Outstanding experience! The Malai Kofta exceeded all expectations. Malai Kofta was the star of the meal. Will definitely order again!,5,2026-05-16T21:06:19.930309
REV-002507,ORD-20260511-204945,CUST-10763,REST-BLR-001,Wow! Just wow! Lamb Rogan Josh  Kulfi  Palak Paneer  Vegetable Biryani  and Sweet Lassi were all fantastic. Kulfi was particularly memorable. Can't wait to order again!,5,2026-05-16T21:31:17.930309
REV-002508,ORD-20260511-145896,CUST-10023,REST-DEL-002,Below expectations. Chicken 65  Butter Chicken  and Chicken Seekh Kebab were underwhelming. Butter Chicken was overcooked and dry.,2,2026-05-16T22:15:06.930309
REV-002482,ORD-20260511-781173,CUST-10899,REST-MUM-001,Best Indian food in UAE! Fish Curry  Kulfi  Butter Chicken  Sweet Lassi  and Dal Makhani were incredible. Kulfi had the perfect balance of spices. Five stars!,5,2026-05-17T10:11:51.930309
REV-002511,ORD-20260512-708856,CUST-10440,REST-DEL-002,Outstanding experience! The Masala Chai  Rasmalai (2 pcs)  Fish Curry  and Garlic Naan exceeded all expectations. Garlic Naan was the star of the meal. Will definitely order again!,5,2026-05-17T10:15:47.930309
REV-002484,ORD-20260511-743999,CUST-10496,REST-BLR-001,Perfect in every way! Chicken Seekh Kebab  Vegetable Biryani  Dal Makhani  Paneer Butter Masala  and Chole Bhature were all excellent. Dal Makhani stood out with its rich  authentic taste.,5,2026-05-17T10:32:07.930309
REV-002555,ORD-20260514-403784,CUST-10628,REST-BLR-001,Perfect in every way! Gulab Jamun (2 pcs)  Vegetable Biryani  and Chole Bhature were all excellent. Chole Bhature stood out with its rich  authentic taste.,5,2026-05-17T10:55:35.930309
REV-002594,ORD-20260516-337924,CUST-10658,REST-BLR-001,It was okay. Jeera Rice  Tandoori Roti  Lamb Rogan Josh  Butter Chicken  and Butter Naan arrived lukewarm. Butter Chicken tasted fine but could be better.,3,2026-05-17T13:30:55.930309
REV-002538,ORD-20260513-191296,CUST-10293,REST-DEL-001,Wow! Just wow! Kulfi  Fish Curry  Aloo Tikki Chaat  and Fresh Lime Soda were all fantastic. Fresh Lime Soda was particularly memorable. Can't wait to order again!,5,2026-05-17T14:08:21.930309
REV-002557,ORD-20260514-735935,CUST-10622,REST-DEL-002,Really good Butter Chicken! The Butter Chicken was delicious. Slight delay in delivery but food quality made up for it.,4,2026-05-17T14:35:16.930309
REV-002541,ORD-20260513-287875,CUST-10104,REST-MUM-002,Hands down the best Chole Bhature I've ever had! Butter Chicken  Jeera Rice  Chole Bhature  Dal Makhani  and Chicken Tikka Masala were all prepared beautifully. Fresh and flavorful!,5,2026-05-17T14:47:43.930309
REV-002497,ORD-20260511-225665,CUST-10107,REST-BLR-001,Below expectations. Vegetable Biryani were underwhelming. Vegetable Biryani was overcooked and dry.,2,2026-05-17T15:41:26.930309
REV-002499,ORD-20260511-256233,CUST-10602,REST-DEL-002,Outstanding experience! The Rasmalai (2 pcs)  Vegetable Biryani  Lamb Rogan Josh  and Fish Curry exceeded all expectations. Rasmalai (2 pcs) was the star of the meal. Will definitely order again!,5,2026-05-17T16:23:04.930309
REV-002585,ORD-20260515-519917,CUST-10731,REST-MUM-002,Outstanding experience! The Aloo Tikki Chaat  Malai Kofta  Rasmalai (2 pcs)  Chicken Seekh Kebab  and Lamb Rogan Josh exceeded all expectations. Aloo Tikki Chaat was the star of the meal. Will definitely order again!,5,2026-05-17T17:35:07.930309
REV-002602,ORD-20260516-368379,CUST-10135,REST-MUM-001,Not good. Gajar Halwa  Sweet Lassi  Tandoori Roti  and Chicken Biryani arrived late and cold. Sweet Lassi had barely any flavor. Poor quality.,2,2026-05-17T17:36:52.930309
REV-002562,ORD-20260514-487728,CUST-10444,REST-MUM-002,Solid experience. Tandoori Roti were well-prepared. Tandoori Roti had great flavor. Minor issues with packaging.,4,2026-05-17T18:14:20.930309
REV-002606,ORD-20260516-659000,CUST-10254,REST-DEL-002,Absolutely amazing Mango Lassi  Dal Makhani  Tandoori Roti  and Palak Paneer! The Dal Makhani was cooked to perfection. Fresh ingredients and authentic flavors. Highly recommend!,5,2026-05-17T20:00:31.930309
REV-002566,ORD-20260514-140187,CUST-10487,REST-DEL-001,Absolutely amazing Kulfi  Paneer Butter Masala  Palak Paneer  Lamb Rogan Josh  and Mango Lassi! The Kulfi was cooked to perfection. Fresh ingredients and authentic flavors. Highly recommend!,5,2026-05-17T20:34:17.930309
REV-002530,ORD-20260512-462284,CUST-10794,REST-BLR-001,Good quality food. Malai Kofta  Kulfi  Chicken Tikka Masala  and Gajar Halwa were nicely done. Kulfi could have been slightly spicier but still good!,4,2026-05-17T20:46:22.930309
REV-002551,ORD-20260513-218391,CUST-10090,REST-MUM-001,Pleasant meal! Mango Lassi  Butter Chicken  and Chole Bhature arrived warm. Mango Lassi was tasty though not exceptional. Would order again.,4,2026-05-17T22:13:10.930309
REV-002481,ORD-20260511-468649,CUST-10656,REST-BLR-001,Really good Gulab Jamun (2 pcs)  Lamb Rogan Josh  and Chole Bhature! The Lamb Rogan Josh was delicious. Slight delay in delivery but food quality made up for it.,4,2026-05-18T10:09:41.930309
REV-002513,ORD-20260512-643036,CUST-10055,REST-DEL-001,Absolutely amazing Garlic Naan! The Garlic Naan was cooked to perfection. Fresh ingredients and authentic flavors. Highly recommend!,5,2026-05-18T11:49:20.930309
REV-002593,ORD-20260516-198626,CUST-10319,REST-BLR-001,Pleasant meal! Chicken Biryani  Malai Kofta  and Chicken 65 arrived warm. Chicken 65 was tasty though not exceptional. Would order again.,4,2026-05-18T12:21:43.930309
REV-002596,ORD-20260516-631355,CUST-10314,REST-BLR-001,Best Indian food in UAE! Samosa (2 pcs) and Paneer Butter Masala were incredible. Paneer Butter Masala had the perfect balance of spices. Five stars!,5,2026-05-18T15:00:54.930309
REV-002543,ORD-20260513-721980,CUST-10260,REST-BLR-001,Incredible meal! Butter Naan  Tandoori Roti  and Masala Chai arrived hot and fresh. The Butter Naan was absolutely divine. Highly satisfied!,5,2026-05-18T15:27:06.930309
REV-002520,ORD-20260512-599763,CUST-10595,REST-MUM-001,Perfect in every way! Gajar Halwa and Sweet Lassi were all excellent. Gajar Halwa stood out with its rich  authentic taste.,5,2026-05-18T15:32:06.930309
REV-002521,ORD-20260512-213445,CUST-10936,REST-DEL-002,Wow! Just wow! Lamb Rogan Josh  Chicken 65  Butter Naan  and Gajar Halwa were all fantastic. Butter Naan was particularly memorable. Can't wait to order again!,5,2026-05-18T15:38:30.930309
REV-002522,ORD-20260512-474506,CUST-10363,REST-DEL-001,Expected better. Paneer Tikka  Masala Chai  Samosa (2 pcs)  and Gajar Halwa were subpar. Gajar Halwa was too oily and greasy. Stomach upset followed.,2,2026-05-18T16:09:21.930309
REV-002546,ORD-20260513-783131,CUST-10102,REST-DEL-001,Great food overall. Aloo Tikki Chaat  Naan  Tandoori Roti  and Samosa (2 pcs) were tasty  especially the Aloo Tikki Chaat. Would order again!,4,2026-05-18T16:29:29.930309
REV-002527,ORD-20260512-791568,CUST-10104,REST-DEL-001,Mixed feelings. Chole Bhature  Chicken Tikka Masala  Palak Paneer  Mango Lassi  and Paneer Tikka were acceptable. Mango Lassi was decent but portion was small for the price.,3,2026-05-18T18:39:36.930309
REV-002605,ORD-20260516-145362,CUST-10371,REST-DEL-002,Exceptional quality! Ordered Garlic Naan  Lamb Rogan Josh  Fresh Lime Soda  and Gulab Jamun (2 pcs) and everything was delicious. The Fresh Lime Soda melted in my mouth. Perfect!,5,2026-05-18T19:45:35.930309
REV-002504,ORD-20260511-913581,CUST-10271,REST-MUM-002,Enjoyed the Sweet Lassi  Malai Kofta  and Chole Bhature! Malai Kofta was very good. Portion sizes were generous. Recommend!,4,2026-05-18T20:02:46.930309
REV-002570,ORD-20260514-972749,CUST-10704,REST-DEL-002,Absolutely amazing Chicken Seekh Kebab  Chicken Tikka Masala  and Tandoori Roti! The Tandoori Roti was cooked to perfection. Fresh ingredients and authentic flavors. Highly recommend!,5,2026-05-18T22:22:21.930309
REV-002532,ORD-20260512-620731,CUST-10246,REST-MUM-001,Very satisfied! Chicken Biryani  Chole Bhature  Samosa (2 pcs)  and Garlic Naan were fresh and flavorful. Chole Bhature was the standout dish.,4,2026-05-18T22:24:51.930309
REV-002510,ORD-20260511-738271,CUST-10791,REST-BLR-001,Hands down the best Gulab Jamun (2 pcs) I've ever had! Palak Paneer  Paneer Butter Masala  Gulab Jamun (2 pcs)  Lamb Rogan Josh  and Paneer Tikka were all prepared beautifully. Fresh and flavorful!,5,2026-05-18T22:42:33.930309
REV-002533,ORD-20260513-126882,CUST-10131,REST-MUM-001,Expected better. Samosa (2 pcs)  Garlic Naan  Jeera Rice  and Paneer Butter Masala were subpar. Samosa (2 pcs) was too oily and greasy. Stomach upset followed.,2,2026-05-19T10:00:37.930309
REV-002553,ORD-20260514-822427,CUST-10945,REST-DEL-001,Great food overall. Vegetable Biryani  Chicken Tikka Masala  Naan  and Samosa (2 pcs) were tasty  especially the Samosa (2 pcs). Would order again!,4,2026-05-19T10:37:30.930309
REV-002535,ORD-20260513-787105,CUST-10726,REST-DEL-001,Average experience. Vegetable Biryani were fine but Vegetable Biryani was a bit bland. Room for improvement.,3,2026-05-19T11:02:02.930309
REV-002573,ORD-20260515-433844,CUST-10246,REST-DEL-001,Wow! Just wow! Kulfi and Chicken Biryani were all fantastic. Chicken Biryani was particularly memorable. Can't wait to order again!,5,2026-05-19T12:51:20.930309
REV-002515,ORD-20260512-806212,CUST-10452,REST-DEL-001,Incredible meal! Aloo Tikki Chaat  Fresh Lime Soda  Palak Paneer  Naan  and Sweet Lassi arrived hot and fresh. The Sweet Lassi was absolutely divine. Highly satisfied!,5,2026-05-19T13:01:07.930309
REV-002599,ORD-20260516-128763,CUST-10381,REST-BLR-001,Exceptional quality! Ordered Chicken Seekh Kebab  Sweet Lassi  Garlic Naan  and Chole Bhature and everything was delicious. The Chicken Seekh Kebab melted in my mouth. Perfect!,5,2026-05-19T16:06:46.930309
REV-002580,ORD-20260515-675131,CUST-10029,REST-DEL-001,Incredible meal! Tandoori Roti and Dal Makhani arrived hot and fresh. The Dal Makhani was absolutely divine. Highly satisfied!,5,2026-05-19T16:08:07.930309
REV-002523,ORD-20260512-791321,CUST-10863,REST-DEL-001,Exceptional quality! Ordered Chicken Biryani  Tandoori Roti  Chicken Seekh Kebab  and Samosa (2 pcs) and everything was delicious. The Samosa (2 pcs) melted in my mouth. Perfect!,5,2026-05-19T16:12:07.930309
REV-002600,ORD-20260516-984496,CUST-10963,REST-MUM-002,Outstanding experience! The Paneer Tikka exceeded all expectations. Paneer Tikka was the star of the meal. Will definitely order again!,5,2026-05-19T16:18:47.930309
REV-002558,ORD-20260514-191193,CUST-10688,REST-MUM-001,Below expectations. Paneer Butter Masala and Paneer Tikka were underwhelming. Paneer Tikka was overcooked and dry.,2,2026-05-19T16:41:57.930309
REV-002632,ORD-20260518-861705,CUST-10298,REST-DEL-001,Perfect in every way! Chicken 65  Tandoori Roti  Aloo Tikki Chaat  and Paneer Butter Masala were all excellent. Aloo Tikki Chaat stood out with its rich  authentic taste.,5,2026-05-19T17:00:00.930309
REV-002548,ORD-20260513-746497,CUST-10814,REST-DEL-001,Hands down the best Paneer Butter Masala I've ever had! Paneer Butter Masala were all prepared beautifully. Fresh and flavorful!,5,2026-05-19T17:19:16.930309
REV-002634,ORD-20260518-663139,CUST-10398,REST-BLR-001,Average experience. Gulab Jamun (2 pcs)  Mango Lassi  Gajar Halwa  and Chicken Seekh Kebab were fine but Gulab Jamun (2 pcs) was a bit bland. Room for improvement.,3,2026-05-19T18:01:44.930309
REV-002561,ORD-20260514-942946,CUST-10695,REST-DEL-002,Great food overall. Paneer Tikka were tasty  especially the Paneer Tikka. Would order again!,4,2026-05-19T18:02:18.930309
REV-002586,ORD-20260515-121690,CUST-10006,REST-MUM-002,Incredible meal! Fish Curry  Chicken Seekh Kebab  Gajar Halwa  and Paneer Tikka arrived hot and fresh. The Paneer Tikka was absolutely divine. Highly satisfied!,5,2026-05-19T18:24:19.930309
REV-002637,ORD-20260518-155771,CUST-10820,REST-BLR-001,Very satisfied! Paneer Butter Masala were fresh and flavorful. Paneer Butter Masala was the standout dish.,4,2026-05-19T20:51:56.930309
REV-002607,ORD-20260516-738781,CUST-10872,REST-DEL-001,Pleasant meal! Paneer Butter Masala  Chicken 65  Kulfi  and Garlic Naan arrived warm. Chicken 65 was tasty though not exceptional. Would order again.,4,2026-05-19T22:01:21.930309
REV-002638,ORD-20260519-182320,CUST-10953,REST-MUM-001,Exceptional quality! Ordered Garlic Naan  Paneer Butter Masala  Fresh Lime Soda  and Jeera Rice and everything was delicious. The Jeera Rice melted in my mouth. Perfect!,5,2026-05-20T10:03:09.930309
REV-002609,ORD-20260517-526625,CUST-10234,REST-MUM-002,Absolutely amazing Fresh Lime Soda and Sweet Lassi! The Sweet Lassi was cooked to perfection. Fresh ingredients and authentic flavors. Highly recommend!,5,2026-05-20T10:22:32.930309
REV-002554,ORD-20260514-736851,CUST-10483,REST-MUM-001,Decent food but nothing special. Gulab Jamun (2 pcs)  Fish Curry  Naan  Butter Chicken  and Rasmalai (2 pcs) were okay. Butter Chicken lacked the punch I expected.,3,2026-05-20T10:50:56.930309
REV-002622,ORD-20260518-167727,CUST-10843,REST-MUM-001,Great food overall. Naan  Paneer Tikka  and Vegetable Biryani were tasty  especially the Naan. Would order again!,4,2026-05-20T11:14:19.930309
REV-002572,ORD-20260515-314186,CUST-10972,REST-BLR-001,Outstanding experience! The Gajar Halwa  Malai Kofta  Chicken Biryani  and Kulfi exceeded all expectations. Chicken Biryani was the star of the meal. Will definitely order again!,5,2026-05-20T12:14:48.930309
REV-002626,ORD-20260518-818618,CUST-10322,REST-MUM-002,Hands down the best Garlic Naan I've ever had! Garlic Naan were all prepared beautifully. Fresh and flavorful!,5,2026-05-20T13:12:40.930309
REV-002595,ORD-20260516-931290,CUST-10726,REST-DEL-002,Exceptional quality! Ordered Samosa (2 pcs) and everything was delicious. The Samosa (2 pcs) melted in my mouth. Perfect!,5,2026-05-20T14:53:54.930309
REV-002542,ORD-20260513-857860,CUST-10556,REST-MUM-002,Outstanding experience! The Vegetable Biryani  Kulfi  Chole Bhature  Samosa (2 pcs)  and Malai Kofta exceeded all expectations. Samosa (2 pcs) was the star of the meal. Will definitely order again!,5,2026-05-20T15:25:17.930309
REV-002612,ORD-20260517-418055,CUST-10524,REST-MUM-002,Perfect in every way! Chicken Seekh Kebab and Vegetable Biryani were all excellent. Chicken Seekh Kebab stood out with its rich  authentic taste.,5,2026-05-20T15:37:50.930309
REV-002581,ORD-20260515-318670,CUST-10483,REST-BLR-001,Below expectations. Garlic Naan  Jeera Rice  Fresh Lime Soda  and Paneer Butter Masala were underwhelming. Garlic Naan was overcooked and dry.,2,2026-05-20T16:13:43.930309
REV-002545,ORD-20260513-528953,CUST-10319,REST-MUM-001,Enjoyed the Paneer Tikka! Paneer Tikka was very good. Portion sizes were generous. Recommend!,4,2026-05-20T16:14:36.930309
REV-002615,ORD-20260517-447280,CUST-10395,REST-DEL-001,Wow! Just wow! Gajar Halwa were all fantastic. Gajar Halwa was particularly memorable. Can't wait to order again!,5,2026-05-20T16:23:08.930309
REV-002560,ORD-20260514-606380,CUST-10304,REST-MUM-002,Poor experience. Dal Makhani  Chicken Tikka Masala  Palak Paneer  and Chole Bhature were disappointing. Dal Makhani was burnt on the edges. Very unhappy.,2,2026-05-20T17:02:24.930309
REV-002583,ORD-20260515-362192,CUST-10431,REST-MUM-001,Good quality food. Garlic Naan  Jeera Rice  and Dal Makhani were nicely done. Garlic Naan could have been slightly spicier but still good!,4,2026-05-20T17:03:04.930309
REV-002601,ORD-20260516-688029,CUST-10439,REST-DEL-001,Outstanding experience! The Palak Paneer and Gulab Jamun (2 pcs) exceeded all expectations. Palak Paneer was the star of the meal. Will definitely order again!,5,2026-05-20T17:11:11.930309
REV-002547,ORD-20260513-174679,CUST-10800,REST-DEL-001,It was okay. Tandoori Roti  Aloo Tikki Chaat  and Sweet Lassi arrived lukewarm. Aloo Tikki Chaat tasted fine but could be better.,3,2026-05-20T17:17:34.930309
REV-002644,ORD-20260519-872547,CUST-10411,REST-BLR-001,Best Indian food in UAE! Chicken Tikka Masala were incredible. Chicken Tikka Masala had the perfect balance of spices. Five stars!,5,2026-05-20T18:17:20.930309
REV-002589,ORD-20260515-604695,CUST-10301,REST-MUM-002,Absolutely amazing Jeera Rice! The Jeera Rice was cooked to perfection. Fresh ingredients and authentic flavors. Highly recommend!,5,2026-05-20T20:33:20.930309
REV-002569,ORD-20260514-946556,CUST-10395,REST-BLR-001,Unsatisfactory. Chole Bhature and Chicken 65 were not fresh. Chicken 65 tasted reheated. Won't order again.,2,2026-05-20T21:35:20.930309
REV-002591,ORD-20260515-494572,CUST-10217,REST-DEL-001,Absolutely amazing Jeera Rice and Paneer Tikka! The Jeera Rice was cooked to perfection. Fresh ingredients and authentic flavors. Highly recommend!,5,2026-05-20T22:17:42.930309
REV-002608,ORD-20260516-988602,CUST-10683,REST-MUM-002,Perfect in every way! Palak Paneer  Dal Makhani  Butter Naan  Gajar Halwa  and Garlic Naan were all excellent. Dal Makhani stood out with its rich  authentic taste.,5,2026-05-20T22:50:25.930309
REV-002623,ORD-20260518-598374,CUST-10466,REST-BLR-001,Solid experience. Chicken Biryani  Aloo Tikki Chaat  Paneer Tikka  Fresh Lime Soda  and Lamb Rogan Josh were well-prepared. Fresh Lime Soda had great flavor. Minor issues with packaging.,4,2026-05-21T11:29:37.930309
REV-002571,ORD-20260515-739011,CUST-10017,REST-MUM-002,Hands down the best Paneer Butter Masala I've ever had! Rasmalai (2 pcs)  Paneer Butter Masala  Gajar Halwa  and Kulfi were all prepared beautifully. Fresh and flavorful!,5,2026-05-21T12:07:08.930309
REV-002653,ORD-20260520-765561,CUST-10652,REST-MUM-002,Absolutely amazing Gajar Halwa and Chicken 65! The Gajar Halwa was cooked to perfection. Fresh ingredients and authentic flavors. Highly recommend!,5,2026-05-21T12:46:39.930309
REV-002576,ORD-20260515-417649,CUST-10892,REST-DEL-002,Perfect in every way! Butter Chicken were all excellent. Butter Chicken stood out with its rich  authentic taste.,5,2026-05-21T14:58:47.930309
REV-002628,ORD-20260518-202679,CUST-10491,REST-BLR-001,Incredible meal! Paneer Butter Masala and Samosa (2 pcs) arrived hot and fresh. The Samosa (2 pcs) was absolutely divine. Highly satisfied!,5,2026-05-21T15:22:46.930309
REV-002578,ORD-20260515-433818,CUST-10743,REST-MUM-001,Wow! Just wow! Rasmalai (2 pcs)  Chicken Biryani  Aloo Tikki Chaat  Samosa (2 pcs)  and Masala Chai were all fantastic. Aloo Tikki Chaat was particularly memorable. Can't wait to order again!,5,2026-05-21T15:42:51.930309
REV-002597,ORD-20260516-201164,CUST-10778,REST-MUM-002,Pleasant meal! Samosa (2 pcs)  Malai Kofta  and Chicken Tikka Masala arrived warm. Chicken Tikka Masala was tasty though not exceptional. Would order again.,4,2026-05-21T16:00:20.930309
REV-002613,ORD-20260517-938022,CUST-10327,REST-MUM-002,Disappointed with Butter Naan  Paneer Tikka  Vegetable Biryani  Paneer Butter Masala  and Chole Bhature. Butter Naan was cold when it arrived. Not worth the money.,2,2026-05-21T16:04:21.930309
REV-002614,ORD-20260517-195959,CUST-10014,REST-BLR-001,Mediocre. Rasmalai (2 pcs)  Paneer Butter Masala  Butter Naan  Malai Kofta  and Garlic Naan were fine but forgettable. Paneer Butter Masala didn't stand out.,3,2026-05-21T16:14:40.930309
REV-002582,ORD-20260515-510985,CUST-10241,REST-MUM-001,Really good Aloo Tikki Chaat! The Aloo Tikki Chaat was delicious. Slight delay in delivery but food quality made up for it.,4,2026-05-21T16:54:37.930309
REV-002656,ORD-20260520-986044,CUST-10336,REST-DEL-002,Decent food but nothing special. Aloo Tikki Chaat  Mango Lassi  and Gajar Halwa were okay. Mango Lassi lacked the punch I expected.,3,2026-05-21T17:37:05.930309
REV-002635,ORD-20260518-505051,CUST-10877,REST-MUM-001,Hands down the best Lamb Rogan Josh I've ever had! Chicken Seekh Kebab and Lamb Rogan Josh were all prepared beautifully. Fresh and flavorful!,5,2026-05-21T18:10:03.930309
REV-002587,ORD-20260515-882137,CUST-10070,REST-BLR-001,Best Indian food in UAE! Butter Chicken  Chicken 65  and Paneer Tikka were incredible. Chicken 65 had the perfect balance of spices. Five stars!,5,2026-05-21T19:07:51.930309
REV-002603,ORD-20260516-901634,CUST-10953,REST-DEL-002,Great food overall. Fish Curry  Mango Lassi  and Naan were tasty  especially the Naan. Would order again!,4,2026-05-21T19:25:28.930309
REV-002604,ORD-20260516-455711,CUST-10711,REST-BLR-001,Absolutely amazing Jeera Rice  Naan  Mango Lassi  and Palak Paneer! The Naan was cooked to perfection. Fresh ingredients and authentic flavors. Highly recommend!,5,2026-05-21T19:43:05.930309
REV-002564,ORD-20260514-210018,CUST-10358,REST-DEL-002,Really good Vegetable Biryani  Tandoori Roti  Palak Paneer  Chicken Seekh Kebab  and Butter Chicken! The Tandoori Roti was delicious. Slight delay in delivery but food quality made up for it.,4,2026-05-21T20:17:28.930309
REV-002568,ORD-20260514-983792,CUST-10602,REST-DEL-001,Exceptional quality! Ordered Sweet Lassi  Palak Paneer  Butter Chicken  and Chicken Tikka Masala and everything was delicious. The Sweet Lassi melted in my mouth. Perfect!,5,2026-05-21T21:09:19.930309
REV-002590,ORD-20260515-765616,CUST-10535,REST-DEL-002,Not bad  not great. Paneer Butter Masala  Malai Kofta  Kulfi  Chicken Biryani  and Butter Naan were edible. Paneer Butter Masala needed more seasoning.,3,2026-05-21T21:52:26.930309
REV-002666,ORD-20260521-378240,CUST-10118,REST-DEL-002,Hands down the best Malai Kofta I've ever had! Malai Kofta  Kulfi  and Naan were all prepared beautifully. Fresh and flavorful!,5,2026-05-22T10:06:17.930309
REV-002592,ORD-20260516-233631,CUST-10017,REST-MUM-001,Not good. Tandoori Roti  Butter Naan  and Dal Makhani arrived late and cold. Tandoori Roti had barely any flavor. Poor quality.,2,2026-05-22T10:45:24.930309
REV-002639,ORD-20260519-727750,CUST-10736,REST-MUM-001,Exceptional quality! Ordered Aloo Tikki Chaat  Samosa (2 pcs)  and Naan and everything was delicious. The Samosa (2 pcs) melted in my mouth. Perfect!,5,2026-05-22T11:14:14.930309
REV-002673,ORD-20260521-816706,CUST-10494,REST-DEL-001,Enjoyed the Chicken 65  Sweet Lassi  Naan  and Fish Curry! Chicken 65 was very good. Portion sizes were generous. Recommend!,4,2026-05-22T11:57:47.930309
REV-002574,ORD-20260515-106378,CUST-10584,REST-DEL-002,Absolutely amazing Chicken 65  Garlic Naan  Paneer Butter Masala  and Palak Paneer! The Garlic Naan was cooked to perfection. Fresh ingredients and authentic flavors. Highly recommend!,5,2026-05-22T13:23:11.930309
REV-002627,ORD-20260518-423869,CUST-10980,REST-MUM-002,Incredible meal! Fresh Lime Soda  Lamb Rogan Josh  Naan  and Gajar Halwa arrived hot and fresh. The Naan was absolutely divine. Highly satisfied!,5,2026-05-22T15:14:37.930309
REV-002629,ORD-20260518-466282,CUST-10508,REST-DEL-002,Absolutely horrible! Aloo Tikki Chaat  Lamb Rogan Josh  Garlic Naan  and Jeera Rice arrived ice cold after 2 hour delay. Lamb Rogan Josh was spoiled. Disgusting!,1,2026-05-22T15:44:05.930309
REV-002655,ORD-20260520-888006,CUST-10689,REST-MUM-002,Decent food but nothing special. Chicken 65 were okay. Chicken 65 lacked the punch I expected.,3,2026-05-22T15:49:36.930309
REV-002598,ORD-20260516-868914,CUST-10281,REST-MUM-002,Absolutely amazing Aloo Tikki Chaat  Palak Paneer  and Kulfi! The Palak Paneer was cooked to perfection. Fresh ingredients and authentic flavors. Highly recommend!,5,2026-05-22T16:06:37.930309
REV-002678,ORD-20260521-393566,CUST-10526,REST-BLR-001,Hands down the best Butter Naan I've ever had! Butter Naan  Lamb Rogan Josh  Chicken Biryani  Chicken Seekh Kebab  and Palak Paneer were all prepared beautifully. Fresh and flavorful!,5,2026-05-22T17:46:52.930309
REV-002680,ORD-20260521-758065,CUST-10251,REST-DEL-001,Perfect in every way! Sweet Lassi  Lamb Rogan Josh  Palak Paneer  Garlic Naan  and Kulfi were all excellent. Palak Paneer stood out with its rich  authentic taste.,5,2026-05-22T18:41:11.930309
REV-002646,ORD-20260519-371344,CUST-10816,REST-BLR-001,Below expectations. Sweet Lassi  Butter Chicken  Butter Naan  Vegetable Biryani  and Paneer Tikka were underwhelming. Paneer Tikka was overcooked and dry.,2,2026-05-22T20:14:01.930309
REV-002649,ORD-20260519-748130,CUST-10843,REST-MUM-002,Great food overall. Fish Curry and Chicken 65 were tasty  especially the Chicken 65. Would order again!,4,2026-05-22T22:14:21.930309
REV-002683,ORD-20260521-222034,CUST-10589,REST-DEL-001,Best Indian food in UAE! Vegetable Biryani were incredible. Vegetable Biryani had the perfect balance of spices. Five stars!,5,2026-05-22T22:23:55.930309
REV-002619,ORD-20260517-198603,CUST-10044,REST-MUM-001,Solid experience. Dal Makhani and Mango Lassi were well-prepared. Mango Lassi had great flavor. Minor issues with packaging.,4,2026-05-22T22:55:36.930309
REV-002668,ORD-20260521-639243,CUST-10229,REST-MUM-002,Wow! Just wow! Malai Kofta  Masala Chai  and Dal Makhani were all fantastic. Malai Kofta was particularly memorable. Can't wait to order again!,5,2026-05-23T10:47:29.930309
REV-002671,ORD-20260521-612676,CUST-10955,REST-DEL-001,Outstanding experience! The Dal Makhani  Kulfi  Fresh Lime Soda  and Lamb Rogan Josh exceeded all expectations. Lamb Rogan Josh was the star of the meal. Will definitely order again!,5,2026-05-23T11:20:13.930309
REV-002625,ORD-20260518-722768,CUST-10155,REST-MUM-001,Appalling quality! Samosa (2 pcs)  Chicken Seekh Kebab  Naan  Kulfi  and Butter Naan were swimming in oil. Chicken Seekh Kebab was raw inside. Health hazard!,1,2026-05-23T12:43:06.930309
REV-002611,ORD-20260517-299451,CUST-10086,REST-DEL-001,Disaster! Chicken 65  Fresh Lime Soda  Chicken Seekh Kebab  Sweet Lassi  and Masala Chai were all stale. Sweet Lassi had a weird smell. Completely unacceptable!,1,2026-05-23T13:30:03.930309
REV-002641,ORD-20260519-970716,CUST-10154,REST-BLR-001,Solid experience. Lamb Rogan Josh  Vegetable Biryani  Dal Makhani  and Chicken Biryani were well-prepared. Vegetable Biryani had great flavor. Minor issues with packaging.,4,2026-05-23T13:52:45.930309
REV-002616,ORD-20260517-182735,CUST-10980,REST-DEL-001,Average experience. Chicken 65  Mango Lassi  Fresh Lime Soda  and Chicken Biryani were fine but Chicken 65 was a bit bland. Room for improvement.,3,2026-05-23T16:27:43.930309
REV-002631,ORD-20260518-503788,CUST-10834,REST-DEL-002,Average experience. Paneer Tikka were fine but Paneer Tikka was a bit bland. Room for improvement.,3,2026-05-23T16:48:08.930309
REV-002633,ORD-20260518-920765,CUST-10388,REST-DEL-001,Absolutely horrible! Tandoori Roti  Dal Makhani  Fish Curry  and Jeera Rice arrived ice cold after 2 hour delay. Jeera Rice was spoiled. Disgusting!,1,2026-05-23T17:05:25.930309
REV-002691,ORD-20260522-563611,CUST-10257,REST-MUM-001,Shocking! Rasmalai (2 pcs) and Naan bore no resemblance to the menu description. Naan was inedible. Refund demanded!,1,2026-05-23T18:08:04.930309
REV-002657,ORD-20260520-960301,CUST-10650,REST-DEL-002,Hands down the best Malai Kofta I've ever had! Masala Chai  Lamb Rogan Josh  Malai Kofta  Chicken Biryani  and Naan were all prepared beautifully. Fresh and flavorful!,5,2026-05-23T18:36:58.930309
REV-002658,ORD-20260520-420562,CUST-10599,REST-BLR-001,Incredible meal! Gulab Jamun (2 pcs)  Masala Chai  Chicken Biryani  Mango Lassi  and Samosa (2 pcs) arrived hot and fresh. The Mango Lassi was absolutely divine. Highly satisfied!,5,2026-05-23T19:21:19.930309
REV-002618,ORD-20260517-526720,CUST-10686,REST-MUM-002,Absolutely amazing Jeera Rice! The Jeera Rice was cooked to perfection. Fresh ingredients and authentic flavors. Highly recommend!,5,2026-05-23T20:03:28.930309
REV-002662,ORD-20260520-479835,CUST-10360,REST-DEL-001,Not good. Fresh Lime Soda  Jeera Rice  and Butter Naan arrived late and cold. Butter Naan had barely any flavor. Poor quality.,2,2026-05-23T20:43:55.930309
REV-002696,ORD-20260522-854942,CUST-10967,REST-DEL-001,Hands down the best Mango Lassi I've ever had! Rasmalai (2 pcs)  Paneer Butter Masala  Vegetable Biryani  and Mango Lassi were all prepared beautifully. Fresh and flavorful!,5,2026-05-23T21:05:36.930309
REV-002664,ORD-20260520-583729,CUST-10118,REST-BLR-001,Great food overall. Masala Chai  Tandoori Roti  Kulfi  Palak Paneer  and Sweet Lassi were tasty  especially the Masala Chai. Would order again!,4,2026-05-23T22:18:12.930309
REV-002700,ORD-20260522-839916,CUST-10498,REST-DEL-001,Great food overall. Chicken Seekh Kebab  Butter Naan  Gajar Halwa  Samosa (2 pcs)  and Jeera Rice were tasty  especially the Butter Naan. Would order again!,4,2026-05-23T22:43:55.930309
REV-002620,ORD-20260518-465536,CUST-10515,REST-MUM-002,Exceptional quality! Ordered Sweet Lassi  Masala Chai  Malai Kofta  and Gulab Jamun (2 pcs) and everything was delicious. The Malai Kofta melted in my mouth. Perfect!,5,2026-05-24T10:27:28.930309
REV-002669,ORD-20260521-802983,CUST-10604,REST-BLR-001,Pleasant meal! Masala Chai and Butter Naan arrived warm. Masala Chai was tasty though not exceptional. Would order again.,4,2026-05-24T10:48:34.930309
REV-002621,ORD-20260518-570511,CUST-10354,REST-DEL-001,Solid experience. Naan  Chicken 65  Gulab Jamun (2 pcs)  and Aloo Tikki Chaat were well-prepared. Aloo Tikki Chaat had great flavor. Minor issues with packaging.,4,2026-05-24T11:07:24.930309
REV-002610,ORD-20260517-489137,CUST-10179,REST-DEL-001,Incredible meal! Dal Makhani and Sweet Lassi arrived hot and fresh. The Dal Makhani was absolutely divine. Highly satisfied!,5,2026-05-24T12:11:17.930309
REV-002674,ORD-20260521-886136,CUST-10507,REST-MUM-002,Absolutely amazing Fish Curry! The Fish Curry was cooked to perfection. Fresh ingredients and authentic flavors. Highly recommend!,5,2026-05-24T12:39:01.930309
REV-002703,ORD-20260523-876692,CUST-10620,REST-MUM-001,Absolutely amazing Naan! The Naan was cooked to perfection. Fresh ingredients and authentic flavors. Highly recommend!,5,2026-05-24T12:40:37.930309
REV-002675,ORD-20260521-719327,CUST-10794,REST-MUM-001,Absolutely amazing Mango Lassi  Gulab Jamun (2 pcs)  Fresh Lime Soda  and Lamb Rogan Josh! The Mango Lassi was cooked to perfection. Fresh ingredients and authentic flavors. Highly recommend!,5,2026-05-24T13:22:29.930309
REV-002676,ORD-20260521-422623,CUST-10303,REST-DEL-002,Good quality food. Fresh Lime Soda  Vegetable Biryani  and Chicken Biryani were nicely done. Fresh Lime Soda could have been slightly spicier but still good!,4,2026-05-24T13:35:32.930309
REV-002709,ORD-20260523-434282,CUST-10011,REST-DEL-001,Decent food but nothing special. Garlic Naan  Chicken 65  and Aloo Tikki Chaat were okay. Chicken 65 lacked the punch I expected.,3,2026-05-24T15:55:47.930309
REV-002630,ORD-20260518-290172,CUST-10675,REST-MUM-001,Absolutely amazing Butter Chicken  Fish Curry  Jeera Rice  and Chicken 65! The Butter Chicken was cooked to perfection. Fresh ingredients and authentic flavors. Highly recommend!,5,2026-05-24T16:45:47.930309
REV-002677,ORD-20260521-111948,CUST-10471,REST-DEL-002,Not bad  not great. Lamb Rogan Josh were edible. Lamb Rogan Josh needed more seasoning.,3,2026-05-24T16:46:18.930309
REV-002710,ORD-20260523-176560,CUST-10690,REST-MUM-002,Best Indian food in UAE! Chicken 65  Chole Bhature  and Lamb Rogan Josh were incredible. Lamb Rogan Josh had the perfect balance of spices. Five stars!,5,2026-05-24T17:37:58.930309
REV-002692,ORD-20260522-832125,CUST-10017,REST-MUM-002,Best Indian food in UAE! Palak Paneer  Dal Makhani  Jeera Rice  Rasmalai (2 pcs)  and Lamb Rogan Josh were incredible. Palak Paneer had the perfect balance of spices. Five stars!,5,2026-05-24T18:09:58.930309
REV-002693,ORD-20260522-259833,CUST-10983,REST-DEL-001,Perfect in every way! Chole Bhature were all excellent. Chole Bhature stood out with its rich  authentic taste.,5,2026-05-24T18:22:35.930309
REV-002711,ORD-20260523-571580,CUST-10694,REST-MUM-002,Incredible meal! Jeera Rice  Kulfi  and Butter Chicken arrived hot and fresh. The Butter Chicken was absolutely divine. Highly satisfied!,5,2026-05-24T18:32:00.930309
REV-002617,ORD-20260517-553758,CUST-10796,REST-DEL-002,Exceptional quality! Ordered Jeera Rice and Butter Chicken and everything was delicious. The Jeera Rice melted in my mouth. Perfect!,5,2026-05-24T19:25:54.930309
REV-002636,ORD-20260518-100886,CUST-10503,REST-MUM-002,Great food overall. Fresh Lime Soda  Dal Makhani  and Butter Naan were tasty  especially the Dal Makhani. Would order again!,4,2026-05-24T20:09:07.930309
REV-002713,ORD-20260523-323607,CUST-10898,REST-BLR-001,Good quality food. Fresh Lime Soda  Dal Makhani  Chicken Tikka Masala  Naan  and Palak Paneer were nicely done. Naan could have been slightly spicier but still good!,4,2026-05-24T20:55:14.930309
REV-002697,ORD-20260522-396474,CUST-10370,REST-DEL-001,Not bad  not great. Gulab Jamun (2 pcs)  Mango Lassi  and Rasmalai (2 pcs) were edible. Rasmalai (2 pcs) needed more seasoning.,3,2026-05-24T21:15:34.930309
REV-002719,ORD-20260523-662577,CUST-10205,REST-MUM-002,Outstanding experience! The Masala Chai  Vegetable Biryani  Paneer Butter Masala  Mango Lassi  and Naan exceeded all expectations. Naan was the star of the meal. Will definitely order again!,5,2026-05-24T22:53:16.930309
REV-002667,ORD-20260521-640225,CUST-10938,REST-DEL-001,Mediocre. Gajar Halwa  Chicken Seekh Kebab  and Mango Lassi were fine but forgettable. Chicken Seekh Kebab didn't stand out.,3,2026-05-25T10:20:00.930309
REV-002670,ORD-20260521-256503,CUST-10883,REST-DEL-001,Best Indian food in UAE! Mango Lassi  Fish Curry  Jeera Rice  and Gulab Jamun (2 pcs) were incredible. Fish Curry had the perfect balance of spices. Five stars!,5,2026-05-25T10:54:15.930309
REV-002672,ORD-20260521-978624,CUST-10649,REST-MUM-001,Expected better. Rasmalai (2 pcs) and Masala Chai were subpar. Rasmalai (2 pcs) was too oily and greasy. Stomach upset followed.,2,2026-05-25T11:23:12.930309
REV-002684,ORD-20260522-482054,CUST-10519,REST-MUM-002,Solid experience. Chicken Tikka Masala  Chicken 65  Kulfi  Fresh Lime Soda  and Sweet Lassi were well-prepared. Chicken 65 had great flavor. Minor issues with packaging.,4,2026-05-25T11:42:49.930309
REV-002686,ORD-20260522-650262,CUST-10669,REST-BLR-001,Hands down the best Paneer Butter Masala I've ever had! Paneer Butter Masala were all prepared beautifully. Fresh and flavorful!,5,2026-05-25T11:57:53.930309
REV-002624,ORD-20260518-613450,CUST-10200,REST-BLR-001,Exceptional quality! Ordered Paneer Butter Masala and everything was delicious. The Paneer Butter Masala melted in my mouth. Perfect!,5,2026-05-25T12:33:38.930309
REV-002640,ORD-20260519-913752,CUST-10299,REST-DEL-002,Absolutely horrible! Chicken Seekh Kebab  Dal Makhani  Lamb Rogan Josh  Fresh Lime Soda  and Gulab Jamun (2 pcs) arrived ice cold after 2 hour delay. Chicken Seekh Kebab was spoiled. Disgusting!,1,2026-05-25T13:33:16.930309
REV-002654,ORD-20260520-720890,CUST-10312,REST-MUM-001,Outstanding experience! The Naan and Chicken Biryani exceeded all expectations. Naan was the star of the meal. Will definitely order again!,5,2026-05-25T13:49:37.930309
REV-002642,ORD-20260519-567971,CUST-10945,REST-DEL-002,Wow! Just wow! Naan  Rasmalai (2 pcs)  Chicken 65  Lamb Rogan Josh  and Chicken Seekh Kebab were all fantastic. Rasmalai (2 pcs) was particularly memorable. Can't wait to order again!,5,2026-05-25T15:08:38.930309
REV-002730,ORD-20260524-621444,CUST-10452,REST-DEL-001,Enjoyed the Vegetable Biryani and Sweet Lassi! Sweet Lassi was very good. Portion sizes were generous. Recommend!,4,2026-05-25T16:13:28.930309
REV-002734,ORD-20260524-929435,CUST-10336,REST-DEL-001,Best Indian food in UAE! Lamb Rogan Josh  Malai Kofta  Garlic Naan  Paneer Tikka  and Masala Chai were incredible. Paneer Tikka had the perfect balance of spices. Five stars!,5,2026-05-25T18:00:59.930309
REV-002659,ORD-20260520-797941,CUST-10856,REST-DEL-002,Very satisfied! Chicken 65  Masala Chai  Gulab Jamun (2 pcs)  Chicken Biryani  and Butter Chicken were fresh and flavorful. Butter Chicken was the standout dish.,4,2026-05-25T19:38:04.930309
REV-002645,ORD-20260519-721740,CUST-10511,REST-MUM-001,Very satisfied! Aloo Tikki Chaat  Lamb Rogan Josh  and Paneer Butter Masala were fresh and flavorful. Paneer Butter Masala was the standout dish.,4,2026-05-25T19:50:25.930309
REV-002740,ORD-20260524-376989,CUST-10006,REST-DEL-002,Absolutely amazing Garlic Naan  Dal Makhani  Chole Bhature  Lamb Rogan Josh  and Fish Curry! The Dal Makhani was cooked to perfection. Fresh ingredients and authentic flavors. Highly recommend!,5,2026-05-25T21:06:14.930309
REV-002714,ORD-20260523-839220,CUST-10477,REST-MUM-002,Decent food but nothing special. Paneer Butter Masala  Fish Curry  and Naan were okay. Naan lacked the punch I expected.,3,2026-05-25T21:15:41.930309
REV-002716,ORD-20260523-920401,CUST-10146,REST-MUM-001,Great food overall. Paneer Tikka  Vegetable Biryani  Aloo Tikki Chaat  Sweet Lassi  and Gajar Halwa were tasty  especially the Paneer Tikka. Would order again!,4,2026-05-25T21:24:18.930309
REV-002742,ORD-20260524-721884,CUST-10835,REST-BLR-001,Wow! Just wow! Chicken Biryani  Tandoori Roti  Butter Naan  Dal Makhani  and Aloo Tikki Chaat were all fantastic. Tandoori Roti was particularly memorable. Can't wait to order again!,5,2026-05-25T22:38:42.930309
REV-002665,ORD-20260520-665921,CUST-10444,REST-MUM-002,Absolutely amazing Jeera Rice and Dal Makhani! The Jeera Rice was cooked to perfection. Fresh ingredients and authentic flavors. Highly recommend!,5,2026-05-25T22:50:07.930309
REV-002722,ORD-20260524-542613,CUST-10117,REST-BLR-001,Best Indian food in UAE! Garlic Naan and Naan were incredible. Naan had the perfect balance of spices. Five stars!,5,2026-05-26T11:34:55.930309
REV-002745,ORD-20260525-214045,CUST-10860,REST-DEL-002,Absolutely amazing Gulab Jamun (2 pcs)  Garlic Naan  Mango Lassi  and Lamb Rogan Josh! The Mango Lassi was cooked to perfection. Fresh ingredients and authentic flavors. Highly recommend!,5,2026-05-26T12:26:52.930309
REV-002746,ORD-20260525-559313,CUST-10077,REST-BLR-001,Disaster! Butter Chicken  Sweet Lassi  and Gajar Halwa were all stale. Butter Chicken had a weird smell. Completely unacceptable!,1,2026-05-26T12:39:50.930309
REV-002724,ORD-20260524-917243,CUST-10251,REST-DEL-001,Exceptional quality! Ordered Malai Kofta  Fish Curry  Mango Lassi  and Aloo Tikki Chaat and everything was delicious. The Malai Kofta melted in my mouth. Perfect!,5,2026-05-26T13:19:30.930309
REV-002706,ORD-20260523-690435,CUST-10669,REST-MUM-002,Good quality food. Mango Lassi  Palak Paneer  Fresh Lime Soda  Chole Bhature  and Garlic Naan were nicely done. Garlic Naan could have been slightly spicier but still good!,4,2026-05-26T14:52:12.930309
REV-002643,ORD-20260519-135833,CUST-10712,REST-MUM-001,Exceptional quality! Ordered Paneer Tikka  Chicken Tikka Masala  Malai Kofta  and Gulab Jamun (2 pcs) and everything was delicious. The Gulab Jamun (2 pcs) melted in my mouth. Perfect!,5,2026-05-26T15:29:33.930309
REV-002731,ORD-20260524-955390,CUST-10132,REST-MUM-002,Perfect in every way! Palak Paneer  Mango Lassi  and Lamb Rogan Josh were all excellent. Lamb Rogan Josh stood out with its rich  authentic taste.,5,2026-05-26T16:31:25.930309
REV-002732,ORD-20260524-881197,CUST-10208,REST-BLR-001,Perfect in every way! Garlic Naan and Dal Makhani were all excellent. Dal Makhani stood out with its rich  authentic taste.,5,2026-05-26T16:36:16.930309
REV-002689,ORD-20260522-882527,CUST-10148,REST-MUM-002,Great food overall. Chicken 65 were tasty  especially the Chicken 65. Would order again!,4,2026-05-26T16:38:24.930309
REV-002750,ORD-20260525-344617,CUST-10947,REST-MUM-001,Absolutely amazing Butter Chicken  Rasmalai (2 pcs)  Fish Curry  Chole Bhature  and Kulfi! The Rasmalai (2 pcs) was cooked to perfection. Fresh ingredients and authentic flavors. Highly recommend!,5,2026-05-26T16:46:29.930309
REV-002647,ORD-20260519-335254,CUST-10747,REST-BLR-001,Hands down the best Chicken Tikka Masala I've ever had! Chole Bhature  Masala Chai  and Chicken Tikka Masala were all prepared beautifully. Fresh and flavorful!,5,2026-05-26T20:26:22.930309
REV-002661,ORD-20260520-402981,CUST-10997,REST-DEL-001,Average experience. Chole Bhature were fine but Chole Bhature was a bit bland. Room for improvement.,3,2026-05-26T20:36:20.930309
REV-002715,ORD-20260523-255936,CUST-10798,REST-MUM-001,Perfect in every way! Rasmalai (2 pcs)  Lamb Rogan Josh  Chicken Tikka Masala  and Paneer Butter Masala were all excellent. Paneer Butter Masala stood out with its rich  authentic taste.,5,2026-05-26T21:22:39.930309
REV-002681,ORD-20260521-284833,CUST-10374,REST-DEL-001,Wow! Just wow! Masala Chai  Tandoori Roti  Samosa (2 pcs)  and Paneer Butter Masala were all fantastic. Paneer Butter Masala was particularly memorable. Can't wait to order again!,5,2026-05-26T21:28:22.930309
REV-002648,ORD-20260519-403314,CUST-10496,REST-DEL-002,Not bad  not great. Gulab Jamun (2 pcs)  Gajar Halwa  and Masala Chai were edible. Gajar Halwa needed more seasoning.,3,2026-05-26T22:08:42.930309
REV-002718,ORD-20260523-140901,CUST-10667,REST-BLR-001,Outstanding experience! The Chole Bhature  Mango Lassi  Naan  and Butter Chicken exceeded all expectations. Butter Chicken was the star of the meal. Will definitely order again!,5,2026-05-26T22:32:14.930309
REV-002650,ORD-20260520-224912,CUST-10481,REST-DEL-001,Solid experience. Lamb Rogan Josh were well-prepared. Lamb Rogan Josh had great flavor. Minor issues with packaging.,4,2026-05-27T10:06:08.930309
REV-002651,ORD-20260520-900474,CUST-10175,REST-MUM-001,Exceptional quality! Ordered Chicken Biryani and Lamb Rogan Josh and everything was delicious. The Lamb Rogan Josh melted in my mouth. Perfect!,5,2026-05-27T11:32:30.930309
REV-002685,ORD-20260522-958813,CUST-10065,REST-MUM-001,Outstanding experience! The Chole Bhature exceeded all expectations. Chole Bhature was the star of the meal. Will definitely order again!,5,2026-05-27T11:43:06.930309
REV-002652,ORD-20260520-212957,CUST-10713,REST-BLR-001,Hands down the best Dal Makhani I've ever had! Dal Makhani and Malai Kofta were all prepared beautifully. Fresh and flavorful!,5,2026-05-27T11:48:32.930309
REV-002753,ORD-20260526-356286,CUST-10137,REST-DEL-002,Best Indian food in UAE! Fish Curry were incredible. Fish Curry had the perfect balance of spices. Five stars!,5,2026-05-27T12:05:37.930309
REV-002754,ORD-20260526-695677,CUST-10660,REST-MUM-002,Good quality food. Butter Naan  Chicken 65  Aloo Tikki Chaat  Garlic Naan  and Palak Paneer were nicely done. Palak Paneer could have been slightly spicier but still good!,4,2026-05-27T12:21:10.930309
REV-002723,ORD-20260524-329178,CUST-10713,REST-MUM-002,Hands down the best Chole Bhature I've ever had! Chole Bhature  Butter Naan  and Naan were all prepared beautifully. Fresh and flavorful!,5,2026-05-27T12:34:33.930309
REV-002725,ORD-20260524-528850,CUST-10986,REST-BLR-001,Decent food but nothing special. Fresh Lime Soda and Fish Curry were okay. Fish Curry lacked the punch I expected.,3,2026-05-27T13:38:37.930309
REV-002727,ORD-20260524-156506,CUST-10125,REST-DEL-002,Great food overall. Paneer Butter Masala  Chicken Seekh Kebab  Vegetable Biryani  and Rasmalai (2 pcs) were tasty  especially the Chicken Seekh Kebab. Would order again!,4,2026-05-27T15:00:48.930309
REV-002707,ORD-20260523-201394,CUST-10386,REST-DEL-001,Disappointed with Chicken Tikka Masala. Chicken Tikka Masala was cold when it arrived. Not worth the money.,2,2026-05-27T15:09:35.930309
REV-002679,ORD-20260521-990329,CUST-10034,REST-MUM-001,Perfect in every way! Garlic Naan and Naan were all excellent. Garlic Naan stood out with its rich  authentic taste.,5,2026-05-27T18:21:26.930309
REV-002764,ORD-20260526-851346,CUST-10328,REST-MUM-001,Pleasant meal! Chicken Biryani  Paneer Butter Masala  Samosa (2 pcs)  and Gajar Halwa arrived warm. Chicken Biryani was tasty though not exceptional. Would order again.,4,2026-05-27T19:12:44.930309
REV-002737,ORD-20260524-486508,CUST-10086,REST-DEL-002,Not bad  not great. Butter Chicken  Fish Curry  Chicken 65  Butter Naan  and Paneer Tikka were edible. Paneer Tikka needed more seasoning.,3,2026-05-27T19:56:26.930309
REV-002660,ORD-20260520-109010,CUST-10630,REST-MUM-001,Incredible meal! Chole Bhature  Palak Paneer  Chicken 65  Rasmalai (2 pcs)  and Vegetable Biryani arrived hot and fresh. The Palak Paneer was absolutely divine. Highly satisfied!,5,2026-05-27T20:20:30.930309
REV-002663,ORD-20260520-647804,CUST-10518,REST-MUM-001,Outstanding experience! The Masala Chai  Paneer Butter Masala  Garlic Naan  and Chicken Biryani exceeded all expectations. Chicken Biryani was the star of the meal. Will definitely order again!,5,2026-05-27T20:48:21.930309
REV-002699,ORD-20260522-458649,CUST-10603,REST-MUM-002,Wow! Just wow! Aloo Tikki Chaat and Samosa (2 pcs) were all fantastic. Aloo Tikki Chaat was particularly memorable. Can't wait to order again!,5,2026-05-27T22:14:31.930309
REV-002702,ORD-20260523-446411,CUST-10958,REST-BLR-001,Best Indian food in UAE! Samosa (2 pcs) and Jeera Rice were incredible. Jeera Rice had the perfect balance of spices. Five stars!,5,2026-05-28T10:16:39.930309
REV-002774,ORD-20260527-562427,CUST-10991,REST-MUM-002,Wow! Just wow! Vegetable Biryani and Chicken 65 were all fantastic. Chicken 65 was particularly memorable. Can't wait to order again!,5,2026-05-28T10:29:15.930309
REV-002720,ORD-20260524-644148,CUST-10229,REST-MUM-002,Really good Chole Bhature! The Chole Bhature was delicious. Slight delay in delivery but food quality made up for it.,4,2026-05-28T10:49:14.930309
REV-002777,ORD-20260527-332170,CUST-10058,REST-MUM-002,Decent food but nothing special. Fresh Lime Soda  Dal Makhani  Butter Chicken  and Samosa (2 pcs) were okay. Butter Chicken lacked the punch I expected.,3,2026-05-28T13:25:01.930309
REV-002778,ORD-20260527-510509,CUST-10976,REST-BLR-001,Not good. Gulab Jamun (2 pcs)  Naan  Vegetable Biryani  and Chicken 65 arrived late and cold. Naan had barely any flavor. Poor quality.,2,2026-05-28T14:06:30.930309
REV-002688,ORD-20260522-766700,CUST-10641,REST-MUM-002,It was okay. Kulfi  Naan  Fish Curry  Chicken 65  and Paneer Butter Masala arrived lukewarm. Kulfi tasted fine but could be better.,3,2026-05-28T14:46:46.930309
REV-002708,ORD-20260523-414931,CUST-10229,REST-MUM-002,Perfect in every way! Kulfi were all excellent. Kulfi stood out with its rich  authentic taste.,5,2026-05-28T15:27:14.930309
REV-002729,ORD-20260524-974865,CUST-10186,REST-BLR-001,Mixed feelings. Naan and Sweet Lassi were acceptable. Sweet Lassi was decent but portion was small for the price.,3,2026-05-28T15:56:17.930309
REV-002690,ORD-20260522-250072,CUST-10591,REST-MUM-001,Best Indian food in UAE! Samosa (2 pcs) were incredible. Samosa (2 pcs) had the perfect balance of spices. Five stars!,5,2026-05-28T16:40:47.930309
REV-002733,ORD-20260524-154030,CUST-10246,REST-MUM-001,Perfect in every way! Garlic Naan  Rasmalai (2 pcs)  Paneer Butter Masala  and Chicken 65 were all excellent. Garlic Naan stood out with its rich  authentic taste.,5,2026-05-28T17:08:22.930309
REV-002735,ORD-20260524-652750,CUST-10084,REST-DEL-001,Mixed feelings. Masala Chai  Vegetable Biryani  Butter Naan  and Butter Chicken were acceptable. Masala Chai was decent but portion was small for the price.,3,2026-05-28T18:14:16.930309
REV-002694,ORD-20260522-814438,CUST-10799,REST-DEL-001,Not bad  not great. Malai Kofta  Garlic Naan  Vegetable Biryani  and Naan were edible. Garlic Naan needed more seasoning.,3,2026-05-28T19:23:39.930309
REV-002765,ORD-20260526-710337,CUST-10858,REST-DEL-002,Absolutely horrible! Palak Paneer  Tandoori Roti  and Chicken Tikka Masala arrived ice cold after 2 hour delay. Chicken Tikka Masala was spoiled. Disgusting!,1,2026-05-28T20:19:28.930309
REV-002698,ORD-20260522-881164,CUST-10083,REST-MUM-001,Mediocre. Chicken 65 and Chicken Seekh Kebab were fine but forgettable. Chicken 65 didn't stand out.,3,2026-05-28T21:32:55.930309
REV-002769,ORD-20260526-459247,CUST-10337,REST-BLR-001,Pleasant meal! Gajar Halwa  Fresh Lime Soda  Chicken Biryani  Fish Curry  and Palak Paneer arrived warm. Gajar Halwa was tasty though not exceptional. Would order again.,4,2026-05-28T21:42:50.930309
REV-002770,ORD-20260526-536832,CUST-10305,REST-MUM-001,Shocking! Rasmalai (2 pcs)  Butter Chicken  Dal Makhani  Palak Paneer  and Chicken Seekh Kebab bore no resemblance to the menu description. Palak Paneer was inedible. Refund demanded!,1,2026-05-28T22:19:34.930309
REV-002682,ORD-20260521-936589,CUST-10211,REST-MUM-002,Really good Lamb Rogan Josh! The Lamb Rogan Josh was delicious. Slight delay in delivery but food quality made up for it.,4,2026-05-28T22:22:41.930309
REV-002741,ORD-20260524-484145,CUST-10749,REST-MUM-002,Very satisfied! Sweet Lassi  Lamb Rogan Josh  Butter Chicken  and Samosa (2 pcs) were fresh and flavorful. Lamb Rogan Josh was the standout dish.,4,2026-05-28T22:24:59.930309
REV-002743,ORD-20260524-318656,CUST-10208,REST-MUM-002,Hands down the best Garlic Naan I've ever had! Garlic Naan were all prepared beautifully. Fresh and flavorful!,5,2026-05-28T22:41:27.930309
REV-002744,ORD-20260525-157722,CUST-10397,REST-MUM-001,Perfect in every way! Chicken Biryani were all excellent. Chicken Biryani stood out with its rich  authentic taste.,5,2026-05-29T11:16:21.930309
REV-002704,ORD-20260523-632152,CUST-10994,REST-MUM-001,Outstanding experience! The Sweet Lassi  Tandoori Roti  Dal Makhani  and Butter Chicken exceeded all expectations. Dal Makhani was the star of the meal. Will definitely order again!,5,2026-05-29T13:18:36.930309
REV-002687,ORD-20260522-776808,CUST-10833,REST-BLR-001,Good quality food. Kulfi  Chicken Seekh Kebab  and Butter Chicken were nicely done. Kulfi could have been slightly spicier but still good!,4,2026-05-29T13:54:31.930309
REV-002705,ORD-20260523-958800,CUST-10661,REST-BLR-001,Pleasant meal! Chole Bhature  Chicken Tikka Masala  and Rasmalai (2 pcs) arrived warm. Rasmalai (2 pcs) was tasty though not exceptional. Would order again.,4,2026-05-29T14:18:47.930309
REV-002749,ORD-20260525-808603,CUST-10837,REST-BLR-001,Not good. Gulab Jamun (2 pcs)  Palak Paneer  and Fresh Lime Soda arrived late and cold. Fresh Lime Soda had barely any flavor. Poor quality.,2,2026-05-29T15:30:40.930309
REV-002779,ORD-20260527-850269,CUST-10805,REST-DEL-002,Shocking! Butter Chicken bore no resemblance to the menu description. Butter Chicken was inedible. Refund demanded!,1,2026-05-29T16:18:16.930309
REV-002800,ORD-20260528-929060,CUST-10465,REST-BLR-001,Wow! Just wow! Gajar Halwa were all fantastic. Gajar Halwa was particularly memorable. Can't wait to order again!,5,2026-05-29T18:16:33.930309
REV-002783,ORD-20260527-648905,CUST-10838,REST-DEL-002,Very satisfied! Aloo Tikki Chaat and Dal Makhani were fresh and flavorful. Dal Makhani was the standout dish.,4,2026-05-29T18:17:27.930309
REV-002784,ORD-20260527-396333,CUST-10083,REST-MUM-002,Incredible meal! Kulfi  Chicken Tikka Masala  Gajar Halwa  and Chicken Biryani arrived hot and fresh. The Gajar Halwa was absolutely divine. Highly satisfied!,5,2026-05-29T18:25:17.930309
REV-002738,ORD-20260524-675798,CUST-10378,REST-DEL-002,Wow! Just wow! Gulab Jamun (2 pcs) and Masala Chai were all fantastic. Gulab Jamun (2 pcs) was particularly memorable. Can't wait to order again!,5,2026-05-29T19:58:17.930309
REV-002695,ORD-20260522-421679,CUST-10832,REST-BLR-001,Perfect in every way! Masala Chai were all excellent. Masala Chai stood out with its rich  authentic taste.,5,2026-05-29T20:24:52.930309
REV-002712,ORD-20260523-841252,CUST-10621,REST-MUM-002,Outstanding experience! The Mango Lassi  Palak Paneer  and Malai Kofta exceeded all expectations. Mango Lassi was the star of the meal. Will definitely order again!,5,2026-05-29T20:37:46.930309
REV-002790,ORD-20260527-606606,CUST-10509,REST-DEL-002,Exceptional quality! Ordered Rasmalai (2 pcs) and Chicken Biryani and everything was delicious. The Chicken Biryani melted in my mouth. Perfect!,5,2026-05-29T21:48:57.930309
REV-002803,ORD-20260528-210194,CUST-10414,REST-DEL-002,Very satisfied! Malai Kofta were fresh and flavorful. Malai Kofta was the standout dish.,4,2026-05-29T22:03:38.930309
REV-002701,ORD-20260522-272720,CUST-10031,REST-DEL-001,Outstanding experience! The Vegetable Biryani  Masala Chai  Malai Kofta  and Chicken Seekh Kebab exceeded all expectations. Chicken Seekh Kebab was the star of the meal. Will definitely order again!,5,2026-05-29T22:54:02.930309
REV-002721,ORD-20260524-744720,CUST-10771,REST-BLR-001,Perfect in every way! Masala Chai  Mango Lassi  Jeera Rice  Naan  and Chicken Seekh Kebab were all excellent. Mango Lassi stood out with its rich  authentic taste.,5,2026-05-30T10:54:27.930309
REV-002795,ORD-20260528-483186,CUST-10419,REST-DEL-002,Below expectations. Garlic Naan were underwhelming. Garlic Naan was overcooked and dry.,2,2026-05-30T12:43:48.930309
REV-002811,ORD-20260529-873860,CUST-10216,REST-BLR-001,Worst food ever! Butter Naan  Mango Lassi  Paneer Tikka  and Gajar Halwa were all wrong. Mango Lassi made me sick. Never ordering again!,1,2026-05-30T15:09:18.930309
REV-002751,ORD-20260525-937766,CUST-10434,REST-DEL-001,Solid experience. Sweet Lassi  Kulfi  Aloo Tikki Chaat  and Butter Chicken were well-prepared. Sweet Lassi had great flavor. Minor issues with packaging.,4,2026-05-30T16:55:36.930309
REV-002781,ORD-20260527-857733,CUST-10881,REST-DEL-001,Decent food but nothing special. Dal Makhani  Butter Chicken  Lamb Rogan Josh  and Mango Lassi were okay. Lamb Rogan Josh lacked the punch I expected.,3,2026-05-30T17:15:07.930309
REV-002799,ORD-20260528-813817,CUST-10707,REST-DEL-001,Solid experience. Dal Makhani were well-prepared. Dal Makhani had great flavor. Minor issues with packaging.,4,2026-05-30T17:51:15.930309
REV-002763,ORD-20260526-312425,CUST-10307,REST-BLR-001,Perfect in every way! Vegetable Biryani  Samosa (2 pcs)  Chicken Biryani  and Chicken Seekh Kebab were all excellent. Chicken Seekh Kebab stood out with its rich  authentic taste.,5,2026-05-30T18:32:34.930309
REV-002785,ORD-20260527-527290,CUST-10504,REST-MUM-001,Absolutely amazing Fresh Lime Soda  Rasmalai (2 pcs)  Aloo Tikki Chaat  Palak Paneer  and Malai Kofta! The Rasmalai (2 pcs) was cooked to perfection. Fresh ingredients and authentic flavors. Highly recommend!,5,2026-05-30T18:45:52.930309
REV-002816,ORD-20260529-932711,CUST-10763,REST-MUM-001,Disappointed with Aloo Tikki Chaat  Malai Kofta  Butter Chicken  and Tandoori Roti. Malai Kofta was cold when it arrived. Not worth the money.,2,2026-05-30T18:46:36.930309
REV-002788,ORD-20260527-998111,CUST-10401,REST-DEL-001,Outstanding experience! The Fish Curry  Chole Bhature  Fresh Lime Soda  Masala Chai  and Mango Lassi exceeded all expectations. Chole Bhature was the star of the meal. Will definitely order again!,5,2026-05-30T20:29:44.930309
REV-002766,ORD-20260526-264821,CUST-10141,REST-MUM-001,Perfect in every way! Kulfi were all excellent. Kulfi stood out with its rich  authentic taste.,5,2026-05-30T20:33:40.930309
REV-002739,ORD-20260524-253031,CUST-10898,REST-DEL-002,Unsatisfactory. Vegetable Biryani  Butter Naan  Chole Bhature  and Dal Makhani were not fresh. Butter Naan tasted reheated. Won't order again.,2,2026-05-30T20:47:23.930309
REV-002789,ORD-20260527-441196,CUST-10669,REST-DEL-001,Perfect in every way! Vegetable Biryani were all excellent. Vegetable Biryani stood out with its rich  authentic taste.,5,2026-05-30T20:57:21.930309
REV-002818,ORD-20260529-428287,CUST-10990,REST-BLR-001,Shocking! Mango Lassi  Palak Paneer  Chicken Seekh Kebab  and Chicken Tikka Masala bore no resemblance to the menu description. Mango Lassi was inedible. Refund demanded!,1,2026-05-30T21:15:47.930309
REV-002768,ORD-20260526-652602,CUST-10610,REST-DEL-001,Good quality food. Samosa (2 pcs) and Garlic Naan were nicely done. Samosa (2 pcs) could have been slightly spicier but still good!,4,2026-05-30T21:18:33.930309
REV-002819,ORD-20260529-739256,CUST-10247,REST-DEL-002,Expected better. Naan and Chicken Biryani were subpar. Naan was too oily and greasy. Stomach upset followed.,2,2026-05-30T21:28:09.930309
REV-002717,ORD-20260523-714133,CUST-10907,REST-BLR-001,Disappointed with Palak Paneer  Malai Kofta  Paneer Butter Masala  and Gulab Jamun (2 pcs). Gulab Jamun (2 pcs) was cold when it arrived. Not worth the money.,2,2026-05-30T22:18:44.930309
REV-002775,ORD-20260527-635419,CUST-10510,REST-BLR-001,Really good Chicken Seekh Kebab! The Chicken Seekh Kebab was delicious. Slight delay in delivery but food quality made up for it.,4,2026-05-31T11:02:29.930309
REV-002806,ORD-20260529-659757,CUST-10177,REST-MUM-001,Really good Lamb Rogan Josh and Sweet Lassi! The Sweet Lassi was delicious. Slight delay in delivery but food quality made up for it.,4,2026-05-31T11:46:46.930309
REV-002794,ORD-20260528-830791,CUST-10148,REST-MUM-001,Great food overall. Rasmalai (2 pcs)  Jeera Rice  and Gajar Halwa were tasty  especially the Rasmalai (2 pcs). Would order again!,4,2026-05-31T12:01:42.930309
REV-002726,ORD-20260524-405590,CUST-10353,REST-MUM-001,Enjoyed the Lamb Rogan Josh  Paneer Butter Masala  and Tandoori Roti! Lamb Rogan Josh was very good. Portion sizes were generous. Recommend!,4,2026-05-31T14:14:07.930309
REV-002809,ORD-20260529-440006,CUST-10297,REST-MUM-001,Incredible meal! Fish Curry  Vegetable Biryani  and Butter Chicken arrived hot and fresh. The Fish Curry was absolutely divine. Highly satisfied!,5,2026-05-31T14:21:02.930309
REV-002756,ORD-20260526-611441,CUST-10674,REST-BLR-001,Great food overall. Fish Curry were tasty  especially the Fish Curry. Would order again!,4,2026-05-31T14:39:47.930309
REV-002810,ORD-20260529-851879,CUST-10482,REST-DEL-002,Outstanding experience! The Butter Chicken  Rasmalai (2 pcs)  Paneer Tikka  Fresh Lime Soda  and Gajar Halwa exceeded all expectations. Butter Chicken was the star of the meal. Will definitely order again!,5,2026-05-31T14:56:50.930309
REV-002728,ORD-20260524-207419,CUST-10528,REST-DEL-002,Pleasant meal! Paneer Tikka arrived warm. Paneer Tikka was tasty though not exceptional. Would order again.,4,2026-05-31T15:15:51.930309
REV-002813,ORD-20260529-811877,CUST-10895,REST-MUM-002,Worst food ever! Sweet Lassi and Rasmalai (2 pcs) were all wrong. Sweet Lassi made me sick. Never ordering again!,1,2026-05-31T16:31:17.930309
REV-002833,ORD-20260530-910797,CUST-10211,REST-BLR-001,Absolutely amazing Samosa (2 pcs)! The Samosa (2 pcs) was cooked to perfection. Fresh ingredients and authentic flavors. Highly recommend!,5,2026-05-31T16:36:38.930309
REV-002815,ORD-20260529-528509,CUST-10464,REST-MUM-001,Absolutely amazing Gulab Jamun (2 pcs) and Paneer Butter Masala! The Gulab Jamun (2 pcs) was cooked to perfection. Fresh ingredients and authentic flavors. Highly recommend!,5,2026-05-31T16:50:20.930309
REV-002834,ORD-20260530-876438,CUST-10492,REST-MUM-002,Decent food but nothing special. Chicken Seekh Kebab  Chicken Biryani  and Rasmalai (2 pcs) were okay. Chicken Biryani lacked the punch I expected.,3,2026-05-31T16:58:30.930309
REV-002780,ORD-20260527-807842,CUST-10688,REST-DEL-001,Perfect in every way! Chicken Tikka Masala were all excellent. Chicken Tikka Masala stood out with its rich  authentic taste.,5,2026-05-31T17:05:54.930309
REV-002762,ORD-20260526-991741,CUST-10314,REST-MUM-001,Enjoyed the Aloo Tikki Chaat  Chole Bhature  Fish Curry  Mango Lassi  and Malai Kofta! Aloo Tikki Chaat was very good. Portion sizes were generous. Recommend!,4,2026-05-31T17:46:24.930309
REV-002736,ORD-20260524-235927,CUST-10756,REST-DEL-001,Absolutely amazing Butter Naan  Chole Bhature  Chicken Tikka Masala  Lamb Rogan Josh  and Chicken Biryani! The Chicken Biryani was cooked to perfection. Fresh ingredients and authentic flavors. Highly recommend!,5,2026-05-31T18:33:00.930309
REV-002792,ORD-20260527-151170,CUST-10135,REST-DEL-001,Worst food ever! Chole Bhature  Butter Chicken  Aloo Tikki Chaat  and Mango Lassi were all wrong. Chole Bhature made me sick. Never ordering again!,1,2026-05-31T22:23:38.930309
REV-002772,ORD-20260526-129689,CUST-10206,REST-BLR-001,Very satisfied! Paneer Butter Masala  Tandoori Roti  and Butter Chicken were fresh and flavorful. Butter Chicken was the standout dish.,4,2026-05-31T22:48:12.930309
REV-002793,ORD-20260527-421788,CUST-10232,REST-BLR-001,Not bad  not great. Fresh Lime Soda  Masala Chai  Mango Lassi  and Sweet Lassi were edible. Sweet Lassi needed more seasoning.,3,2026-05-31T22:50:33.930309
REV-002822,ORD-20260530-434435,CUST-10594,REST-DEL-002,Absolutely amazing Fish Curry  Chicken Biryani  Gajar Halwa  Paneer Butter Masala  and Chicken Seekh Kebab! The Chicken Seekh Kebab was cooked to perfection. Fresh ingredients and authentic flavors. Highly recommend!,5,2026-06-01T10:07:09.930309
REV-002808,ORD-20260529-293869,CUST-10011,REST-BLR-001,Mediocre. Aloo Tikki Chaat  Naan  Paneer Butter Masala  Masala Chai  and Gajar Halwa were fine but forgettable. Masala Chai didn't stand out.,3,2026-06-01T12:03:57.930309
REV-002747,ORD-20260525-647349,CUST-10004,REST-MUM-002,Mixed feelings. Garlic Naan and Paneer Butter Masala were acceptable. Garlic Naan was decent but portion was small for the price.,3,2026-06-01T12:56:43.930309
REV-002755,ORD-20260526-729745,CUST-10084,REST-DEL-001,Incredible meal! Rasmalai (2 pcs) arrived hot and fresh. The Rasmalai (2 pcs) was absolutely divine. Highly satisfied!,5,2026-06-01T14:20:26.930309
REV-002796,ORD-20260528-854148,CUST-10405,REST-DEL-002,Wow! Just wow! Chole Bhature  Naan  and Samosa (2 pcs) were all fantastic. Samosa (2 pcs) was particularly memorable. Can't wait to order again!,5,2026-06-01T14:49:25.930309
REV-002748,ORD-20260525-863012,CUST-10218,REST-MUM-002,Hands down the best Rasmalai (2 pcs) I've ever had! Butter Chicken  Aloo Tikki Chaat  Rasmalai (2 pcs)  Gulab Jamun (2 pcs)  and Fresh Lime Soda were all prepared beautifully. Fresh and flavorful!,5,2026-06-01T15:03:04.930309
REV-002757,ORD-20260526-631402,CUST-10774,REST-DEL-001,Wow! Just wow! Tandoori Roti  Chole Bhature  Masala Chai  Naan  and Gajar Halwa were all fantastic. Gajar Halwa was particularly memorable. Can't wait to order again!,5,2026-06-01T15:04:21.930309
REV-002832,ORD-20260530-210631,CUST-10369,REST-DEL-002,Poor experience. Masala Chai were disappointing. Masala Chai was burnt on the edges. Very unhappy.,2,2026-06-01T15:21:40.930309
REV-002759,ORD-20260526-583296,CUST-10148,REST-DEL-001,Not bad  not great. Butter Naan  Samosa (2 pcs)  Gulab Jamun (2 pcs)  Fresh Lime Soda  and Vegetable Biryani were edible. Gulab Jamun (2 pcs) needed more seasoning.,3,2026-06-01T16:22:22.930309
REV-002760,ORD-20260526-924374,CUST-10525,REST-MUM-001,Solid experience. Chole Bhature  Paneer Tikka  Chicken 65  and Chicken Seekh Kebab were well-prepared. Chicken Seekh Kebab had great flavor. Minor issues with packaging.,4,2026-06-01T16:32:53.930309
REV-002857,ORD-20260531-525156,CUST-10471,REST-DEL-002,Pleasant meal! Chole Bhature  Rasmalai (2 pcs)  Malai Kofta  Chicken Seekh Kebab  and Palak Paneer arrived warm. Rasmalai (2 pcs) was tasty though not exceptional. Would order again.,4,2026-06-01T17:20:57.930309
REV-002858,ORD-20260531-226996,CUST-10782,REST-BLR-001,Wow! Just wow! Garlic Naan and Chicken Biryani were all fantastic. Chicken Biryani was particularly memorable. Can't wait to order again!,5,2026-06-01T18:29:05.930309
REV-002859,ORD-20260531-848015,CUST-10640,REST-DEL-001,Mediocre. Chicken 65 and Gajar Halwa were fine but forgettable. Gajar Halwa didn't stand out.,3,2026-06-01T18:29:15.930309
REV-002786,ORD-20260527-598205,CUST-10720,REST-DEL-001,Outstanding experience! The Gajar Halwa  Chicken Biryani  Mango Lassi  Chole Bhature  and Aloo Tikki Chaat exceeded all expectations. Mango Lassi was the star of the meal. Will definitely order again!,5,2026-06-01T18:56:12.930309
REV-002801,ORD-20260528-890136,CUST-10742,REST-MUM-001,Hands down the best Sweet Lassi I've ever had! Sweet Lassi were all prepared beautifully. Fresh and flavorful!,5,2026-06-01T20:19:13.930309
REV-002752,ORD-20260525-310725,CUST-10175,REST-MUM-001,Exceptional quality! Ordered Paneer Butter Masala and everything was delicious. The Paneer Butter Masala melted in my mouth. Perfect!,5,2026-06-01T22:07:20.930309
REV-002791,ORD-20260527-968450,CUST-10716,REST-BLR-001,Solid experience. Fish Curry  Vegetable Biryani  and Garlic Naan were well-prepared. Vegetable Biryani had great flavor. Minor issues with packaging.,4,2026-06-01T22:19:28.930309
REV-002771,ORD-20260526-153492,CUST-10807,REST-MUM-002,Exceptional quality! Ordered Chicken Tikka Masala and everything was delicious. The Chicken Tikka Masala melted in my mouth. Perfect!,5,2026-06-01T22:31:10.930309
REV-002807,ORD-20260529-424865,CUST-10878,REST-BLR-001,Great food overall. Vegetable Biryani were tasty  especially the Vegetable Biryani. Would order again!,4,2026-06-02T12:00:15.930309
REV-002831,ORD-20260530-847793,CUST-10779,REST-DEL-001,Not good. Garlic Naan  Vegetable Biryani  Fish Curry  and Jeera Rice arrived late and cold. Vegetable Biryani had barely any flavor. Poor quality.,2,2026-06-02T14:01:41.930309
REV-002856,ORD-20260531-789210,CUST-10384,REST-MUM-001,Not bad  not great. Lamb Rogan Josh and Tandoori Roti were edible. Lamb Rogan Josh needed more seasoning.,3,2026-06-02T15:39:35.930309
REV-002758,ORD-20260526-364696,CUST-10148,REST-MUM-002,Decent food but nothing special. Naan were okay. Naan lacked the punch I expected.,3,2026-06-02T16:22:19.930309
REV-002761,ORD-20260526-163377,CUST-10376,REST-MUM-001,Enjoyed the Rasmalai (2 pcs) and Fish Curry! Rasmalai (2 pcs) was very good. Portion sizes were generous. Recommend!,4,2026-06-02T16:48:40.930309
REV-002797,ORD-20260528-904788,CUST-10975,REST-MUM-002,Mediocre. Paneer Butter Masala  Dal Makhani  Chicken Biryani  Chole Bhature  and Paneer Tikka were fine but forgettable. Chicken Biryani didn't stand out.,3,2026-06-02T16:51:22.930309
REV-002798,ORD-20260528-483751,CUST-10995,REST-MUM-001,Solid experience. Gulab Jamun (2 pcs)  Gajar Halwa  and Butter Naan were well-prepared. Gajar Halwa had great flavor. Minor issues with packaging.,4,2026-06-02T16:57:46.930309
REV-002782,ORD-20260527-217174,CUST-10434,REST-MUM-002,Best Indian food in UAE! Dal Makhani and Aloo Tikki Chaat were incredible. Aloo Tikki Chaat had the perfect balance of spices. Five stars!,5,2026-06-02T17:47:27.930309
REV-002862,ORD-20260531-848150,CUST-10829,REST-DEL-002,Unsatisfactory. Samosa (2 pcs) and Kulfi were not fresh. Samosa (2 pcs) tasted reheated. Won't order again.,2,2026-06-02T18:58:02.930309
REV-002787,ORD-20260527-526734,CUST-10478,REST-DEL-002,Appalling quality! Palak Paneer  Dal Makhani  and Butter Chicken were swimming in oil. Butter Chicken was raw inside. Health hazard!,1,2026-06-02T19:26:26.930309
REV-002767,ORD-20260526-550568,CUST-10336,REST-DEL-001,Good quality food. Samosa (2 pcs)  Aloo Tikki Chaat  Jeera Rice  and Palak Paneer were nicely done. Aloo Tikki Chaat could have been slightly spicier but still good!,4,2026-06-02T20:34:43.930309
REV-002866,ORD-20260531-420684,CUST-10826,REST-DEL-001,Absolutely amazing Chicken Tikka Masala! The Chicken Tikka Masala was cooked to perfection. Fresh ingredients and authentic flavors. Highly recommend!,5,2026-06-02T21:39:55.930309
REV-002845,ORD-20260530-391792,CUST-10167,REST-DEL-001,Absolutely amazing Samosa (2 pcs) and Dal Makhani! The Samosa (2 pcs) was cooked to perfection. Fresh ingredients and authentic flavors. Highly recommend!,5,2026-06-02T21:40:59.930309
REV-002847,ORD-20260530-803453,CUST-10991,REST-DEL-001,Very satisfied! Masala Chai  Chicken Seekh Kebab  and Samosa (2 pcs) were fresh and flavorful. Chicken Seekh Kebab was the standout dish.,4,2026-06-02T22:01:03.930309
REV-002821,ORD-20260529-633824,CUST-10993,REST-MUM-001,Absolutely amazing Rasmalai (2 pcs)  Jeera Rice  and Butter Naan! The Rasmalai (2 pcs) was cooked to perfection. Fresh ingredients and authentic flavors. Highly recommend!,5,2026-06-02T22:25:49.930309
REV-002883,ORD-20260601-829262,CUST-10353,REST-DEL-002,Solid experience. Chicken 65  Chicken Tikka Masala  Paneer Tikka  and Gulab Jamun (2 pcs) were well-prepared. Paneer Tikka had great flavor. Minor issues with packaging.,4,2026-06-02T22:26:29.930309
REV-002884,ORD-20260601-946889,CUST-10011,REST-DEL-002,Exceptional quality! Ordered Chole Bhature  Jeera Rice  Fresh Lime Soda  and Chicken Biryani and everything was delicious. The Chole Bhature melted in my mouth. Perfect!,5,2026-06-02T22:33:32.930309
REV-002773,ORD-20260527-110666,CUST-10636,REST-DEL-001,Absolutely amazing Butter Chicken and Jeera Rice! The Jeera Rice was cooked to perfection. Fresh ingredients and authentic flavors. Highly recommend!,5,2026-06-03T10:27:13.930309
REV-002848,ORD-20260531-328705,CUST-10465,REST-BLR-001,Good quality food. Butter Chicken  Vegetable Biryani  and Rasmalai (2 pcs) were nicely done. Rasmalai (2 pcs) could have been slightly spicier but still good!,4,2026-06-03T10:32:23.930309
REV-002776,ORD-20260527-352102,CUST-10830,REST-DEL-002,Hands down the best Chicken 65 I've ever had! Mango Lassi  Chicken 65  and Samosa (2 pcs) were all prepared beautifully. Fresh and flavorful!,5,2026-06-03T11:52:21.930309
REV-002876,ORD-20260601-128014,CUST-10290,REST-MUM-001,Hands down the best Paneer Butter Masala I've ever had! Masala Chai and Paneer Butter Masala were all prepared beautifully. Fresh and flavorful!,5,2026-06-03T15:44:48.930309
REV-002878,ORD-20260601-888670,CUST-10342,REST-DEL-001,Disaster! Sweet Lassi  Jeera Rice  Paneer Tikka  Chole Bhature  and Chicken Tikka Masala were all stale. Chole Bhature had a weird smell. Completely unacceptable!,1,2026-06-03T16:41:23.930309
REV-002893,ORD-20260602-870164,CUST-10440,REST-DEL-002,Pleasant meal! Butter Chicken arrived warm. Butter Chicken was tasty though not exceptional. Would order again.,4,2026-06-03T17:26:53.930309
REV-002838,ORD-20260530-586327,CUST-10936,REST-BLR-001,Absolutely horrible! Aloo Tikki Chaat  Chicken Biryani  Vegetable Biryani  and Chicken Seekh Kebab arrived ice cold after 2 hour delay. Chicken Seekh Kebab was spoiled. Disgusting!,1,2026-06-03T19:13:42.930309
REV-002802,ORD-20260528-890459,CUST-10813,REST-BLR-001,Wow! Just wow! Chicken Tikka Masala  Chicken Seekh Kebab  Chicken Biryani  Fresh Lime Soda  and Gajar Halwa were all fantastic. Chicken Tikka Masala was particularly memorable. Can't wait to order again!,5,2026-06-03T20:55:09.930309
REV-002846,ORD-20260530-313324,CUST-10899,REST-MUM-001,Mediocre. Butter Naan and Vegetable Biryani were fine but forgettable. Vegetable Biryani didn't stand out.,3,2026-06-03T21:43:48.930309
REV-002868,ORD-20260531-320097,CUST-10939,REST-MUM-001,Unsatisfactory. Chole Bhature  Jeera Rice  Chicken Seekh Kebab  and Masala Chai were not fresh. Chicken Seekh Kebab tasted reheated. Won't order again.,2,2026-06-03T22:13:08.930309
REV-002804,ORD-20260529-344634,CUST-10462,REST-DEL-001,Exceptional quality! Ordered Fresh Lime Soda and Chicken Tikka Masala and everything was delicious. The Chicken Tikka Masala melted in my mouth. Perfect!,5,2026-06-04T10:08:45.930309
REV-002871,ORD-20260601-302994,CUST-10560,REST-MUM-001,Below expectations. Fresh Lime Soda  Gajar Halwa  and Butter Naan were underwhelming. Fresh Lime Soda was overcooked and dry.,2,2026-06-04T12:38:37.930309
REV-002826,ORD-20260530-382221,CUST-10056,REST-MUM-001,Expected better. Chicken 65  Kulfi  Tandoori Roti  and Paneer Tikka were subpar. Tandoori Roti was too oily and greasy. Stomach upset followed.,2,2026-06-04T12:44:34.930309
REV-002828,ORD-20260530-496563,CUST-10566,REST-BLR-001,Exceptional quality! Ordered Tandoori Roti and everything was delicious. The Tandoori Roti melted in my mouth. Perfect!,5,2026-06-04T13:01:19.930309
REV-002829,ORD-20260530-419828,CUST-10061,REST-BLR-001,Hands down the best Lamb Rogan Josh I've ever had! Lamb Rogan Josh and Butter Chicken were all prepared beautifully. Fresh and flavorful!,5,2026-06-04T13:09:52.930309
REV-002887,ORD-20260602-207355,CUST-10139,REST-MUM-001,Incredible meal! Gulab Jamun (2 pcs)  Jeera Rice  Chicken Biryani  and Mango Lassi arrived hot and fresh. The Jeera Rice was absolutely divine. Highly satisfied!,5,2026-06-04T13:45:06.930309
REV-002853,ORD-20260531-638744,CUST-10726,REST-BLR-001,Really good Rasmalai (2 pcs)! The Rasmalai (2 pcs) was delicious. Slight delay in delivery but food quality made up for it.,4,2026-06-04T14:14:00.930309
REV-002855,ORD-20260531-726482,CUST-10398,REST-DEL-001,Decent food but nothing special. Rasmalai (2 pcs) and Dal Makhani were okay. Rasmalai (2 pcs) lacked the punch I expected.,3,2026-06-04T14:37:43.930309
REV-002875,ORD-20260601-138860,CUST-10774,REST-DEL-002,Expected better. Chicken Tikka Masala  Fresh Lime Soda  Chicken Seekh Kebab  Gulab Jamun (2 pcs)  and Sweet Lassi were subpar. Gulab Jamun (2 pcs) was too oily and greasy. Stomach upset followed.,2,2026-06-04T15:28:18.930309
REV-002812,ORD-20260529-696568,CUST-10528,REST-MUM-002,Great food overall. Tandoori Roti were tasty  especially the Tandoori Roti. Would order again!,4,2026-06-04T15:53:55.930309
REV-002877,ORD-20260601-357177,CUST-10806,REST-DEL-002,Unsatisfactory. Chicken Seekh Kebab  Fresh Lime Soda  and Samosa (2 pcs) were not fresh. Samosa (2 pcs) tasted reheated. Won't order again.,2,2026-06-04T16:04:51.930309
REV-002890,ORD-20260602-235802,CUST-10583,REST-MUM-002,Appalling quality! Fish Curry were swimming in oil. Fish Curry was raw inside. Health hazard!,1,2026-06-04T16:19:58.930309
REV-002835,ORD-20260530-450885,CUST-10741,REST-MUM-002,Best Indian food in UAE! Fresh Lime Soda were incredible. Fresh Lime Soda had the perfect balance of spices. Five stars!,5,2026-06-04T17:00:09.930309
REV-002860,ORD-20260531-631362,CUST-10620,REST-DEL-002,Perfect in every way! Chicken 65  Chicken Biryani  Paneer Butter Masala  and Butter Chicken were all excellent. Paneer Butter Masala stood out with its rich  authentic taste.,5,2026-06-04T18:34:54.930309
REV-002839,ORD-20260530-663608,CUST-10055,REST-DEL-001,Exceptional quality! Ordered Malai Kofta  Rasmalai (2 pcs)  Fish Curry  and Tandoori Roti and everything was delicious. The Tandoori Roti melted in my mouth. Perfect!,5,2026-06-04T19:15:44.930309
REV-002841,ORD-20260530-779368,CUST-10339,REST-MUM-001,Not bad  not great. Butter Naan  Samosa (2 pcs)  Dal Makhani  Chicken Seekh Kebab  and Chicken 65 were edible. Chicken Seekh Kebab needed more seasoning.,3,2026-06-04T19:27:11.930309
REV-002817,ORD-20260529-296573,CUST-10324,REST-BLR-001,Exceptional quality! Ordered Vegetable Biryani  Tandoori Roti  Chicken Biryani  Malai Kofta  and Palak Paneer and everything was delicious. The Vegetable Biryani melted in my mouth. Perfect!,5,2026-06-04T19:30:06.930309
REV-002843,ORD-20260530-451803,CUST-10146,REST-MUM-002,Best Indian food in UAE! Gulab Jamun (2 pcs)  Mango Lassi  Lamb Rogan Josh  Fish Curry  and Sweet Lassi were incredible. Fish Curry had the perfect balance of spices. Five stars!,5,2026-06-04T20:21:38.930309
REV-002881,ORD-20260601-372598,CUST-10614,REST-BLR-001,Mediocre. Garlic Naan  Gajar Halwa  Sweet Lassi  and Chicken Tikka Masala were fine but forgettable. Garlic Naan didn't stand out.,3,2026-06-04T21:06:29.930309
REV-002820,ORD-20260529-212280,CUST-10123,REST-DEL-001,Disappointed with Chole Bhature and Fish Curry. Fish Curry was cold when it arrived. Not worth the money.,2,2026-06-04T21:57:36.930309
REV-002898,ORD-20260602-105469,CUST-10418,REST-DEL-002,Poor experience. Paneer Butter Masala and Butter Naan were disappointing. Butter Naan was burnt on the edges. Very unhappy.,2,2026-06-04T21:58:17.930309
REV-002867,ORD-20260531-303401,CUST-10635,REST-BLR-001,Really good Samosa (2 pcs)  Vegetable Biryani  Rasmalai (2 pcs)  Naan  and Butter Naan! The Samosa (2 pcs) was delicious. Slight delay in delivery but food quality made up for it.,4,2026-06-04T21:58:49.930309
REV-002899,ORD-20260602-648179,CUST-10390,REST-MUM-002,Average experience. Kulfi  Vegetable Biryani  Gulab Jamun (2 pcs)  Sweet Lassi  and Fish Curry were fine but Gulab Jamun (2 pcs) was a bit bland. Room for improvement.,3,2026-06-04T22:00:56.930309
REV-002823,ORD-20260530-440473,CUST-10660,REST-DEL-002,Hands down the best Naan I've ever had! Naan and Jeera Rice were all prepared beautifully. Fresh and flavorful!,5,2026-06-05T10:08:16.930309
REV-002849,ORD-20260531-476739,CUST-10091,REST-DEL-001,Incredible meal! Gulab Jamun (2 pcs)  Vegetable Biryani  Fresh Lime Soda  and Masala Chai arrived hot and fresh. The Gulab Jamun (2 pcs) was absolutely divine. Highly satisfied!,5,2026-06-05T10:39:00.930309
REV-002825,ORD-20260530-877658,CUST-10846,REST-DEL-001,Outstanding experience! The Chicken Seekh Kebab  Kulfi  and Fish Curry exceeded all expectations. Chicken Seekh Kebab was the star of the meal. Will definitely order again!,5,2026-06-05T10:44:56.930309
REV-002805,ORD-20260529-516909,CUST-10139,REST-MUM-001,Pleasant meal! Chicken Biryani  Aloo Tikki Chaat  Chole Bhature  Paneer Tikka  and Lamb Rogan Josh arrived warm. Aloo Tikki Chaat was tasty though not exceptional. Would order again.,4,2026-06-05T11:46:03.930309
REV-002902,ORD-20260603-656997,CUST-10129,REST-DEL-002,Solid experience. Chicken Tikka Masala  Lamb Rogan Josh  Chole Bhature  Garlic Naan  and Sweet Lassi were well-prepared. Chole Bhature had great flavor. Minor issues with packaging.,4,2026-06-05T13:18:06.930309
REV-002851,ORD-20260531-802247,CUST-10240,REST-DEL-001,Poor experience. Chole Bhature  Palak Paneer  and Chicken Seekh Kebab were disappointing. Palak Paneer was burnt on the edges. Very unhappy.,2,2026-06-05T13:41:30.930309
REV-002872,ORD-20260601-467981,CUST-10391,REST-DEL-002,Incredible meal! Paneer Butter Masala  Gajar Halwa  Chole Bhature  Masala Chai  and Naan arrived hot and fresh. The Paneer Butter Masala was absolutely divine. Highly satisfied!,5,2026-06-05T14:11:14.930309
REV-002889,ORD-20260602-735920,CUST-10335,REST-DEL-001,Perfect in every way! Paneer Butter Masala  Palak Paneer  Fish Curry  Jeera Rice  and Malai Kofta were all excellent. Paneer Butter Masala stood out with its rich  authentic taste.,5,2026-06-05T15:53:21.930309
REV-002906,ORD-20260603-665531,CUST-10663,REST-BLR-001,Solid experience. Rasmalai (2 pcs) were well-prepared. Rasmalai (2 pcs) had great flavor. Minor issues with packaging.,4,2026-06-05T16:03:30.930309
REV-002907,ORD-20260603-261539,CUST-10112,REST-MUM-002,Exceptional quality! Ordered Dal Makhani  Fish Curry  Paneer Tikka  and Rasmalai (2 pcs) and everything was delicious. The Fish Curry melted in my mouth. Perfect!,5,2026-06-05T16:25:39.930309
REV-002814,ORD-20260529-754988,CUST-10135,REST-MUM-001,Incredible meal! Vegetable Biryani arrived hot and fresh. The Vegetable Biryani was absolutely divine. Highly satisfied!,5,2026-06-05T16:43:30.930309
REV-002923,ORD-20260604-322534,CUST-10397,REST-MUM-001,Hands down the best Chicken Seekh Kebab I've ever had! Fresh Lime Soda  Chicken Seekh Kebab  Samosa (2 pcs)  Masala Chai  and Aloo Tikki Chaat were all prepared beautifully. Fresh and flavorful!,5,2026-06-05T16:54:54.930309
REV-002892,ORD-20260602-366852,CUST-10800,REST-MUM-002,Best Indian food in UAE! Jeera Rice were incredible. Jeera Rice had the perfect balance of spices. Five stars!,5,2026-06-05T17:16:41.930309
REV-002836,ORD-20260530-169137,CUST-10219,REST-MUM-001,Exceptional quality! Ordered Butter Chicken  Paneer Tikka  Tandoori Roti  Mango Lassi  and Chicken Tikka Masala and everything was delicious. The Tandoori Roti melted in my mouth. Perfect!,5,2026-06-05T17:48:31.930309
REV-002910,ORD-20260603-433559,CUST-10010,REST-DEL-001,Unsatisfactory. Chicken 65  Naan  Gulab Jamun (2 pcs)  Chicken Seekh Kebab  and Jeera Rice were not fresh. Gulab Jamun (2 pcs) tasted reheated. Won't order again.,2,2026-06-05T18:01:16.930309
REV-002837,ORD-20260530-367378,CUST-10158,REST-MUM-002,Great food overall. Malai Kofta were tasty  especially the Malai Kofta. Would order again!,4,2026-06-05T18:31:51.930309
REV-002840,ORD-20260530-841861,CUST-10940,REST-BLR-001,Solid experience. Masala Chai and Jeera Rice were well-prepared. Masala Chai had great flavor. Minor issues with packaging.,4,2026-06-05T19:18:36.930309
REV-002842,ORD-20260530-230926,CUST-10247,REST-BLR-001,Best Indian food in UAE! Palak Paneer  Kulfi  Chole Bhature  Paneer Butter Masala  and Mango Lassi were incredible. Chole Bhature had the perfect balance of spices. Five stars!,5,2026-06-05T19:47:27.930309
REV-002863,ORD-20260531-447514,CUST-10873,REST-BLR-001,Disaster! Fresh Lime Soda were all stale. Fresh Lime Soda had a weird smell. Completely unacceptable!,1,2026-06-05T20:04:34.930309
REV-002844,ORD-20260530-995578,CUST-10908,REST-DEL-001,Poor experience. Fish Curry  Tandoori Roti  Mango Lassi  and Dal Makhani were disappointing. Dal Makhani was burnt on the edges. Very unhappy.,2,2026-06-05T20:45:18.930309
REV-002896,ORD-20260602-713591,CUST-10485,REST-MUM-001,Incredible meal! Masala Chai and Malai Kofta arrived hot and fresh. The Malai Kofta was absolutely divine. Highly satisfied!,5,2026-06-05T20:50:22.930309
REV-002869,ORD-20260531-101019,CUST-10532,REST-MUM-001,Mixed feelings. Rasmalai (2 pcs) were acceptable. Rasmalai (2 pcs) was decent but portion was small for the price.,3,2026-06-05T22:16:14.930309
REV-002934,ORD-20260604-578853,CUST-10804,REST-DEL-001,Hands down the best Paneer Butter Masala I've ever had! Paneer Butter Masala were all prepared beautifully. Fresh and flavorful!,5,2026-06-05T22:29:10.930309
REV-002824,ORD-20260530-880947,CUST-10480,REST-DEL-002,Wow! Just wow! Malai Kofta were all fantastic. Malai Kofta was particularly memorable. Can't wait to order again!,5,2026-06-06T10:33:34.930309
REV-002850,ORD-20260531-549003,CUST-10421,REST-BLR-001,Best Indian food in UAE! Chicken Biryani  Samosa (2 pcs)  Gulab Jamun (2 pcs)  Kulfi  and Garlic Naan were incredible. Samosa (2 pcs) had the perfect balance of spices. Five stars!,5,2026-06-06T10:40:22.930309
REV-002886,ORD-20260602-126891,CUST-10296,REST-MUM-001,Hands down the best Palak Paneer I've ever had! Tandoori Roti  Paneer Tikka  Fish Curry  and Palak Paneer were all prepared beautifully. Fresh and flavorful!,5,2026-06-06T12:04:39.930309
REV-002827,ORD-20260530-240383,CUST-10731,REST-DEL-001,Really good Butter Naan! The Butter Naan was delicious. Slight delay in delivery but food quality made up for it.,4,2026-06-06T12:57:12.930309
REV-002903,ORD-20260603-496364,CUST-10523,REST-BLR-001,Absolutely amazing Tandoori Roti  Gajar Halwa  Fish Curry  and Gulab Jamun (2 pcs)! The Gulab Jamun (2 pcs) was cooked to perfection. Fresh ingredients and authentic flavors. Highly recommend!,5,2026-06-06T13:53:21.930309
REV-002830,ORD-20260530-124403,CUST-10015,REST-DEL-002,Hands down the best Jeera Rice I've ever had! Jeera Rice and Lamb Rogan Josh were all prepared beautifully. Fresh and flavorful!,5,2026-06-06T14:01:31.930309
REV-002854,ORD-20260531-340384,CUST-10777,REST-MUM-002,Hands down the best Malai Kofta I've ever had! Malai Kofta were all prepared beautifully. Fresh and flavorful!,5,2026-06-06T14:27:34.930309
REV-002874,ORD-20260601-921361,CUST-10447,REST-MUM-002,Best Indian food in UAE! Jeera Rice and Palak Paneer were incredible. Jeera Rice had the perfect balance of spices. Five stars!,5,2026-06-06T15:22:04.930309
REV-002891,ORD-20260602-414445,CUST-10039,REST-DEL-002,Worst food ever! Chicken Seekh Kebab  Rasmalai (2 pcs)  Aloo Tikki Chaat  and Butter Chicken were all wrong. Butter Chicken made me sick. Never ordering again!,1,2026-06-06T16:40:53.930309
REV-002926,ORD-20260604-832193,CUST-10087,REST-MUM-001,Mediocre. Gajar Halwa and Tandoori Roti were fine but forgettable. Tandoori Roti didn't stand out.,3,2026-06-06T18:22:03.930309
REV-002864,ORD-20260531-899555,CUST-10358,REST-DEL-002,Good quality food. Jeera Rice and Chicken Biryani were nicely done. Chicken Biryani could have been slightly spicier but still good!,4,2026-06-06T20:20:40.930309
REV-002865,ORD-20260531-580565,CUST-10970,REST-DEL-002,Outstanding experience! The Tandoori Roti  Jeera Rice  and Samosa (2 pcs) exceeded all expectations. Jeera Rice was the star of the meal. Will definitely order again!,5,2026-06-06T20:21:01.930309
REV-002942,ORD-20260605-117719,CUST-10667,REST-MUM-001,Perfect in every way! Garlic Naan  Samosa (2 pcs)  Palak Paneer  and Butter Chicken were all excellent. Palak Paneer stood out with its rich  authentic taste.,5,2026-06-06T20:34:31.930309
REV-002880,ORD-20260601-362507,CUST-10579,REST-MUM-001,Hands down the best Butter Naan I've ever had! Butter Naan were all prepared beautifully. Fresh and flavorful!,5,2026-06-06T20:52:25.930309
REV-002931,ORD-20260604-796717,CUST-10840,REST-DEL-002,Really good Samosa (2 pcs) and Kulfi! The Kulfi was delicious. Slight delay in delivery but food quality made up for it.,4,2026-06-06T21:06:18.930309
REV-002900,ORD-20260602-770317,CUST-10429,REST-MUM-002,Solid experience. Tandoori Roti were well-prepared. Tandoori Roti had great flavor. Minor issues with packaging.,4,2026-06-06T22:11:51.930309
REV-002944,ORD-20260606-868065,CUST-10781,REST-DEL-001,Incredible meal! Chicken Biryani  Paneer Butter Masala  Aloo Tikki Chaat  Butter Naan  and Paneer Tikka arrived hot and fresh. The Aloo Tikki Chaat was absolutely divine. Highly satisfied!,5,2026-06-07T10:11:23.930309
REV-002885,ORD-20260602-139298,CUST-10783,REST-BLR-001,Very satisfied! Rasmalai (2 pcs)  Fish Curry  and Fresh Lime Soda were fresh and flavorful. Rasmalai (2 pcs) was the standout dish.,4,2026-06-07T11:11:12.930309
REV-002916,ORD-20260604-652562,CUST-10197,REST-MUM-001,Not bad  not great. Paneer Butter Masala  Gajar Halwa  Chicken Biryani  and Aloo Tikki Chaat were edible. Chicken Biryani needed more seasoning.,3,2026-06-07T12:44:53.930309
REV-002917,ORD-20260604-113006,CUST-10828,REST-MUM-002,Outstanding experience! The Garlic Naan and Butter Chicken exceeded all expectations. Butter Chicken was the star of the meal. Will definitely order again!,5,2026-06-07T12:52:51.930309
REV-002852,ORD-20260531-724210,CUST-10348,REST-DEL-002,Best Indian food in UAE! Dal Makhani were incredible. Dal Makhani had the perfect balance of spices. Five stars!,5,2026-06-07T13:44:37.930309
REV-002918,ORD-20260604-384713,CUST-10253,REST-MUM-001,Best Indian food in UAE! Butter Naan  Samosa (2 pcs)  Fresh Lime Soda  and Mango Lassi were incredible. Mango Lassi had the perfect balance of spices. Five stars!,5,2026-06-07T14:10:08.930309
REV-002919,ORD-20260604-823821,CUST-10094,REST-MUM-002,Average experience. Vegetable Biryani and Mango Lassi were fine but Mango Lassi was a bit bland. Room for improvement.,3,2026-06-07T14:55:06.930309
REV-002922,ORD-20260604-441055,CUST-10455,REST-DEL-001,Best Indian food in UAE! Fish Curry and Dal Makhani were incredible. Fish Curry had the perfect balance of spices. Five stars!,5,2026-06-07T16:29:34.930309
REV-002955,ORD-20260606-990241,CUST-10141,REST-MUM-002,Best Indian food in UAE! Fresh Lime Soda were incredible. Fresh Lime Soda had the perfect balance of spices. Five stars!,5,2026-06-07T16:56:00.930309
REV-002924,ORD-20260604-792742,CUST-10915,REST-MUM-002,Wow! Just wow! Gajar Halwa  Paneer Butter Masala  and Malai Kofta were all fantastic. Gajar Halwa was particularly memorable. Can't wait to order again!,5,2026-06-07T17:00:18.930309
REV-002956,ORD-20260606-382883,CUST-10283,REST-DEL-002,Wow! Just wow! Naan  Aloo Tikki Chaat  Palak Paneer  Fresh Lime Soda  and Garlic Naan were all fantastic. Fresh Lime Soda was particularly memorable. Can't wait to order again!,5,2026-06-07T18:13:35.930309
REV-002911,ORD-20260603-610987,CUST-10175,REST-DEL-002,Average experience. Chicken 65  Fish Curry  Jeera Rice  Masala Chai  and Sweet Lassi were fine but Jeera Rice was a bit bland. Room for improvement.,3,2026-06-07T18:41:04.930309
REV-002861,ORD-20260531-902936,CUST-10438,REST-DEL-002,Exceptional quality! Ordered Butter Naan  Paneer Tikka  and Jeera Rice and everything was delicious. The Jeera Rice melted in my mouth. Perfect!,5,2026-06-07T18:45:03.930309
REV-002928,ORD-20260604-162645,CUST-10989,REST-MUM-001,Good quality food. Chicken Tikka Masala  Butter Naan  and Kulfi were nicely done. Kulfi could have been slightly spicier but still good!,4,2026-06-07T18:46:17.930309
REV-002882,ORD-20260601-998961,CUST-10951,REST-MUM-002,Exceptional quality! Ordered Vegetable Biryani and Masala Chai and everything was delicious. The Masala Chai melted in my mouth. Perfect!,5,2026-06-07T22:10:25.930309
REV-002870,ORD-20260531-267379,CUST-10793,REST-DEL-001,Great food overall. Vegetable Biryani  Butter Chicken  and Chicken Seekh Kebab were tasty  especially the Vegetable Biryani. Would order again!,4,2026-06-07T22:53:00.930309
REV-002967,ORD-20260607-678372,CUST-10353,REST-BLR-001,Best Indian food in UAE! Rasmalai (2 pcs) and Aloo Tikki Chaat were incredible. Rasmalai (2 pcs) had the perfect balance of spices. Five stars!,5,2026-06-08T12:46:54.930309
REV-002904,ORD-20260603-962435,CUST-10070,REST-MUM-002,Great food overall. Aloo Tikki Chaat  Sweet Lassi  Samosa (2 pcs)  and Butter Chicken were tasty  especially the Butter Chicken. Would order again!,4,2026-06-08T14:24:59.930309
REV-002873,ORD-20260601-349875,CUST-10382,REST-DEL-002,Solid experience. Kulfi  Gajar Halwa  Chicken Seekh Kebab  and Chole Bhature were well-prepared. Kulfi had great flavor. Minor issues with packaging.,4,2026-06-08T14:38:59.930309
REV-002940,ORD-20260605-522244,CUST-10279,REST-MUM-002,Great food overall. Chicken Tikka Masala  Kulfi  Paneer Tikka  and Dal Makhani were tasty  especially the Kulfi. Would order again!,4,2026-06-08T16:39:01.930309
REV-002908,ORD-20260603-985796,CUST-10066,REST-MUM-002,Really good Butter Naan  Dal Makhani  and Gajar Halwa! The Dal Makhani was delicious. Slight delay in delivery but food quality made up for it.,4,2026-06-08T16:53:20.930309
REV-002895,ORD-20260602-793327,CUST-10055,REST-DEL-002,Perfect in every way! Dal Makhani  Butter Naan  Aloo Tikki Chaat  Jeera Rice  and Chicken Tikka Masala were all excellent. Jeera Rice stood out with its rich  authentic taste.,5,2026-06-08T19:22:43.930309
REV-002879,ORD-20260601-285754,CUST-10520,REST-MUM-002,Outstanding experience! The Gajar Halwa  Rasmalai (2 pcs)  Lamb Rogan Josh  and Kulfi exceeded all expectations. Lamb Rogan Josh was the star of the meal. Will definitely order again!,5,2026-06-08T19:30:46.930309
REV-002974,ORD-20260607-423652,CUST-10731,REST-BLR-001,Absolutely amazing Paneer Tikka  Chicken Biryani  Chicken Seekh Kebab  and Naan! The Chicken Seekh Kebab was cooked to perfection. Fresh ingredients and authentic flavors. Highly recommend!,5,2026-06-08T20:45:21.930309
REV-002897,ORD-20260602-756645,CUST-10229,REST-MUM-002,Best Indian food in UAE! Butter Naan  Samosa (2 pcs)  Kulfi  and Rasmalai (2 pcs) were incredible. Rasmalai (2 pcs) had the perfect balance of spices. Five stars!,5,2026-06-08T21:09:32.930309
REV-002932,ORD-20260604-672406,CUST-10063,REST-BLR-001,Perfect in every way! Gulab Jamun (2 pcs) were all excellent. Gulab Jamun (2 pcs) stood out with its rich  authentic taste.,5,2026-06-08T21:34:20.930309
REV-002935,ORD-20260604-290865,CUST-10957,REST-BLR-001,Incredible meal! Paneer Tikka  Chicken Biryani  Fish Curry  Aloo Tikki Chaat  and Jeera Rice arrived hot and fresh. The Chicken Biryani was absolutely divine. Highly satisfied!,5,2026-06-08T22:54:37.930309
REV-002979,ORD-20260608-145479,CUST-10352,REST-MUM-002,Average experience. Samosa (2 pcs)  Butter Chicken  Mango Lassi  Naan  and Gulab Jamun (2 pcs) were fine but Butter Chicken was a bit bland. Room for improvement.,3,2026-06-09T11:31:29.930309
REV-002947,ORD-20260606-644370,CUST-10980,REST-MUM-002,Perfect in every way! Fresh Lime Soda  Lamb Rogan Josh  and Dal Makhani were all excellent. Lamb Rogan Josh stood out with its rich  authentic taste.,5,2026-06-09T12:19:09.930309
REV-002980,ORD-20260608-439075,CUST-10243,REST-DEL-002,Hands down the best Masala Chai I've ever had! Masala Chai and Lamb Rogan Josh were all prepared beautifully. Fresh and flavorful!,5,2026-06-09T12:29:02.930309
REV-002981,ORD-20260608-944133,CUST-10024,REST-MUM-002,Average experience. Gulab Jamun (2 pcs) were fine but Gulab Jamun (2 pcs) was a bit bland. Room for improvement.,3,2026-06-09T12:37:44.930309
REV-002949,ORD-20260606-579262,CUST-10558,REST-MUM-001,Pleasant meal! Chicken 65 and Tandoori Roti arrived warm. Chicken 65 was tasty though not exceptional. Would order again.,4,2026-06-09T13:01:02.930309
REV-002968,ORD-20260607-301383,CUST-10229,REST-MUM-002,Wow! Just wow! Fresh Lime Soda  Chicken Seekh Kebab  Dal Makhani  and Sweet Lassi were all fantastic. Sweet Lassi was particularly memorable. Can't wait to order again!,5,2026-06-09T14:19:41.930309
REV-002905,ORD-20260603-790200,CUST-10961,REST-MUM-002,Perfect in every way! Gulab Jamun (2 pcs)  Mango Lassi  Butter Chicken  Dal Makhani  and Fresh Lime Soda were all excellent. Dal Makhani stood out with its rich  authentic taste.,5,2026-06-09T15:04:33.930309
REV-002888,ORD-20260602-802510,CUST-10383,REST-MUM-002,Perfect in every way! Chicken Seekh Kebab  Fresh Lime Soda  and Fish Curry were all excellent. Fish Curry stood out with its rich  authentic taste.,5,2026-06-09T15:46:03.930309
REV-002970,ORD-20260607-844642,CUST-10530,REST-MUM-002,Poor experience. Dal Makhani  Gajar Halwa  Samosa (2 pcs)  and Tandoori Roti were disappointing. Tandoori Roti was burnt on the edges. Very unhappy.,2,2026-06-09T16:00:42.930309
REV-002909,ORD-20260603-620062,CUST-10137,REST-MUM-002,Disaster! Naan  Fresh Lime Soda  Butter Naan  and Chicken Seekh Kebab were all stale. Naan had a weird smell. Completely unacceptable!,1,2026-06-09T16:59:31.930309
REV-002894,ORD-20260602-902329,CUST-10904,REST-MUM-002,Decent food but nothing special. Lamb Rogan Josh were okay. Lamb Rogan Josh lacked the punch I expected.,3,2026-06-09T18:47:14.930309
REV-002972,ORD-20260607-851459,CUST-10369,REST-DEL-002,Outstanding experience! The Garlic Naan  Sweet Lassi  Paneer Butter Masala  and Chicken Seekh Kebab exceeded all expectations. Sweet Lassi was the star of the meal. Will definitely order again!,5,2026-06-09T19:16:59.930309
REV-002929,ORD-20260604-430355,CUST-10649,REST-MUM-001,Incredible meal! Sweet Lassi  Gajar Halwa  and Jeera Rice arrived hot and fresh. The Sweet Lassi was absolutely divine. Highly satisfied!,5,2026-06-09T19:21:51.930309
REV-002960,ORD-20260606-783720,CUST-10590,REST-DEL-001,Wow! Just wow! Palak Paneer and Garlic Naan were all fantastic. Garlic Naan was particularly memorable. Can't wait to order again!,5,2026-06-09T19:46:50.930309
REV-002930,ORD-20260604-469129,CUST-10881,REST-DEL-002,Perfect in every way! Garlic Naan  Gajar Halwa  Lamb Rogan Josh  Paneer Tikka  and Butter Chicken were all excellent. Paneer Tikka stood out with its rich  authentic taste.,5,2026-06-09T20:06:20.930309
REV-002933,ORD-20260604-213424,CUST-10432,REST-DEL-002,Hands down the best Samosa (2 pcs) I've ever had! Gulab Jamun (2 pcs)  Samosa (2 pcs)  and Paneer Tikka were all prepared beautifully. Fresh and flavorful!,5,2026-06-09T22:18:40.930309
REV-002936,ORD-20260605-446137,CUST-10424,REST-BLR-001,Outstanding experience! The Paneer Tikka  Samosa (2 pcs)  Dal Makhani  and Masala Chai exceeded all expectations. Dal Makhani was the star of the meal. Will definitely order again!,5,2026-06-10T10:30:27.930309
REV-002901,ORD-20260603-391664,CUST-10103,REST-MUM-001,Exceptional quality! Ordered Chicken 65  Tandoori Roti  Chole Bhature  and Vegetable Biryani and everything was delicious. The Tandoori Roti melted in my mouth. Perfect!,5,2026-06-10T10:33:54.930309
REV-002965,ORD-20260607-268545,CUST-10234,REST-BLR-001,Terrible experience! Naan  Butter Naan  Chole Bhature  Tandoori Roti  and Dal Makhani were all inedible. Butter Naan was completely burnt. Waste of money!,1,2026-06-10T10:49:18.930309
REV-002915,ORD-20260604-439349,CUST-10758,REST-MUM-002,Very satisfied! Fish Curry  Chole Bhature  Garlic Naan  Palak Paneer  and Jeera Rice were fresh and flavorful. Jeera Rice was the standout dish.,4,2026-06-10T12:21:56.930309
REV-002984,ORD-20260608-779617,CUST-10637,REST-BLR-001,Good quality food. Masala Chai and Jeera Rice were nicely done. Masala Chai could have been slightly spicier but still good!,4,2026-06-10T14:21:21.930309
REV-002920,ORD-20260604-884406,CUST-10417,REST-MUM-002,Enjoyed the Dal Makhani and Mango Lassi! Dal Makhani was very good. Portion sizes were generous. Recommend!,4,2026-06-10T15:30:52.930309
REV-002912,ORD-20260603-190451,CUST-10391,REST-BLR-001,Very satisfied! Fresh Lime Soda  Naan  Malai Kofta  Chole Bhature  and Vegetable Biryani were fresh and flavorful. Fresh Lime Soda was the standout dish.,4,2026-06-10T18:43:59.930309
REV-002927,ORD-20260604-867009,CUST-10019,REST-DEL-002,Incredible meal! Vegetable Biryani  Paneer Butter Masala  and Fresh Lime Soda arrived hot and fresh. The Paneer Butter Masala was absolutely divine. Highly satisfied!,5,2026-06-10T18:45:22.930309
REV-002993,ORD-20260608-940851,CUST-10623,REST-BLR-001,Great food overall. Fresh Lime Soda and Kulfi were tasty  especially the Kulfi. Would order again!,4,2026-06-10T20:01:43.930309
REV-002995,ORD-20260608-400774,CUST-10566,REST-MUM-001,Hands down the best Lamb Rogan Josh I've ever had! Tandoori Roti  Aloo Tikki Chaat  Lamb Rogan Josh  and Gulab Jamun (2 pcs) were all prepared beautifully. Fresh and flavorful!,5,2026-06-10T20:33:26.930309
REV-002943,ORD-20260605-978849,CUST-10273,REST-DEL-001,Incredible meal! Vegetable Biryani and Aloo Tikki Chaat arrived hot and fresh. The Aloo Tikki Chaat was absolutely divine. Highly satisfied!,5,2026-06-10T20:34:35.930309
REV-002962,ORD-20260606-126591,CUST-10414,REST-BLR-001,Really good Butter Naan  Gajar Halwa  and Chicken Biryani! The Butter Naan was delicious. Slight delay in delivery but food quality made up for it.,4,2026-06-10T22:05:27.930309
REV-002913,ORD-20260604-361503,CUST-10190,REST-BLR-001,Perfect in every way! Gulab Jamun (2 pcs)  Paneer Tikka  Jeera Rice  Gajar Halwa  and Paneer Butter Masala were all excellent. Paneer Tikka stood out with its rich  authentic taste.,5,2026-06-11T10:45:52.930309
REV-002966,ORD-20260607-424133,CUST-10997,REST-MUM-002,Solid experience. Malai Kofta were well-prepared. Malai Kofta had great flavor. Minor issues with packaging.,4,2026-06-11T12:01:07.930309
REV-002914,ORD-20260604-297259,CUST-10807,REST-DEL-001,Solid experience. Naan  Fish Curry  Tandoori Roti  Gulab Jamun (2 pcs)  and Samosa (2 pcs) were well-prepared. Samosa (2 pcs) had great flavor. Minor issues with packaging.,4,2026-06-11T12:05:31.930309
REV-002982,ORD-20260608-310895,CUST-10735,REST-MUM-001,Absolutely amazing Kulfi  Palak Paneer  Naan  and Fresh Lime Soda! The Fresh Lime Soda was cooked to perfection. Fresh ingredients and authentic flavors. Highly recommend!,5,2026-06-11T13:03:36.930309
REV-002950,ORD-20260606-621394,CUST-10974,REST-DEL-001,Absolutely amazing Malai Kofta  Garlic Naan  Fish Curry  Palak Paneer  and Dal Makhani! The Dal Makhani was cooked to perfection. Fresh ingredients and authentic flavors. Highly recommend!,5,2026-06-11T13:34:17.930309
REV-002952,ORD-20260606-934540,CUST-10739,REST-MUM-001,Disaster! Naan  Fresh Lime Soda  and Jeera Rice were all stale. Naan had a weird smell. Completely unacceptable!,1,2026-06-11T13:59:09.930309
REV-002953,ORD-20260606-582932,CUST-10527,REST-MUM-001,Great food overall. Rasmalai (2 pcs)  Tandoori Roti  Masala Chai  and Naan were tasty  especially the Rasmalai (2 pcs). Would order again!,4,2026-06-11T14:41:19.930309
REV-002954,ORD-20260606-963784,CUST-10269,REST-DEL-002,Solid experience. Dal Makhani were well-prepared. Dal Makhani had great flavor. Minor issues with packaging.,4,2026-06-11T15:30:11.930309
REV-002939,ORD-20260605-413425,CUST-10870,REST-DEL-002,Wow! Just wow! Butter Naan  Kulfi  Fresh Lime Soda  Garlic Naan  and Chicken 65 were all fantastic. Chicken 65 was particularly memorable. Can't wait to order again!,5,2026-06-11T15:39:57.930309
REV-002921,ORD-20260604-299793,CUST-10540,REST-BLR-001,Average experience. Vegetable Biryani  Chicken 65  Fresh Lime Soda  and Masala Chai were fine but Masala Chai was a bit bland. Room for improvement.,3,2026-06-11T15:54:15.930309
REV-002988,ORD-20260608-650268,CUST-10087,REST-BLR-001,Pleasant meal! Paneer Butter Masala  Fish Curry  and Gulab Jamun (2 pcs) arrived warm. Gulab Jamun (2 pcs) was tasty though not exceptional. Would order again.,4,2026-06-11T17:35:52.930309
REV-002925,ORD-20260604-985838,CUST-10027,REST-DEL-002,Mixed feelings. Chicken 65  Lamb Rogan Josh  Paneer Butter Masala  and Masala Chai were acceptable. Lamb Rogan Josh was decent but portion was small for the price.,3,2026-06-11T17:37:44.930309
REV-002971,ORD-20260607-275790,CUST-10432,REST-MUM-001,Very satisfied! Butter Chicken  Garlic Naan  Butter Naan  Chicken Seekh Kebab  and Masala Chai were fresh and flavorful. Butter Chicken was the standout dish.,4,2026-06-11T18:14:58.930309
REV-002957,ORD-20260606-467617,CUST-10562,REST-DEL-001,Absolutely amazing Chicken Tikka Masala  Butter Naan  Chicken Seekh Kebab  Mango Lassi  and Masala Chai! The Butter Naan was cooked to perfection. Fresh ingredients and authentic flavors. Highly recommend!,5,2026-06-11T19:08:04.930309
REV-002992,ORD-20260608-210484,CUST-10501,REST-MUM-001,Wow! Just wow! Mango Lassi were all fantastic. Mango Lassi was particularly memorable. Can't wait to order again!,5,2026-06-11T20:00:34.930309
REV-002961,ORD-20260606-203575,CUST-10359,REST-DEL-001,Outstanding experience! The Chicken 65  Mango Lassi  and Gajar Halwa exceeded all expectations. Chicken 65 was the star of the meal. Will definitely order again!,5,2026-06-11T21:59:30.930309
REV-002964,ORD-20260606-978756,CUST-10230,REST-MUM-002,Exceptional quality! Ordered Gulab Jamun (2 pcs) and Chole Bhature and everything was delicious. The Chole Bhature melted in my mouth. Perfect!,5,2026-06-11T22:36:03.930309
REV-002976,ORD-20260608-813980,CUST-10456,REST-MUM-001,Outstanding experience! The Fresh Lime Soda  Paneer Tikka  and Jeera Rice exceeded all expectations. Jeera Rice was the star of the meal. Will definitely order again!,5,2026-06-12T10:09:40.930309
REV-002945,ORD-20260606-887765,CUST-10988,REST-DEL-002,It was okay. Chicken Tikka Masala  Kulfi  Gulab Jamun (2 pcs)  and Butter Naan arrived lukewarm. Chicken Tikka Masala tasted fine but could be better.,3,2026-06-12T11:06:13.930309
REV-002946,ORD-20260606-318301,CUST-10665,REST-MUM-001,Pleasant meal! Paneer Tikka arrived warm. Paneer Tikka was tasty though not exceptional. Would order again.,4,2026-06-12T11:45:40.930309
REV-002983,ORD-20260608-223646,CUST-10503,REST-MUM-001,Best Indian food in UAE! Paneer Tikka  Samosa (2 pcs)  and Garlic Naan were incredible. Samosa (2 pcs) had the perfect balance of spices. Five stars!,5,2026-06-12T13:24:31.930309
REV-002969,ORD-20260607-270152,CUST-10031,REST-BLR-001,Hands down the best Jeera Rice I've ever had! Chole Bhature  Jeera Rice  and Rasmalai (2 pcs) were all prepared beautifully. Fresh and flavorful!,5,2026-06-12T14:40:26.930309
REV-002937,ORD-20260605-944270,CUST-10236,REST-DEL-001,Incredible meal! Vegetable Biryani  Paneer Butter Masala  Butter Naan  Chicken Biryani  and Samosa (2 pcs) arrived hot and fresh. The Vegetable Biryani was absolutely divine. Highly satisfied!,5,2026-06-12T14:52:39.930309
REV-002938,ORD-20260605-215494,CUST-10545,REST-DEL-002,Not good. Garlic Naan and Palak Paneer arrived late and cold. Palak Paneer had barely any flavor. Poor quality.,2,2026-06-12T15:34:22.930309
REV-002985,ORD-20260608-518963,CUST-10376,REST-DEL-001,Outstanding experience! The Naan and Lamb Rogan Josh exceeded all expectations. Naan was the star of the meal. Will definitely order again!,5,2026-06-12T15:42:57.930309
REV-002986,ORD-20260608-698184,CUST-10290,REST-BLR-001,Hands down the best Rasmalai (2 pcs) I've ever had! Chicken 65  Rasmalai (2 pcs)  Palak Paneer  Paneer Butter Masala  and Mango Lassi were all prepared beautifully. Fresh and flavorful!,5,2026-06-12T16:30:11.930309
REV-002958,ORD-20260606-410867,CUST-10799,REST-BLR-001,It was okay. Samosa (2 pcs) arrived lukewarm. Samosa (2 pcs) tasted fine but could be better.,3,2026-06-12T19:10:37.930309
REV-002941,ORD-20260605-417834,CUST-10904,REST-BLR-001,Good quality food. Jeera Rice  Chicken Seekh Kebab  Naan  Paneer Tikka  and Rasmalai (2 pcs) were nicely done. Rasmalai (2 pcs) could have been slightly spicier but still good!,4,2026-06-12T19:24:24.930309
REV-002990,ORD-20260608-799122,CUST-10055,REST-MUM-002,Great food overall. Palak Paneer  Malai Kofta  and Dal Makhani were tasty  especially the Dal Makhani. Would order again!,4,2026-06-12T19:26:24.930309
REV-002959,ORD-20260606-295123,CUST-10336,REST-BLR-001,Not good. Rasmalai (2 pcs)  Chicken Tikka Masala  Garlic Naan  Dal Makhani  and Chole Bhature arrived late and cold. Chole Bhature had barely any flavor. Poor quality.,2,2026-06-12T19:45:35.930309
REV-002973,ORD-20260607-458645,CUST-10908,REST-MUM-002,Good quality food. Butter Naan  Kulfi  Tandoori Roti  and Gajar Halwa were nicely done. Kulfi could have been slightly spicier but still good!,4,2026-06-12T20:14:08.930309
REV-002997,ORD-20260608-395649,CUST-10295,REST-DEL-001,Pleasant meal! Masala Chai arrived warm. Masala Chai was tasty though not exceptional. Would order again.,4,2026-06-12T20:55:49.930309
REV-002998,ORD-20260608-424898,CUST-10915,REST-BLR-001,Not bad  not great. Tandoori Roti were edible. Tandoori Roti needed more seasoning.,3,2026-06-12T21:25:38.930309
REV-002963,ORD-20260606-486150,CUST-10836,REST-MUM-002,Mediocre. Paneer Tikka and Malai Kofta were fine but forgettable. Malai Kofta didn't stand out.,3,2026-06-12T22:16:38.930309
REV-002978,ORD-20260608-221599,CUST-10131,REST-MUM-001,Wow! Just wow! Sweet Lassi  Rasmalai (2 pcs)  and Chicken Tikka Masala were all fantastic. Rasmalai (2 pcs) was particularly memorable. Can't wait to order again!,5,2026-06-13T10:45:25.930309
REV-002948,ORD-20260606-652052,CUST-10147,REST-MUM-001,Disappointed with Gulab Jamun (2 pcs)  Malai Kofta  and Samosa (2 pcs). Gulab Jamun (2 pcs) was cold when it arrived. Not worth the money.,2,2026-06-13T12:25:28.930309
REV-002951,ORD-20260606-333688,CUST-10182,REST-BLR-001,Good quality food. Rasmalai (2 pcs) and Butter Naan were nicely done. Rasmalai (2 pcs) could have been slightly spicier but still good!,4,2026-06-13T13:40:18.930309
REV-002987,ORD-20260608-857720,CUST-10030,REST-DEL-001,Incredible meal! Chicken Biryani  Vegetable Biryani  Fish Curry  and Fresh Lime Soda arrived hot and fresh. The Vegetable Biryani was absolutely divine. Highly satisfied!,5,2026-06-13T16:54:53.930309
REV-002996,ORD-20260608-238941,CUST-10226,REST-BLR-001,Unsatisfactory. Chicken Seekh Kebab and Butter Chicken were not fresh. Butter Chicken tasted reheated. Won't order again.,2,2026-06-13T20:42:07.930309
REV-002975,ORD-20260607-334555,CUST-10250,REST-MUM-001,Perfect in every way! Naan  Chicken Biryani  and Samosa (2 pcs) were all excellent. Chicken Biryani stood out with its rich  authentic taste.,5,2026-06-13T22:00:53.930309
REV-002977,ORD-20260608-800825,CUST-10030,REST-DEL-001,Great food overall. Garlic Naan  Samosa (2 pcs)  Paneer Tikka  Vegetable Biryani  and Chicken 65 were tasty  especially the Chicken 65. Would order again!,4,2026-06-14T10:40:27.930309
REV-002989,ORD-20260608-967118,CUST-10545,REST-MUM-002,Mixed feelings. Kulfi  Garlic Naan  Gajar Halwa  and Mango Lassi were acceptable. Mango Lassi was decent but portion was small for the price.,3,2026-06-14T18:32:28.930309
REV-002991,ORD-20260608-502633,CUST-10355,REST-MUM-002,Absolutely amazing Fresh Lime Soda  Gajar Halwa  and Butter Naan! The Butter Naan was cooked to perfection. Fresh ingredients and authentic flavors. Highly recommend!,5,2026-06-14T19:29:24.930309
REV-002994,ORD-20260608-840175,CUST-10977,REST-DEL-001,Exceptional quality! Ordered Samosa (2 pcs)  Jeera Rice  and Gajar Halwa and everything was delicious. The Samosa (2 pcs) melted in my mouth. Perfect!,5,2026-06-14T20:13:45.930309
REV-002999,ORD-20260608-936366,CUST-10036,REST-MUM-002,Poor experience. Gulab Jamun (2 pcs)  Malai Kofta  and Tandoori Roti were disappointing. Tandoori Roti was burnt on the edges. Very unhappy.,2,2026-06-14T21:48:07.930309
